grid_id,latitude,longitude,urban_usability_score,usability_class
1,28.557527023007218,76.83754016386048,45.86,Low Usability
2,28.56057498565982,76.83728537459311,40.01,Low Usability
3,28.56471979580073,76.83693888377059,39.8,Low Usability
4,28.569148486074955,76.83656864185615,36.24,Low Usability
5,28.573625986214395,76.83619429848319,41.94,Low Usability
6,28.578120619285933,76.83581850153257,40.62,Low Usability
7,28.582547454521258,76.83557367038772,38.87,Low Usability
8,28.586970516979306,76.83602515216408,43.6,Low Usability
9,28.590270012002218,76.83641357439319,37.89,Low Usability
10,28.556603883360573,76.84065400717036,35.51,Low Usability
11,28.559932249485563,76.8401745974961,38.43,Low Usability
12,28.564443189652607,76.84025308483398,46.83,Low Usability
13,28.56895412662201,76.84033159021791,40.14,Low Usability
14,28.573465060393417,76.84041011365113,42.68,Low Usability
15,28.57797599096651,76.84048865513694,41.88,Low Usability
16,28.582486918340894,76.8405672146786,45.28,Low Usability
17,28.58699784251624,76.84064579227935,41.34,Low Usability
18,28.59008705405317,76.84060529784965,38.91,Low Usability
19,28.552761416351796,76.84704844434061,36.28,Low Usability
20,28.555541102419717,76.84537230066005,36.76,Low Usability
21,28.55986286615621,76.84528391398791,41.19,Low Usability
22,28.564373793375058,76.84536261894789,42.47,Low Usability
23,28.568884717395196,76.84544134200391,38.73,Low Usability
24,28.573395638216276,76.84552008315922,41.87,Low Usability
25,28.577906555837952,76.84559884241713,47.5,Low Usability
26,28.58241747025984,76.84567761978091,46.24,Low Usability
27,28.58692838148161,76.84575641525383,36.87,Low Usability
28,28.589835358000656,76.84568606869016,36.05,Low Usability
29,28.551852634366938,76.85073204640355,37.61,Low Usability
30,28.555282373234594,76.85031430795095,38.8,Low Usability
31,28.55979329066884,76.85039321238698,41.44,Low Usability
32,28.564304204903653,76.85047213496574,38.78,Low Usability
33,28.56881511593869,76.85055107569055,37.27,Low Usability
34,28.57332602377359,76.85063003456472,36.09,Low Usability
35,28.57783692840799,76.85070901159145,42.75,Low Usability
36,28.582347829841538,76.85078800677408,45.34,Low Usability
37,28.58685872807387,76.85086702011588,40.05,Low Usability
38,28.589975707116647,76.85140813127883,36.83,Low Usability
39,28.54745908299347,76.85721121411737,36.07,Low Usability
40,28.550836388081912,76.8554707090145,37.12,Low Usability
41,28.555212618610515,76.85542337064169,42.27,Low Usability
42,28.559723523025973,76.85550249264327,43.41,Low Usability
43,28.564234424240926,76.85558163283757,39.77,Low Usability
44,28.568745322254994,76.85566079122792,36.76,Low Usability
45,28.573256217067854,76.8557399678176,38.65,Low Usability
46,28.577767108679133,76.85581916260989,42.64,Low Usability
47,28.582277997088468,76.85589837560808,38.22,Low Usability
48,28.586788882295522,76.85597760681549,39.84,Low Usability
49,28.591128811895484,76.85625313959142,37.15,Low Usability
50,28.59540576043114,76.85751423127503,36.09,Low Usability
51,28.598748623070456,76.85839472564767,38.55,Low Usability
52,28.539232894689057,76.86269216473278,46.33,Low Usability
53,28.54215303603065,76.86112171289585,36.63,Low Usability
54,28.546150385137686,76.86041324136632,38.64,Low Usability
55,28.550631777307228,76.86045309381862,38.29,Low Usability
56,28.555142671869287,76.860532415143,45.21,Low Usability
57,28.559653563230107,76.86061175470681,45.51,Low Usability
58,28.564164451389356,76.86069111251336,45.03,Low Usability
59,28.56867533634663,76.86077048856593,45.19,Low Usability
60,28.573186218101608,76.86084988286785,40.72,Low Usability
61,28.577697096653914,76.8609292954224,46.48,Low Usability
62,28.582207972003186,76.86100872623287,38.0,Low Usability
63,28.58671884414909,76.86108817530257,40.42,Low Usability
64,28.591229713091256,76.86116764263484,39.28,Low Usability
65,28.59574057882931,76.86124712823299,38.74,Low Usability
66,28.600156399186933,76.86146289837936,40.72,Low Usability
67,28.604455674115652,76.8624630688648,34.69,Low Usability
68,28.60817411768085,76.86344278906688,35.29,Low Usability
69,28.53787799745181,76.86608834326444,42.76,Low Usability
70,28.541539878989827,76.86540287975971,41.22,Low Usability
71,28.546050766866088,76.8654823820242,41.81,Low Usability
72,28.550561651540765,76.8655619025715,44.75,Low Usability
73,28.55507253301344,76.86564144140488,42.59,Low Usability
74,28.5595834112838,76.86572099852765,46.71,Low Usability
75,28.564094286351484,76.86580057394315,49.37,Low Usability
76,28.56860515821612,76.86588016765465,41.46,Low Usability
77,28.57311602687736,76.86595977966547,45.63,Low Usability
78,28.57762689233484,76.86603940997897,46.97,Low Usability
79,28.582137754588206,76.86611905859841,36.48,Low Usability
80,28.58664861363711,76.86619872552714,41.27,Low Usability
81,28.591159469481177,76.86627841076844,42.4,Low Usability
82,28.595670322120053,76.86635811432562,40.6,Low Usability
83,28.600181171553388,76.86643783620205,39.04,Low Usability
84,28.604692017780835,76.86651757640102,35.69,Low Usability
85,28.609183390399473,76.86662072856944,36.2,Low Usability
86,28.613468742647882,76.86740314136922,37.76,Low Usability
87,28.617574298674064,76.86848518574567,42.73,Low Usability
88,28.620596434533176,76.86928173687784,38.02,Low Usability
89,28.533499611886924,76.87136937926776,42.29,Low Usability
90,28.536965581640192,76.87043949566177,44.0,Low Usability
91,28.541469587394268,76.87051123536509,35.88,Low Usability
92,28.545980462147497,76.87059095503531,35.03,Low Usability
93,28.55049133369803,76.8706706930383,40.9,Low Usability
94,28.555002202045504,76.87075044937735,46.31,Low Usability
95,28.55951306718956,76.87083022405577,45.96,Low Usability
96,28.56402392912984,76.8709100170769,49.55,Low Usability
97,28.568534787865996,76.87098982844401,48.11,Low Usability
98,28.57304564339765,76.87106965816047,42.95,Low Usability
99,28.577556495724462,76.8711495062296,43.33,Low Usability
100,28.582067344846063,76.87122937265468,41.65,Low Usability
101,28.586578190762104,76.8713092574391,42.22,Low Usability
102,28.591089033472226,76.8713891605861,29.94,Low Usability
103,28.595599872976056,76.87146908209907,43.16,Low Usability
104,28.60011070927325,76.87154902198131,36.66,Low Usability
105,28.604621542363464,76.87162898023615,42.38,Low Usability
106,28.609132372246314,76.87170895686695,37.15,Low Usability
107,28.613643198921448,76.871788951877,42.18,Low Usability
108,28.618154022388527,76.87186896526964,43.68,Low Usability
109,28.622467853754806,76.87234722337209,41.99,Low Usability
110,28.626744105172225,76.87346784128104,37.66,Low Usability
111,28.63002140192835,76.87433190837389,34.97,Low Usability
112,28.51162645935841,76.8771851411739,36.94,Low Usability
113,28.514484500747173,76.87615112786513,39.24,Low Usability
114,28.518101179755817,76.87688283880745,39.26,Low Usability
115,28.5210979207489,76.87779562477589,45.0,Low Usability
116,28.528896158451577,76.87674680253158,41.19,Low Usability
117,28.532426657981127,76.87551589599774,40.65,Low Usability
118,28.536888238998827,76.8755396539477,45.51,Low Usability
119,28.541399103796632,76.87561957264103,41.59,Low Usability
120,28.545909965391008,76.87569950971368,28.3,Low Usability
121,28.550420823781582,76.87577946516906,38.33,Low Usability
122,28.55493167896801,76.87585943901047,37.54,Low Usability
123,28.559442530949926,76.87593943124122,36.75,Low Usability
124,28.56395337972698,76.87601944186464,36.59,Low Usability
125,28.568464225298793,76.87609947088406,46.17,Low Usability
126,28.572975067665023,76.8761795183028,46.09,Low Usability
127,28.577485906825313,76.87625958412426,46.32,Low Usability
128,28.581996742779292,76.87633966835165,38.14,Low Usability
129,28.586507575526618,76.8764197709884,35.88,Low Usability
130,28.591018405066936,76.87649989203781,36.17,Low Usability
131,28.595529231399862,76.87658003150322,44.39,Low Usability
132,28.600040054525053,76.87666018938795,36.84,Low Usability
133,28.604550874442165,76.87674036569537,43.48,Low Usability
134,28.609061691150817,76.87682056042878,43.8,Low Usability
135,28.613572504650662,76.87690077359153,43.84,Low Usability
136,28.618083314941337,76.87698100518699,46.03,Low Usability
137,28.622594122022498,76.87706125521848,41.23,Low Usability
138,28.627104925893782,76.87714152368933,38.06,Low Usability
139,28.631502976745548,76.87739059095603,39.17,Low Usability
140,28.635425266291005,76.87830163325549,35.37,Low Usability
141,28.510819432904643,76.88023050636657,36.49,Low Usability
142,28.51426327051879,76.88024735160593,38.28,Low Usability
143,28.518774138140284,76.88032739555176,39.19,Low Usability
144,28.52319593509444,76.88082079009125,36.15,Low Usability
145,28.527808514836938,76.88050281615665,40.96,Low Usability
146,28.53230672178689,76.8805676378786,39.22,Low Usability
147,28.536817576595272,76.88064775549508,45.88,Low Usability
148,28.541328428199485,76.88072789153756,46.13,Low Usability
149,28.545839276599168,76.88080804600934,38.08,Low Usability
150,28.550350121793965,76.88088821891378,35.42,Low Usability
151,28.5548609637835,76.88096841025423,37.6,Low Usability
152,28.559371802567444,76.88104862003398,38.48,Low Usability
153,28.563882638145408,76.88112884825635,45.27,Low Usability
154,28.56839347051706,76.88120909492476,40.63,Low Usability
155,28.572904299682016,76.88128936004249,37.09,Low Usability
156,28.577415125639938,76.88136964361289,46.83,Low Usability
157,28.58192594839045,76.8814499456393,46.41,Low Usability
158,28.5864367679332,76.88153026612507,45.55,Low Usability
159,28.59094758426785,76.88161060507355,38.25,Low Usability
160,28.59545839739402,76.88169096248805,41.1,Low Usability
161,28.59996920731134,76.88177133837193,36.75,Low Usability
162,28.604480014019483,76.88185173272856,34.97,Low Usability
163,28.608990817518062,76.88193214556127,37.24,Low Usability
164,28.613501617806747,76.88201257687338,45.76,Low Usability
165,28.61801241488516,76.8820930266683,48.62,Low Usability
166,28.622523208752945,76.88217349494933,45.14,Low Usability
167,28.627033999409754,76.88225398171986,37.01,Low Usability
168,28.631544786855223,76.88233448698321,38.1,Low Usability
169,28.635054790631912,76.88213833949867,36.51,Low Usability
170,28.51127113791387,76.8846536135194,35.34,Low Usability
171,28.51419248228471,76.88535434874703,35.58,Low Usability
172,28.518703336682275,76.88543460978912,38.12,Low Usability
173,28.52321418787599,76.88551488929377,39.82,Low Usability
174,28.527725035865526,76.88559518726433,38.96,Low Usability
175,28.532235880650504,76.88567550370412,40.4,Low Usability
176,28.53674672223058,76.88575583861649,47.53,Low Usability
177,28.54125756060537,76.8858361920048,42.72,Low Usability
178,28.54576839577454,76.88591656387236,39.59,Low Usability
179,28.550279227737718,76.88599695422253,36.39,Low Usability
180,28.554790056494532,76.88607736305865,38.13,Low Usability
181,28.55930088204465,76.88615779038406,38.22,Low Usability
182,28.56381170438771,76.88623823620209,45.31,Low Usability
183,28.56832252352334,76.88631870051613,40.03,Low Usability
184,28.57283333945118,76.88639918332949,35.57,Low Usability
185,28.577344152170877,76.88647968464554,35.79,Low Usability
186,28.58185496168208,76.8865602044676,37.11,Low Usability
187,28.586365767984404,76.88664074279903,45.08,Low Usability
188,28.590876571077526,76.88672129964321,45.33,Low Usability
189,28.595387370961067,76.88680187500347,45.44,Low Usability
190,28.599898167634667,76.88688246888319,35.6,Low Usability
191,28.604408961097977,76.88696308128566,35.99,Low Usability
192,28.608919751350626,76.88704371221432,36.76,Low Usability
193,28.613430538392272,76.88712436167246,35.19,Low Usability
194,28.617941322222553,76.88720502966348,39.0,Low Usability
195,28.62245210284108,76.88728571619072,42.57,Low Usability
196,28.62696288024754,76.88736642125754,35.51,Low Usability
197,28.631473654441557,76.88744714486731,39.36,Low Usability
198,28.634309856140458,76.88683896531953,37.31,Low Usability
199,28.511886803639612,76.88789010914734,45.0,Low Usability
200,28.514769842232685,76.889999205044,38.05,Low Usability
201,28.518632343408925,76.89054180556388,40.06,Low Usability
202,28.52314318134182,76.89062230221134,39.84,Low Usability
203,28.527654016069413,76.89070281737462,38.14,Low Usability
204,28.53216484759135,76.89078335105705,45.83,Low Usability
205,28.536675675907276,76.89086390326197,46.45,Low Usability
206,28.541186501016824,76.89094447399277,41.8,Low Usability
207,28.545697322919654,76.89102506325277,36.08,Low Usability
208,28.550208141615393,76.89110567104532,35.64,Low Usability
209,28.554718957103663,76.89118629737378,37.93,Low Usability
210,28.559229769384135,76.89126694224151,38.4,Low Usability
211,28.56374057845643,76.89134760565186,42.72,Low Usability
212,28.5682513843202,76.89142828760819,42.46,Low Usability
213,28.572762186975076,76.89150898811381,35.75,Low Usability
214,28.577272986420716,76.89158970717213,35.42,Low Usability
215,28.581783782656753,76.89167044478651,36.93,Low Usability
216,28.586294575682807,76.89175120096026,38.11,Low Usability
217,28.59080536549854,76.89183197569679,37.35,Low Usability
218,28.595316152103596,76.89191276899948,45.56,Low Usability
219,28.59982693549761,76.89199358087161,43.96,Low Usability
220,28.60433771568022,76.89207441131663,37.07,Low Usability
221,28.608848492651067,76.89215526033787,44.79,Low Usability
222,28.613359266409788,76.89223612793867,40.7,Low Usability
223,28.617870036956052,76.89231701412244,43.37,Low Usability
224,28.62238080428947,76.89239791889251,44.9,Low Usability
225,28.626891568409693,76.89247884225229,43.77,Low Usability
226,28.631179310367145,76.89244079681372,36.75,Low Usability
227,28.633762027233193,76.89029529393963,46.27,Low Usability
228,28.515899524150313,76.89372535018065,36.91,Low Usability
229,28.518795710565335,76.89544973933948,37.37,Low Usability
230,28.523071982959063,76.89572969661313,39.79,Low Usability
231,28.527582804388892,76.89581042896576,40.11,Low Usability
232,28.532093622611967,76.89589117988746,47.16,Low Usability
233,28.536604437627954,76.8959719493816,37.91,Low Usability
234,28.54111524943644,76.89605273745156,37.95,Low Usability
235,28.545626058037097,76.89613354410062,37.43,Low Usability
236,28.550136863429557,76.89621436933221,40.27,Low Usability
237,28.554647665613455,76.89629521314968,40.84,Low Usability
238,28.559158464588428,76.89637607555636,39.61,Low Usability
239,28.563669260354143,76.89645695655565,42.68,Low Usability
240,28.56818005291021,76.89653785615089,42.66,Low Usability
241,28.572690842256282,76.89661877434546,42.45,Low Usability
242,28.577201628392004,76.89669971114269,34.85,Low Usability
243,28.581712411317017,76.89678066654601,37.81,Low Usability
244,28.586223191030946,76.89686164055874,39.1,Low Usability
245,28.590733967533453,76.8969426331843,35.86,Low Usability
246,28.595244740824153,76.89702364442597,45.11,Low Usability
247,28.599755510902718,76.89710467428722,43.88,Low Usability
248,28.60426627776877,76.89718572277138,35.74,Low Usability
249,28.60877704142195,76.89726678988183,37.27,Low Usability
250,28.613287801861894,76.89734787562193,42.35,Low Usability
251,28.61779855908825,76.89742897999507,40.79,Low Usability
252,28.62230931310068,76.89751010300463,35.57,Low Usability
253,28.62682006389879,76.89759124465401,46.18,Low Usability
254,28.631137019527003,76.8977936547219,37.4,Low Usability
255,28.6340697946959,76.89962928660088,36.42,Low Usability
256,28.518827402195157,76.90090447859828,41.41,Low Usability
257,28.52300059273028,76.90083707244918,45.57,Low Usability
258,28.527511400826555,76.90091802198783,42.73,Low Usability
259,28.53202220571497,76.90099899014547,48.35,Low Usability
260,28.536533007395157,76.90107997692546,42.62,Low Usability
261,28.54104380586676,76.90116098233118,40.33,Low Usability
262,28.54555460112942,76.90124200636599,39.08,Low Usability
263,28.550065393182777,76.90132304903325,44.39,Low Usability
264,28.554576182026462,76.90140411033632,44.78,Low Usability
265,28.559086967660125,76.90148519027862,39.91,Low Usability
266,28.56359775008341,76.90156628886348,44.9,Low Usability
267,28.56810852929594,76.90164740609428,41.47,Low Usability
268,28.57261930529737,76.90172854197442,44.48,Low Usability
269,28.577130078087333,76.90180969650721,36.16,Low Usability
270,28.581640847665476,76.90189086969612,41.85,Low Usability
271,28.58615161403142,76.90197206154444,41.52,Low Usability
272,28.590662377184834,76.9020532720556,36.93,Low Usability
273,28.59517313712534,76.90213450123295,37.79,Low Usability
274,28.59968389385259,76.90221574907989,43.72,Low Usability
275,28.60419464736621,76.90229701559983,36.69,Low Usability
276,28.60870539766585,76.9023783007961,35.78,Low Usability
277,28.613216144751142,76.90245960467213,39.52,Low Usability
278,28.617726888621753,76.90254092723129,34.82,Low Usability
279,28.622237629277283,76.90262226847695,36.35,Low Usability
280,28.62674836671741,76.90270362841251,45.15,Low Usability
281,28.631259100941765,76.90278500704135,44.35,Low Usability
282,28.635331393088418,76.90326494320314,36.08,Low Usability
283,28.51575311842057,76.90677428407382,37.21,Low Usability
284,28.518419446343877,76.90586467807707,40.58,Low Usability
285,28.522929010658054,76.90594442966959,46.29,Low Usability
286,28.527439805384965,76.90602559639089,46.91,Low Usability
287,28.531950596902895,76.90610678178109,46.94,Low Usability
288,28.536461385211478,76.90618798584356,40.72,Low Usability
289,28.540972170310372,76.9062692085817,38.26,Low Usability
290,28.54548295219922,76.90635044999888,39.7,Low Usability
291,28.54999373087765,76.90643171009845,40.79,Low Usability
292,28.55450450634528,76.90651298888378,40.87,Low Usability
293,28.559015278601798,76.9065942863583,40.52,Low Usability
294,28.563526047646814,76.90667560252537,46.48,Low Usability
295,28.568036813479964,76.90675693738835,44.46,Low Usability
296,28.572547576100902,76.90683829095066,48.01,Low Usability
297,28.577058335509257,76.90691966321565,40.55,Low Usability
298,28.58156909170468,76.90700105418672,43.93,Low Usability
299,28.586079844686807,76.90708246386725,37.56,Low Usability
300,28.59059059445527,76.90716389226068,36.99,Low Usability
301,28.595101341009723,76.90724533937032,42.57,Low Usability
302,28.599612084349786,76.90732680519963,44.15,Low Usability
303,28.60412282447512,76.90740828975194,35.0,Low Usability
304,28.608633561385354,76.90748979303069,35.65,Low Usability
305,28.613144295080133,76.90757131503923,36.25,Low Usability
306,28.617655025559102,76.907652855781,34.19,Low Usability
307,28.62216575282189,76.90773441525936,36.07,Low Usability
308,28.626676476868152,76.90781599347773,38.85,Low Usability
309,28.631187197697518,76.9078975904395,45.31,Low Usability
310,28.635637113842176,76.90797450864956,41.95,Low Usability
311,28.51568645329358,76.90967359695519,37.32,Low Usability
312,28.518368677572802,76.91094859867101,38.75,Low Usability
313,28.52285723674499,76.91105176822451,38.5,Low Usability
314,28.527368018066703,76.91113315212509,44.31,Low Usability
315,28.53187879617833,76.91121455474446,36.87,Low Usability
316,28.536389571079507,76.91129597608604,42.0,Low Usability
317,28.540900342769874,76.91137741615323,41.43,Low Usability
318,28.545411111249066,76.91145887494937,40.63,Low Usability
319,28.549921876516727,76.91154035247786,42.66,Low Usability
320,28.554432638572514,76.91162184874209,41.44,Low Usability
321,28.558943397416034,76.91170336374545,35.78,Low Usability
322,28.563454153046948,76.91178489749132,42.54,Low Usability
323,28.56796490546488,76.9118664499831,43.94,Low Usability
324,28.572475654669482,76.9119480212242,40.76,Low Usability
325,28.576986400660395,76.91202961121802,41.18,Low Usability
326,28.581497143437247,76.91211121996788,40.42,Low Usability
327,28.586007882999684,76.91219284747726,38.76,Low Usability
328,28.590518619347357,76.91227449374952,39.13,Low Usability
329,28.595029352479884,76.91235615878807,49.3,Low Usability
330,28.599540082396913,76.91243784259632,43.29,Low Usability
331,28.604050809098105,76.91251954517763,36.62,Low Usability
332,28.608561532583067,76.91260126653542,37.61,Low Usability
333,28.613072252851456,76.91268300667312,35.64,Low Usability
334,28.617582969902905,76.91276476559408,34.15,Low Usability
335,28.622093683737067,76.91284654330178,35.53,Low Usability
336,28.626604394353585,76.91292833979956,38.77,Low Usability
337,28.63111510175209,76.91301015509086,42.27,Low Usability
338,28.634829299311235,76.91251191356974,47.33,Low Usability
339,28.518854088401852,76.91587254344489,41.75,Low Usability
340,28.522785270993648,76.91615908806399,44.89,Low Usability
341,28.527296038874358,76.91624068914044,44.94,Low Usability
342,28.53180680354387,76.91632230898564,40.76,Low Usability
343,28.53631756500181,76.91640394760296,40.22,Low Usability
344,28.540828323247826,76.91648560499578,40.73,Low Usability
345,28.54533907828156,76.9165672811675,29.99,Low Usability
346,28.549849830102644,76.91664897612152,36.65,Low Usability
347,28.554360578710718,76.91673068986124,40.45,Low Usability
348,28.55887132410542,76.91681242239005,38.85,Low Usability
349,28.56338206628639,76.91689417371136,42.9,Low Usability
350,28.567892805253262,76.91697594382856,39.15,Low Usability
351,28.5724035410057,76.91705773274506,35.69,Low Usability
352,28.57691427354332,76.91713954046428,37.27,Low Usability
353,28.581425002865753,76.91722136698957,40.13,Low Usability
354,28.58593572897266,76.91730321232436,36.82,Low Usability
355,28.59044645186368,76.9173850764721,32.29,Low Usability
356,28.59495717153843,76.91746695943614,47.89,Low Usability
357,28.59946788799658,76.91754886121991,43.1,Low Usability
358,28.603978601237745,76.91763078182682,37.16,Low Usability
359,28.608489311261575,76.91771272126029,38.35,Low Usability
360,28.613000018067723,76.9177946795237,36.26,Low Usability
361,28.617510721655798,76.91787665662049,36.92,Low Usability
362,28.622021422025444,76.91795865255408,44.63,Low Usability
363,28.626532119176336,76.91804066732789,42.61,Low Usability
364,28.630675957235628,76.91777981732238,38.23,Low Usability
365,28.633611967925766,76.91604452844108,36.64,Low Usability
366,28.651029494558063,76.92075527609252,35.34,Low Usability
367,28.65392707590538,76.91969694320444,37.39,Low Usability
368,28.657933630744854,76.91957047506797,37.56,Low Usability
369,28.66198797701527,76.9204772717777,40.84,Low Usability
370,28.66502141867422,76.92121649052756,37.07,Low Usability
371,28.51957127782153,76.92087108172959,44.87,Low Usability
372,28.522713113406624,76.92126638913811,43.78,Low Usability
373,28.52722386781053,76.9213482073871,41.59,Low Usability
374,28.531734619002098,76.9214300444547,44.53,Low Usability
375,28.536245366981,76.92151190034436,47.87,Low Usability
376,28.54075611174684,76.92159377505942,47.07,Low Usability
377,28.545266853299292,76.92167566860334,36.53,Low Usability
378,28.54977759163796,76.9217575809795,37.07,Low Usability
379,28.5542883267625,76.92183951219131,36.02,Low Usability
380,28.558799058672548,76.92192146224217,37.06,Low Usability
381,28.563309787367746,76.92200343113551,41.88,Low Usability
382,28.56782051284774,76.92208541887474,39.12,Low Usability
383,28.572331235112156,76.92216742546321,40.23,Low Usability
384,28.57684195416062,76.92224945090443,40.58,Low Usability
385,28.58135266999281,76.92233149520173,41.56,Low Usability
386,28.58586338260835,76.92241355835856,39.41,Low Usability
387,28.590374092006844,76.92249564037833,42.27,Low Usability
388,28.594884798187977,76.92257774126446,35.02,Low Usability
389,28.599395501151363,76.92265986102038,44.15,Low Usability
390,28.603906200896667,76.92274199964947,44.5,Low Usability
391,28.608416897423492,76.92282415715518,37.43,Low Usability
392,28.61292759073151,76.92290633354092,35.35,Low Usability
393,28.61743828082034,76.92298852881012,36.49,Low Usability
394,28.62194896768962,76.92307074296619,38.76,Low Usability
395,28.626459639849585,76.92315297228495,39.5,Low Usability
396,28.629329680975033,76.92212425393237,40.28,Low Usability
397,28.64630190084796,76.92563236791969,37.65,Low Usability
398,28.64945136420425,76.92413180024859,37.75,Low Usability
399,28.653523685597225,76.92364677117907,35.02,Low Usability
400,28.658034346697217,76.92372913655353,38.52,Low Usability
401,28.662545004574426,76.9238115208457,45.07,Low Usability
402,28.66688130311073,76.9242451981365,46.3,Low Usability
403,28.670168719584165,76.92542868024964,42.53,Low Usability
404,28.51933888065302,76.92657703959412,38.23,Low Usability
405,28.522640763986537,76.92637367139703,39.25,Low Usability
406,28.52715150487781,76.92645570681512,36.66,Low Usability
407,28.531662242555644,76.92653776110173,42.86,Low Usability
408,28.53617297701966,76.9266198342603,44.35,Low Usability
409,28.540683708269523,76.92670192629423,46.98,Low Usability
410,28.545194436304854,76.92678403720693,45.97,Low Usability
411,28.549705161125292,76.92686616700182,39.23,Low Usability
412,28.554215882730475,76.92694831568231,37.54,Low Usability
413,28.558726601120032,76.92703048325184,38.8,Low Usability
414,28.563237316293634,76.92711266971378,46.56,Low Usability
415,28.567748028250897,76.92719487507159,42.41,Low Usability
416,28.572258736991454,76.92727709932868,40.52,Low Usability
417,28.576769442514944,76.92735934248846,37.53,Low Usability
418,28.581280144821026,76.92744160455436,37.19,Low Usability
419,28.58579084390932,76.92752388552981,39.88,Low Usability
420,28.590301539779475,76.92760618541823,40.64,Low Usability
421,28.594812232431114,76.92768850422301,38.96,Low Usability
422,28.599322921863894,76.92777084194763,37.75,Low Usability
423,28.603833608077455,76.92785319859553,45.65,Low Usability
424,28.60834429107143,76.92793557417004,37.42,Low Usability
425,28.612854970845444,76.9280179686747,40.56,Low Usability
426,28.617365647399172,76.92810038211287,40.53,Low Usability
427,28.62187632073221,76.928182814488,46.6,Low Usability
428,28.626386990844214,76.92826526580355,42.93,Low Usability
429,28.63042111601541,76.92903540721746,39.83,Low Usability
430,28.63357868573192,76.93053851556348,40.91,Low Usability
431,28.641574148943363,76.93050902381691,36.2,Low Usability
432,28.644783340626432,76.9290430559554,43.68,Low Usability
433,28.6489402930762,76.92867780660748,39.15,Low Usability
434,28.653450943854462,76.9287603716376,36.66,Low Usability
435,28.657961591409183,76.92884295563213,38.23,Low Usability
436,28.662472235739962,76.92892555859459,36.89,Low Usability
437,28.666982876846497,76.92900818052841,46.65,Low Usability
438,28.671322575971615,76.92927246548987,43.64,Low Usability
439,28.674071539809226,76.93052480284118,37.7,Low Usability
440,28.518654818641323,76.93157230640156,41.59,Low Usability
441,28.52256822273596,76.93148093479081,40.15,Low Usability
442,28.52707895007881,76.93156318737458,44.75,Low Usability
443,28.531589674207087,76.9316454588768,45.97,Low Usability
444,28.53610039512044,76.93172774930088,43.52,Low Usability
445,28.540611112818475,76.93181005865023,37.51,Low Usability
446,28.545121827300868,76.93189238692833,46.12,Low Usability
447,28.549632538567256,76.93197473413852,46.45,Low Usability
448,28.55414324661725,76.9320571002843,45.02,Low Usability
449,28.558653951450513,76.93213948536905,37.78,Low Usability
450,28.563164653066664,76.9322218893962,44.8,Low Usability
451,28.56767535146535,76.9323043123692,47.4,Low Usability
452,28.57218604664622,76.93238675429144,49.15,Low Usability
453,28.57669673860889,76.9324692151664,38.78,Low Usability
454,28.581207427353014,76.93255169499747,39.33,Low Usability
455,28.58571811287823,76.93263419378809,38.99,Low Usability
456,28.590228795184174,76.93271671154172,39.17,Low Usability
457,28.594739474270487,76.93279924826173,40.68,Low Usability
458,28.599250150136804,76.93288180395166,40.07,Low Usability
459,28.603760822782757,76.93296437861487,48.82,Low Usability
460,28.608271492207997,76.9330469722548,36.48,Low Usability
461,28.61278215841217,76.93312958487489,40.04,Low Usability
462,28.6172928213949,76.93321221647864,43.46,Low Usability
463,28.621803481155816,76.9332948670694,43.01,Low Usability
464,28.626314137694575,76.93337753665068,42.45,Low Usability
465,28.63082479101082,76.93346022522589,44.73,Low Usability
466,28.63503769236825,76.93392542363257,42.14,Low Usability
467,28.640121755466208,76.93396861359064,41.65,Low Usability
468,28.64435673162079,76.93370840494961,46.84,Low Usability
469,28.64886737204333,76.93379116953504,47.54,Low Usability
470,28.653378009241543,76.93387395313162,40.72,Low Usability
471,28.657888643215088,76.93395675574287,40.21,Low Usability
472,28.66239927396357,76.93403957737215,37.56,Low Usability
473,28.666909901486648,76.93412241802298,45.34,Low Usability
474,28.671420525783947,76.93420527769878,44.21,Low Usability
475,28.674164898152434,76.93440967716457,39.67,Low Usability
476,28.75964569597644,76.93832684878558,48.28,Low Usability
477,28.80324565035297,76.93849971085594,42.11,Low Usability
478,28.80674770933372,76.938351932775,41.04,Low Usability
479,28.81058874731955,76.93866605647922,36.17,Low Usability
480,28.813604914532576,76.93933270538642,46.34,Low Usability
481,28.515493120077128,76.93814736510306,38.82,Low Usability
482,28.518054792046883,76.93656638089297,40.86,Low Usability
483,28.522495489657537,76.93658817926956,41.71,Low Usability
484,28.527006203416146,76.93667064901561,42.3,Low Usability
485,28.53151691395906,76.93675313773001,42.91,Low Usability
486,28.536027621285896,76.93683564541618,43.56,Low Usability
487,28.54053832539632,76.93691817207757,38.78,Low Usability
488,28.545049026289956,76.93700071771758,41.73,Low Usability
489,28.549559723966464,76.9370832823397,38.25,Low Usability
490,28.554070418425454,76.9371658659473,47.38,Low Usability
491,28.55858110966655,76.93724846854384,47.18,Low Usability
492,28.563091797689438,76.93733109013279,45.87,Low Usability
493,28.56760248249372,76.93741373071751,48.4,Low Usability
494,28.572113164079063,76.9374963903015,46.78,Low Usability
495,28.57662384244507,76.9375790688882,44.36,Low Usability
496,28.58113451759141,76.93766176648101,45.56,Low Usability
497,28.585645189517685,76.9377444830834,41.03,Low Usability
498,28.590155858223586,76.9378272186988,37.21,Low Usability
499,28.5946665237087,76.93790997333063,43.76,Low Usability
500,28.599177185972692,76.93799274698242,42.9,Low Usability
501,28.60368784501519,76.9380755396575,47.56,Low Usability
502,28.608198500835844,76.93815835135936,48.1,Low Usability
503,28.612709153434285,76.93824118209153,41.55,Low Usability
504,28.61721980281015,76.93832403185736,40.35,Low Usability
505,28.62173044896309,76.93840690066031,37.63,Low Usability
506,28.626241091892712,76.93848978850389,40.59,Low Usability
507,28.63075173159871,76.93857269539149,43.8,Low Usability
508,28.635262368080674,76.93865562132657,42.62,Low Usability
509,28.63977300133826,76.93873856631262,39.23,Low Usability
510,28.644283631371085,76.93882153035308,42.32,Low Usability
511,28.648794258178828,76.9389045134514,49.07,Low Usability
512,28.653304881761116,76.93898751561107,45.03,Low Usability
513,28.65781550211757,76.93907053683549,41.09,Low Usability
514,28.662326119247844,76.93915357712817,42.91,Low Usability
515,28.666836733151563,76.93923663649254,44.93,Low Usability
516,28.671347343828394,76.9393197149321,58.12,Moderate Usability
517,28.674266412687874,76.93948661005301,42.12,Low Usability
518,28.717352985265094,76.94220891487177,35.4,Low Usability
519,28.719139364166182,76.9425463534385,34.37,Low Usability
520,28.75452414071529,76.94318672325483,37.63,Low Usability
521,28.75760865546175,76.94175834432555,39.76,Low Usability
522,28.761336000821576,76.94139940729391,38.88,Low Usability
523,28.76547562539776,76.94262658008611,38.61,Low Usability
524,28.768527336493197,76.943541448614,37.7,Low Usability
525,28.780948247578745,76.94372841373082,37.16,Low Usability
526,28.784430001387815,76.9434419742749,38.71,Low Usability
527,28.788575420793467,76.94324898914591,39.99,Low Usability
528,28.792992631363372,76.94349617094095,36.59,Low Usability
529,28.79804575559237,76.9426715367917,37.57,Low Usability
530,28.802186879166342,76.94177918292755,42.39,Low Usability
531,28.806664161835943,76.94182095529165,42.49,Low Usability
532,28.811174672300147,76.94190462678502,40.48,Low Usability
533,28.815526637425442,76.9423321624162,46.81,Low Usability
534,28.819000413187347,76.94300358984368,46.14,Low Usability
535,28.514967836304468,76.9419806108911,38.55,Low Usability
536,28.517911861398865,76.94161273689333,41.62,Low Usability
537,28.52242256475389,76.9416954047834,38.78,Low Usability
538,28.526933264892445,76.94177809168829,40.64,Low Usability
539,28.53144396181417,76.94186079761143,41.33,Low Usability
540,28.535954655518708,76.94194352255629,39.79,Low Usability
541,28.540465346005686,76.94202626652624,37.13,Low Usability
542,28.54497603327476,76.9421090295248,41.1,Low Usability
543,28.549486717325543,76.94219181155535,39.23,Low Usability
544,28.553997398157694,76.94227461262136,43.82,Low Usability
545,28.55850807577084,76.94235743272627,45.74,Low Usability
546,28.56301875016461,76.94244027187355,49.65,Low Usability
547,28.56752942133865,76.94252313006659,50.91,Moderate Usability
548,28.572040089292607,76.94260600730888,40.2,Low Usability
549,28.576550754026126,76.94268890360387,40.3,Low Usability
550,28.58106141553882,76.94277181895498,47.49,Low Usability
551,28.585572073830328,76.94285475336568,38.77,Low Usability
552,28.59008272890031,76.9429377068394,36.64,Low Usability
553,28.594593380748385,76.94302067937961,37.71,Low Usability
554,28.599104029374196,76.94310367098977,37.53,Low Usability
555,28.60361467477738,76.94318668167334,43.44,Low Usability
556,28.608125316957587,76.94326971143374,47.03,Low Usability
557,28.612635955914442,76.94335276027445,43.77,Low Usability
558,28.617146591647593,76.94343582819893,40.88,Low Usability
559,28.621657224156653,76.94351891521065,37.15,Low Usability
560,28.62616785344129,76.94360202131303,43.89,Low Usability
561,28.630678479501142,76.94368514650957,41.9,Low Usability
562,28.635189102335833,76.94376829080372,38.07,Low Usability
563,28.639699721945,76.94385145419895,37.68,Low Usability
564,28.64421033832829,76.9439346366987,40.61,Low Usability
565,28.64872095148534,76.94401783830648,42.74,Low Usability
566,28.653231561415787,76.94410105902571,45.44,Low Usability
567,28.657742168119288,76.94418429885991,48.26,Low Usability
568,28.662252771595444,76.94426755781248,44.62,Low Usability
569,28.666763371843924,76.94435083588695,43.41,Low Usability
570,28.67127396886436,76.94443413308677,61.37,Moderate Usability
571,28.674835808748973,76.94489875669005,58.73,Moderate Usability
572,28.681041344059505,76.94683948380381,40.47,Low Usability
573,28.684079319239032,76.94677167130311,42.78,Low Usability
574,28.713203220738905,76.94670201903534,40.23,Low Usability
575,28.716501590840164,76.94540893661106,38.62,Low Usability
576,28.72075662271812,76.94557243877782,39.22,Low Usability
577,28.725088891706285,76.9465983358811,41.14,Low Usability
578,28.728789835069243,76.94752182494136,39.83,Low Usability
579,28.74968736799881,76.94796835840204,35.13,Low Usability
580,28.752886801604124,76.94652525294438,36.3,Low Usability
581,28.756974698444367,76.94602041832579,38.36,Low Usability
582,28.761485230828182,76.94610409876344,38.24,Low Usability
583,28.76599575997639,76.94618779839963,42.49,Low Usability
584,28.7702908537758,76.94666003789796,37.69,Low Usability
585,28.77521363980446,76.9473145656018,37.84,Low Usability
586,28.77957599920698,76.94650556942396,38.13,Low Usability
587,28.784037844205915,76.94652278899947,39.84,Low Usability
588,28.788548357170658,76.94660658468074,40.72,Low Usability
589,28.793058866897642,76.94669039958151,39.8,Low Usability
590,28.797569373386487,76.94677423370528,36.95,Low Usability
591,28.80207987663686,76.94685808705559,38.3,Low Usability
592,28.80659037664839,76.94694195963594,37.22,Low Usability
593,28.811100873420713,76.94702585144982,36.47,Low Usability
594,28.81560573075131,76.9471068061049,40.81,Low Usability
595,28.8183974816612,76.94592230702214,47.43,Low Usability
596,28.514860314716447,76.94541608414366,39.8,Low Usability
597,28.517883318323484,76.94667377616192,38.94,Low Usability
598,28.522349448027636,76.94680261128242,40.0,Low Usability
599,28.526860134510343,76.94688551534273,39.68,Low Usability
600,28.53137081777507,76.94696843847119,39.05,Low Usability
601,28.535881497821485,76.94705138067124,37.02,Low Usability
602,28.5403921746492,76.94713434194635,41.7,Low Usability
603,28.544902848257873,76.94721732229998,41.77,Low Usability
604,28.54941351864714,76.94730032173555,39.11,Low Usability
605,28.553924185816616,76.94738334025652,38.58,Low Usability
606,28.558434849765955,76.94746637786636,35.89,Low Usability
607,28.562945510494796,76.94754943456851,38.28,Low Usability
608,28.567456168002767,76.94763251036646,47.8,Low Usability
609,28.57196682228952,76.9477156052636,46.84,Low Usability
610,28.576477473354686,76.94779871926342,44.31,Low Usability
611,28.580988121197898,76.94788185236938,45.32,Low Usability
612,28.58549876581879,76.94796500458493,39.86,Low Usability
613,28.590009407217003,76.94804817591354,36.38,Low Usability
614,28.594520045392187,76.94813136635865,37.34,Low Usability
615,28.59903068034395,76.94821457592374,35.36,Low Usability
616,28.603541312071982,76.94829780461231,42.91,Low Usability
617,28.60805194057586,76.94838105242776,46.39,Low Usability
618,28.612562565855267,76.94846431937361,41.98,Low Usability
619,28.617073187909824,76.94854760545327,38.8,Low Usability
620,28.62158380673916,76.94863091067027,41.78,Low Usability
621,28.62609442234293,76.94871423502804,44.98,Low Usability
622,28.630605034720755,76.94879757853005,39.42,Low Usability
623,28.635115643872304,76.9488809411798,41.25,Low Usability
624,28.639626249797182,76.94896432298073,39.64,Low Usability
625,28.64413685249503,76.94904772393633,43.94,Low Usability
626,28.6486474519655,76.94913114405006,42.98,Low Usability
627,28.65315804820823,76.94921458332543,46.18,Low Usability
628,28.657668641222863,76.94929804176589,47.42,Low Usability
629,28.66217923100901,76.94938151937492,48.8,Low Usability
630,28.666689817566347,76.94946501615601,45.63,Low Usability
631,28.6712004008945,76.94954853211266,45.31,Low Usability
632,28.675703699224393,76.949642304209,39.71,Low Usability
633,28.680221625142142,76.94971570104607,43.0,Low Usability
634,28.68473184092984,76.94979951837368,43.73,Low Usability
635,28.68909503422037,76.9502803777289,46.11,Low Usability
636,28.6934272870745,76.95117378550947,44.17,Low Usability
637,28.696677342506653,76.95213724325276,41.05,Low Usability
638,28.708681727544295,76.95181157503646,38.19,Low Usability
639,28.71194490944168,76.95047329351326,38.83,Low Usability
640,28.716306056491124,76.95038474709993,36.72,Low Usability
641,28.720816604274354,76.95046847421752,42.77,Low Usability
642,28.725327148824068,76.95055222055245,40.17,Low Usability
643,28.729817170114885,76.95066089816845,40.4,Low Usability
644,28.73412241710543,76.9514201930412,37.72,Low Usability
645,28.739007354253776,76.95165289270206,34.45,Low Usability
646,28.743279379045347,76.9515175869674,36.95,Low Usability
647,28.748097830405193,76.95132833382229,36.25,Low Usability
648,28.752390348198304,76.95105510232334,34.93,Low Usability
649,28.756900870103305,76.951138983278,37.42,Low Usability
650,28.761411388771883,76.95122288347807,38.35,Low Usability
651,28.76592190420372,76.95130680292702,41.09,Low Usability
652,28.770432416398428,76.95139074162837,39.49,Low Usability
653,28.774942925355653,76.95147469958562,39.85,Low Usability
654,28.77945343107504,76.95155867680229,38.84,Low Usability
655,28.78396393355622,76.9516426732819,37.51,Low Usability
656,28.788474432798836,76.95172668902794,36.95,Low Usability
657,28.792984928802536,76.95181072404391,40.34,Low Usability
658,28.797495421566957,76.95189477833338,43.55,Low Usability
659,28.80200591109174,76.95197885189978,42.02,Low Usability
660,28.806516397376527,76.95206294474669,40.27,Low Usability
661,28.811026880420947,76.95214705687759,37.58,Low Usability
662,28.815537360224653,76.95223118829604,36.09,Low Usability
663,28.818454036835494,76.95289370593359,35.76,Low Usability
664,28.51875344011526,76.95124147332297,36.89,Low Usability
665,28.522276139481416,76.95190979871671,42.18,Low Usability
666,28.52678681227245,76.95199291992898,45.35,Low Usability
667,28.531297481844383,76.9520760602593,44.91,Low Usability
668,28.535808148196853,76.95215921971115,37.39,Low Usability
669,28.540318811329502,76.95224239828795,41.75,Low Usability
670,28.544829471241957,76.95232559599319,37.62,Low Usability
671,28.54934012793387,76.95240881283036,38.42,Low Usability
672,28.55385078140485,76.95249204880285,35.27,Low Usability
673,28.55836143165457,76.95257530391416,36.43,Low Usability
674,28.562872078682645,76.95265857816774,39.07,Low Usability
675,28.567382722488716,76.95274187156707,38.64,Low Usability
676,28.571893363072416,76.9528251841156,49.52,Low Usability
677,28.576404000433392,76.95290851581682,48.64,Low Usability
678,28.580914634571286,76.95299186667417,43.84,Low Usability
679,28.58542526548571,76.95307523669112,35.85,Low Usability
680,28.58993589317632,76.95315862587114,36.54,Low Usability
681,28.59444651764276,76.95324203421774,36.09,Low Usability
682,28.59895713888464,76.95332546173432,37.82,Low Usability
683,28.603467756901622,76.9534089084244,47.18,Low Usability
684,28.607978371693328,76.95349237429144,47.3,Low Usability
685,28.61248898325942,76.95357585933893,41.09,Low Usability
686,28.616999591599523,76.95365936357035,43.7,Low Usability
687,28.621510196713263,76.95374288698913,41.06,Low Usability
688,28.62602079860029,76.9538264295988,42.99,Low Usability
689,28.630531397260224,76.95390999140281,44.17,Low Usability
690,28.63504199269273,76.95399357240467,45.78,Low Usability
691,28.63955258489743,76.95407717260784,45.45,Low Usability
692,28.644063173873967,76.95416079201581,44.32,Low Usability
693,28.64857375962198,76.95424443063204,44.16,Low Usability
694,28.653084342141096,76.95432808846006,44.78,Low Usability
695,28.657594921430963,76.95441176550331,41.76,Low Usability
696,28.66210549749123,76.9544954617653,48.36,Low Usability
697,28.666616070321513,76.95457917724954,44.97,Low Usability
698,28.671126639921464,76.9546629119595,40.79,Low Usability
699,28.675637206290723,76.95474666589865,40.58,Low Usability
700,28.680147769428917,76.95483043907049,42.49,Low Usability
701,28.684658329335686,76.95491423147855,44.22,Low Usability
702,28.68916888601067,76.9549980431263,46.87,Low Usability
703,28.693679439453536,76.95508187401722,43.12,Low Usability
704,28.69806179955537,76.9553408595123,43.31,Low Usability
705,28.702657134864292,76.95609248625938,40.69,Low Usability
706,28.707377503786294,76.95553529091993,38.77,Low Usability
707,28.7117216208963,76.95541739008273,38.97,Low Usability
708,28.716232158173014,76.95550131724205,43.93,Low Usability
709,28.720742692215435,76.95558526366555,43.55,Low Usability
710,28.725253223023184,76.95566922935677,39.53,Low Usability
711,28.729763750595886,76.95575321431913,40.38,Low Usability
712,28.734274274933217,76.95583721855621,37.54,Low Usability
713,28.738784796034786,76.95592124207148,37.28,Low Usability
714,28.743295313900234,76.95600528486848,37.34,Low Usability
715,28.747805828529234,76.95608934695069,35.83,Low Usability
716,28.75231633992138,76.95617342832165,38.25,Low Usability
717,28.75682684807634,76.95625752898484,40.97,Low Usability
718,28.76133735299374,76.95634164894378,41.1,Low Usability
719,28.765847854673225,76.956425788202,40.24,Low Usability
720,28.770358353114442,76.956509946763,41.64,Low Usability
721,28.774868848317016,76.9565941246303,40.94,Low Usability
722,28.779379340280595,76.95667832180742,40.57,Low Usability
723,28.78388982900482,76.95676253829787,40.27,Low Usability
724,28.788400314489323,76.9568467741052,39.17,Low Usability
725,28.792910796733764,76.95693102923286,38.25,Low Usability
726,28.797421275737754,76.95701530368447,46.01,Low Usability
727,28.80193175150097,76.95709959746345,43.43,Low Usability
728,28.806442224023023,76.95718391057343,42.55,Low Usability
729,28.810952693303555,76.95726824301784,39.77,Low Usability
730,28.815463159342215,76.95735259480028,38.15,Low Usability
731,28.819818841092708,76.95769942328779,39.62,Low Usability
732,28.824372030159154,76.95840968935235,37.71,Low Usability
733,28.82868422411339,76.95894693354808,46.51,Low Usability
734,28.831278976151424,76.96008590908833,47.46,Low Usability
735,28.51976684074357,76.95476761690009,36.34,Low Usability
736,28.522604659651503,76.95669179002037,39.24,Low Usability
737,28.526713298181434,76.95710030539718,41.14,Low Usability
738,28.53122395402476,76.9571836629259,39.57,Low Usability
739,28.535734606647473,76.95726703962607,37.55,Low Usability
740,28.540245256049236,76.95735043550111,40.09,Low Usability
741,28.544755902229664,76.95743385055455,43.02,Low Usability
742,28.549266545188388,76.95751728478979,40.02,Low Usability
743,28.55377718492507,76.95760073821035,35.55,Low Usability
744,28.558287821439325,76.95768421081964,35.77,Low Usability
745,28.562798454730803,76.95776770262123,39.67,Low Usability
746,28.567309084799128,76.95785121361851,45.76,Low Usability
747,28.57181971164395,76.95793474381496,42.18,Low Usability
748,28.576330335264906,76.95801829321408,47.2,Low Usability
749,28.580840955661618,76.95810186181934,47.16,Low Usability
750,28.58535157283374,76.95818544963423,46.06,Low Usability
751,28.5898621867809,76.9582690566622,45.47,Low Usability
752,28.59437279750273,76.95835268290676,46.3,Low Usability
753,28.598883404998876,76.95843632837136,47.3,Low Usability
754,28.603394009268975,76.95851999305947,46.02,Low Usability
755,28.607904610312655,76.95860367697466,45.42,Low Usability
756,28.61241520812956,76.95868738012032,44.21,Low Usability
757,28.616925802719337,76.9587711025,48.22,Low Usability
758,28.621436394081606,76.95885484411713,47.82,Low Usability
759,28.625946982215996,76.95893860497519,46.37,Low Usability
760,28.630457567122193,76.95902238507773,45.6,Low Usability
761,28.634968148799775,76.95910618442824,46.8,Low Usability
762,28.639478727248427,76.95919000303014,49.85,Low Usability
763,28.64398930246777,76.959273840887,46.45,Low Usability
764,28.648499874457414,76.95935769800224,41.26,Low Usability
765,28.653010443217028,76.9594415743794,41.93,Low Usability
766,28.657521008746258,76.95952547002199,37.68,Low Usability
767,28.66203157104473,76.95960938493347,48.5,Low Usability
768,28.666542130112056,76.95969331911735,47.36,Low Usability
769,28.671052685947913,76.95977727257711,44.44,Low Usability
770,28.675563238551934,76.9598612453163,43.86,Low Usability
771,28.680073787923728,76.95994523733837,41.54,Low Usability
772,28.68458433406295,76.96002924864686,43.8,Low Usability
773,28.689094876969243,76.96011327924525,44.29,Low Usability
774,28.69360541664225,76.96019732913706,42.81,Low Usability
775,28.698115953081608,76.96028139832578,43.88,Low Usability
776,28.702626486286945,76.96036548681492,40.83,Low Usability
777,28.707137016257892,76.96044959460801,38.69,Low Usability
778,28.711647542994104,76.96053372170852,41.1,Low Usability
779,28.716158066495225,76.96061786812,48.86,Low Usability
780,28.720668586760876,76.96070203384593,47.34,Low Usability
781,28.725179103790715,76.96078621888985,27.37,Low Usability
782,28.72968961758436,76.96087042325523,40.18,Low Usability
783,28.734200128141467,76.96095464694564,38.96,Low Usability
784,28.73871063546166,76.96103888996458,37.38,Low Usability
785,28.74322113954459,76.96112315231557,36.17,Low Usability
786,28.747731640389887,76.96120743400209,38.01,Low Usability
787,28.752242137997197,76.96129173502769,39.82,Low Usability
788,28.75675263236617,76.9613760553959,37.79,Low Usability
789,28.761263123496413,76.96146039511022,39.78,Low Usability
790,28.7657736113876,76.96154475417418,39.21,Low Usability
791,28.770284096039344,76.96162913259133,36.66,Low Usability
792,28.774794577451306,76.96171353036513,42.99,Low Usability
793,28.779305055623112,76.96179794749918,45.81,Low Usability
794,28.783815530554403,76.961882383997,45.61,Low Usability
795,28.788326002244823,76.96196683986206,46.2,Low Usability
796,28.792836470694006,76.96205131509792,45.58,Low Usability
797,28.79734693590159,76.96213580970812,46.32,Low Usability
798,28.80185739786724,76.9622203236962,43.99,Low Usability
799,28.806367856590555,76.96230485706567,47.71,Low Usability
800,28.810878312071207,76.9623894098201,41.49,Low Usability
801,28.81538876430883,76.962473981963,27.61,Low Usability
802,28.819899213303046,76.96255857349789,37.79,Low Usability
803,28.824409659053515,76.96264318442836,40.11,Low Usability
804,28.82856362295341,76.96239353870693,44.61,Low Usability
805,28.831378825545826,76.96078933844441,38.15,Low Usability
806,28.5237220298079,76.96072513356377,37.12,Low Usability
807,28.526719012082925,76.96212794630183,36.2,Low Usability
808,28.531150234318844,76.96229124642109,37.09,Low Usability
809,28.535660873176,76.9623748403661,35.86,Low Usability
810,28.540171508811053,76.96245845353593,38.52,Low Usability
811,28.544682141223618,76.96254208593405,37.51,Low Usability
812,28.549192770413367,76.96262573756393,42.15,Low Usability
813,28.553703396379905,76.96270940842906,35.71,Low Usability
814,28.558214019122875,76.96279309853294,42.39,Low Usability
815,28.56272463864194,76.96287680787898,41.13,Low Usability
816,28.56723525493668,76.96296053647075,45.54,Low Usability
817,28.571745868006794,76.96304428431165,40.27,Low Usability
818,28.57625647785188,76.9631280514052,38.43,Low Usability
819,28.580767084471574,76.96321183775493,45.6,Low Usability
820,28.58527768786555,76.96329564336426,47.69,Low Usability
821,28.589788288033397,76.96337946823671,37.38,Low Usability
822,28.59429888497478,76.96346331237574,47.74,Low Usability
823,28.59880947868933,76.96354717578488,47.05,Low Usability
824,28.60332006917668,76.96363105846758,42.79,Low Usability
825,28.607830656436477,76.9637149604274,41.08,Low Usability
826,28.61234124046834,76.96379888166774,43.88,Low Usability
827,28.61685182127192,76.96388282219218,44.16,Low Usability
828,28.621362398846845,76.96396678200414,46.01,Low Usability
829,28.62587297319277,76.96405076110716,44.71,Low Usability
830,28.630383544309318,76.96413475950474,45.91,Low Usability
831,28.634894112196125,76.96421877720037,33.12,Low Usability
832,28.639404676852834,76.96430281419754,43.01,Low Usability
833,28.64391523827908,76.96438687049975,42.87,Low Usability
834,28.6484257964745,76.96447094611052,39.76,Low Usability
835,28.652936351438722,76.96455504103336,41.67,Low Usability
836,28.657446903171405,76.96463915527175,48.41,Low Usability
837,28.66195745167218,76.9647232888292,47.54,Low Usability
838,28.666467996940668,76.96480744170924,45.72,Low Usability
839,28.670978538976527,76.96489161391536,44.15,Low Usability
840,28.675489077779382,76.96497580545108,45.51,Low Usability
841,28.679999613348887,76.96506001631985,36.81,Low Usability
842,28.684510145684655,76.96514424652527,45.27,Low Usability
843,28.68902067478635,76.96522849607082,45.61,Low Usability
844,28.69353120065359,76.96531276495998,42.2,Low Usability
845,28.69804172328603,76.96539705319631,41.29,Low Usability
846,28.702552242683286,76.96548136078331,40.2,Low Usability
847,28.70706275884502,76.96556568772449,44.28,Low Usability
848,28.71157327177085,76.96565003402337,39.42,Low Usability
849,28.716083781460426,76.96573439968348,41.19,Low Usability
850,28.720594287913382,76.96581878470833,44.98,Low Usability
851,28.725104791129365,76.96590318910145,43.59,Low Usability
852,28.729615291108004,76.96598761286637,44.74,Low Usability
853,28.734125787848953,76.9660720560066,35.48,Low Usability
854,28.738636281351827,76.96615651852565,38.87,Low Usability
855,28.743146771616274,76.96624100042709,38.1,Low Usability
856,28.747657258641922,76.9663255017144,45.05,Low Usability
857,28.75216774242845,76.96641002239114,46.42,Low Usability
858,28.75667822297546,76.96649456246085,46.72,Low Usability
859,28.761188700282602,76.96657912192703,47.01,Low Usability
860,28.765699174349525,76.96666370079323,46.18,Low Usability
861,28.770209645175832,76.96674829906296,45.69,Low Usability
862,28.77472011276121,76.96683291673976,43.28,Low Usability
863,28.779230577105267,76.96691755382723,40.75,Low Usability
864,28.78374103820764,76.96700221032884,37.69,Low Usability
865,28.788251496067982,76.9670868862481,36.24,Low Usability
866,28.792761950685943,76.96717158158863,36.9,Low Usability
867,28.797272402061143,76.96725629635392,37.14,Low Usability
868,28.80178285019323,76.96734103054754,37.57,Low Usability
869,28.80629329508184,76.967425784173,48.03,Low Usability
870,28.81080373672661,76.9675105572339,47.72,Low Usability
871,28.815314175127185,76.9675953497337,42.63,Low Usability
872,28.81982461028319,76.967680161676,43.01,Low Usability
873,28.824231158408576,76.96765309810857,39.58,Low Usability
874,28.82729629460388,76.96631056471921,38.83,Low Usability
875,28.52766982053783,76.96688300152381,40.72,Low Usability
876,28.531076322729295,76.96739881069493,43.65,Low Usability
877,28.53558694778508,76.96748262188135,40.89,Low Usability
878,28.540097569617593,76.96756645234245,40.25,Low Usability
879,28.54460818822651,76.9676503020818,38.27,Low Usability
880,28.549118803611435,76.96773417110283,37.31,Low Usability
881,28.55362941577201,76.96781805940905,38.44,Low Usability
882,28.558140024707885,76.96790196700398,42.44,Low Usability
883,28.562650630418673,76.96798589389105,42.82,Low Usability
884,28.567161232904027,76.9680698400738,46.17,Low Usability
885,28.571671832163585,76.96815380555567,45.74,Low Usability
886,28.576182428196972,76.96823779034021,49.12,Low Usability
887,28.58069302100382,76.96832179443085,47.31,Low Usability
888,28.585203610583783,76.96840581783115,38.35,Low Usability
889,28.58971419693649,76.96848986054458,38.51,Low Usability
890,28.59422478006157,76.96857392257463,44.41,Low Usability
891,28.598735359958678,76.96865800392483,47.42,Low Usability
892,28.60324593662743,76.96874210459862,47.03,Low Usability
893,28.607756510067468,76.96882622459954,41.52,Low Usability
894,28.612267080278436,76.96891036393109,44.53,Low Usability
895,28.616777647259944,76.96899452259679,41.34,Low Usability
896,28.621288211011677,76.96907870060011,44.86,Low Usability
897,28.625798771533237,76.96916289794457,42.76,Low Usability
898,28.63030932882427,76.96924711463367,46.46,Low Usability
899,28.634819882884436,76.96933135067096,43.9,Low Usability
900,28.63933043371332,76.96941560605988,45.33,Low Usability
901,28.643840981310596,76.96949988080398,47.5,Low Usability
902,28.64835152567588,76.96958417490677,46.86,Low Usability
903,28.652862066808844,76.96966848837177,45.39,Low Usability
904,28.65737260470909,76.96975282120249,49.26,Low Usability
905,28.66188313937626,76.96983717340241,46.35,Low Usability
906,28.666393670810013,76.96992154497508,48.04,Low Usability
907,28.67090419900998,76.970005935924,43.18,Low Usability
908,28.67541472397578,76.9700903462527,44.2,Low Usability
909,28.679925245707075,76.97017477596474,45.26,Low Usability
910,28.68443576420349,76.97025922506356,42.92,Low Usability
911,28.68894627946465,76.97034369355272,46.3,Low Usability
912,28.693456791490206,76.97042818143575,39.8,Low Usability
913,28.69796730027981,76.97051268871617,39.25,Low Usability
914,28.702477805833077,76.97059721539749,40.91,Low Usability
915,28.706988308149658,76.97068176148325,40.67,Low Usability
916,28.711498807229177,76.97076632697699,42.36,Low Usability
917,28.716009303071296,76.97085091188224,41.49,Low Usability
918,28.720519795675617,76.97093551620247,37.32,Low Usability
919,28.72503028504181,76.97102013994129,39.27,Low Usability
920,28.729540771169507,76.97110478310219,39.55,Low Usability
921,28.73405125405835,76.9711894456887,36.05,Low Usability
922,28.738561733707954,76.97127412770436,36.0,Low Usability
923,28.743072210117973,76.97135882915273,36.43,Low Usability
924,28.747582683288055,76.97144355003732,45.2,Low Usability
925,28.752093153217828,76.97152829036168,47.8,Low Usability
926,28.75660361990693,76.9716130501293,46.33,Low Usability
927,28.761114083354997,76.97169782934381,37.79,Low Usability
928,28.765624543561668,76.9717826280087,39.71,Low Usability
929,28.770135000526597,76.97186744612753,38.24,Low Usability
930,28.774645454249406,76.97195228370379,38.12,Low Usability
931,28.779155904729745,76.97203714074111,40.08,Low Usability
932,28.78366635196723,76.97212201724298,39.25,Low Usability
933,28.788176795961544,76.97220691321297,42.05,Low Usability
934,28.792687236712272,76.97229182865458,38.36,Low Usability
935,28.797197674219102,76.9723767635714,37.04,Low Usability
936,28.801708108481645,76.97246171796702,38.47,Low Usability
937,28.806218539499547,76.97254669184495,41.4,Low Usability
938,28.810728967272436,76.97263168520871,47.54,Low Usability
939,28.815239391799988,76.9727166980619,44.48,Low Usability
940,28.8197498130818,76.97280173040808,44.86,Low Usability
941,28.823923203016804,76.97308024622029,37.62,Low Usability
942,28.827393133181015,76.97503669980685,37.43,Low Usability
943,28.527421484843646,76.97273014134194,42.4,Low Usability
944,28.531002219258767,76.97250635569752,39.77,Low Usability
945,28.535512830477373,76.9725903841218,37.56,Low Usability
946,28.540023438471568,76.97267443187073,38.89,Low Usability
947,28.54453404324099,76.97275849894783,41.17,Low Usability
948,28.549044644785283,76.97284258535652,43.32,Low Usability
949,28.55355524310408,76.97292669110038,43.75,Low Usability
950,28.558065838197013,76.97301081618286,50.25,Moderate Usability
951,28.56257643006372,76.97309496060745,51.14,Moderate Usability
952,28.567087018703834,76.9731791243777,50.77,Moderate Usability
953,28.571597604117006,76.97326330749706,38.95,Low Usability
954,28.576108186302854,76.97334750996905,39.48,Low Usability
955,28.580618765261015,76.97343173179716,39.37,Low Usability
956,28.585129340991134,76.97351597298493,41.59,Low Usability
957,28.589639913492846,76.97360023353586,40.44,Low Usability
958,28.59415048276578,76.97368451345342,45.67,Low Usability
959,28.59866104880958,76.97376881274111,47.57,Low Usability
960,28.603171611623882,76.97385313140249,46.78,Low Usability
961,28.607682171208314,76.97393746944105,42.83,Low Usability
962,28.612192727562515,76.97402182686032,50.66,Moderate Usability
963,28.61670328068612,76.97410620366377,42.39,Low Usability
964,28.621213830578775,76.97419059985494,43.83,Low Usability
965,28.6257243772401,76.97427501543734,40.97,Low Usability
966,28.630234920669768,76.97435945041447,41.94,Low Usability
967,28.634745460867368,76.97444390478987,39.94,Low Usability
968,28.639255997832567,76.97452837856704,36.79,Low Usability
969,28.643766531564992,76.97461287174953,37.31,Low Usability
970,28.648277062064274,76.9746973843408,37.75,Low Usability
971,28.652787589330057,76.97478191634444,38.65,Low Usability
972,28.65729811336198,76.97486646776393,49.23,Low Usability
973,28.661808634159673,76.97495103860282,41.0,Low Usability
974,28.666319151722796,76.97503562886463,47.18,Low Usability
975,28.670829666050953,76.97512023855286,46.39,Low Usability
976,28.67534017714381,76.97520486767107,46.81,Low Usability
977,28.679850685000982,76.97528951622277,46.75,Low Usability
978,28.684361189622116,76.9753741842115,47.59,Low Usability
979,28.688871691006845,76.97545887164077,46.31,Low Usability
980,28.693382189154825,76.97554357851415,40.63,Low Usability
981,28.69789268406567,76.97562830483511,38.31,Low Usability
982,28.702403175739015,76.97571305060724,47.15,Low Usability
983,28.706913664174515,76.97579781583408,40.28,Low Usability
984,28.7114241493718,76.97588260051913,42.87,Low Usability
985,28.71593463133051,76.97596740466594,39.17,Low Usability
986,28.72044511005028,76.97605222827805,39.07,Low Usability
987,28.724955585530758,76.97613707135902,38.15,Low Usability
988,28.72946605777157,76.97622193391236,40.27,Low Usability
989,28.733976526772363,76.97630681594163,40.37,Low Usability
990,28.738486992532753,76.97639171745037,39.12,Low Usability
991,28.7429974550524,76.97647663844212,36.35,Low Usability
992,28.74750791433094,76.97656157892044,46.83,Low Usability
993,28.752018370368017,76.97664653888887,48.23,Low Usability
994,28.756528823163244,76.97673151835092,43.33,Low Usability
995,28.761039272716282,76.97681651731021,41.4,Low Usability
996,28.76554971902676,76.97690153577027,44.2,Low Usability
997,28.77006016209432,76.97698657373459,38.95,Low Usability
998,28.774570601918615,76.9770716312068,36.84,Low Usability
999,28.779081038499246,76.97715670819044,36.09,Low Usability
1000,28.783591471835884,76.97724180468902,37.97,Low Usability
1001,28.78810190192816,76.97732692070612,45.07,Low Usability
1002,28.79261232877571,76.97741205624531,40.66,Low Usability
1003,28.79712275237816,76.97749721131014,40.46,Low Usability
1004,28.80163317273519,76.97758238590421,44.81,Low Usability
1005,28.80614358984639,76.97766758003101,42.74,Low Usability
1006,28.810654003711416,76.97775279369412,39.58,Low Usability
1007,28.81516441432992,76.97783802689715,38.35,Low Usability
1008,28.819674821701533,76.97792327964363,44.5,Low Usability
1009,28.82418522582589,76.97800855193712,43.18,Low Usability
1010,28.82863283739911,76.97817622339197,41.49,Low Usability
1011,28.83290159503998,76.97914561271236,40.87,Low Usability
1012,28.83619912537259,76.9800922901231,39.6,Low Usability
1013,28.52392173762979,76.97941281837704,38.81,Low Usability
1014,28.526573447274053,76.97765595836454,42.61,Low Usability
1015,28.530927923909957,76.97761388137897,40.61,Low Usability
1016,28.53543852125557,76.97769812703766,37.66,Low Usability
1017,28.539949115375613,76.9777823920709,37.17,Low Usability
1018,28.54445970626973,76.97786667648221,39.04,Low Usability
1019,28.548970293937575,76.97795098027511,37.7,Low Usability
1020,28.553480878378778,76.97803530345308,42.04,Low Usability
1021,28.557991459592944,76.9781196460196,51.63,Moderate Usability
1022,28.562502037579748,76.97820400797823,49.86,Low Usability
1023,28.567012612338793,76.97828838933246,44.25,Low Usability
1024,28.571523183869736,76.97837279008581,44.31,Low Usability
1025,28.57603375217221,76.97845721024177,40.81,Low Usability
1026,28.58054431724585,76.97854164980386,38.7,Low Usability
1027,28.58505487909028,76.97862610877559,40.99,Low Usability
1028,28.58956543770515,76.97871058716046,45.34,Low Usability
1029,28.594075993090087,76.97879508496202,43.82,Low Usability
1030,28.598586545244736,76.97887960218378,48.26,Low Usability
1031,28.60309709416872,76.97896413882921,46.18,Low Usability
1032,28.607607639861683,76.97904869490192,44.91,Low Usability
1033,28.612118182323265,76.97913327040536,56.85,Moderate Usability
1034,28.6166287215531,76.97921786534305,45.18,Low Usability
1035,28.621139257550805,76.97930247971853,41.53,Low Usability
1036,28.62564979031604,76.97938711353534,38.61,Low Usability
1037,28.63016031984844,76.97947176679699,36.91,Low Usability
1038,28.634670846147632,76.97955643950701,41.32,Low Usability
1039,28.63918136921325,76.9796411316689,42.57,Low Usability
1040,28.643691889044945,76.97972584328623,41.82,Low Usability
1041,28.64820240564234,76.97981057436252,41.14,Low Usability
1042,28.65271291900507,76.97989532490128,50.93,Moderate Usability
1043,28.657223429132777,76.97998009490604,51.67,Moderate Usability
1044,28.6617339360251,76.98006488438034,44.46,Low Usability
1045,28.66624443968168,76.98014969332775,46.31,Low Usability
1046,28.670754940102157,76.98023452175177,43.33,Low Usability
1047,28.675265437286146,76.98031936965593,43.57,Low Usability
1048,28.67977593123329,76.9804042370438,46.89,Low Usability
1049,28.68428642194324,76.98048912391889,47.16,Low Usability
1050,28.68879690941563,76.98057403028471,45.82,Low Usability
1051,28.693307393650095,76.9806589561449,42.56,Low Usability
1052,28.697817874646272,76.98074390150289,39.88,Low Usability
1053,28.702328352403786,76.98082886636232,40.9,Low Usability
1054,28.706838826922276,76.98091385072665,45.58,Low Usability
1055,28.711349298201412,76.98099885459949,48.01,Low Usability
1056,28.715859766240797,76.98108387798435,39.75,Low Usability
1057,28.72037023104008,76.9811689208848,39.2,Low Usability
1058,28.72488069259889,76.98125398330436,35.93,Low Usability
1059,28.729391150916886,76.98133906524662,38.52,Low Usability
1060,28.733901605993676,76.9814241667151,38.45,Low Usability
1061,28.738412057828917,76.98150928771337,36.1,Low Usability
1062,28.742922506422254,76.98159442824499,44.03,Low Usability
1063,28.747432951773305,76.98167958831344,42.41,Low Usability
1064,28.75194339388171,76.98176476792241,37.68,Low Usability
1065,28.756453832747134,76.98184996707535,38.44,Low Usability
1066,28.76096426836917,76.98193518577587,38.47,Low Usability
1067,28.765474700747497,76.98202042402751,41.71,Low Usability
1068,28.769985129881736,76.98210568183381,34.61,Low Usability
1069,28.774495555771516,76.98219095919839,34.51,Low Usability
1070,28.7790059784165,76.98227625612479,34.62,Low Usability
1071,28.7835163978163,76.98236157261653,37.87,Low Usability
1072,28.788026813970564,76.98244690867722,38.49,Low Usability
1073,28.792537226878952,76.98253226431042,38.69,Low Usability
1074,28.797047636541055,76.98261763951967,38.98,Low Usability
1075,28.801558042956554,76.98270303430861,40.8,Low Usability
1076,28.806068446125085,76.98278844868075,44.07,Low Usability
1077,28.810578846046262,76.98287388263965,42.26,Low Usability
1078,28.81508924271973,76.98295933618894,39.66,Low Usability
1079,28.819599636145135,76.98304480933213,40.46,Low Usability
1080,28.824110026322124,76.98313030207285,39.85,Low Usability
1081,28.828620413250324,76.98321581441463,45.55,Low Usability
1082,28.833130796929375,76.98330134636109,40.5,Low Usability
1083,28.83707956833298,76.98360794965033,37.43,Low Usability
1084,28.523244756470042,76.98307010184104,39.58,Low Usability
1085,28.526342850022377,76.9826369442207,44.31,Low Usability
1086,28.530853436685522,76.98272138768932,45.78,Low Usability
1087,28.535364020122337,76.98280585057893,41.03,Low Usability
1088,28.539874600332418,76.98289033289299,37.73,Low Usability
1089,28.54438517731543,76.98297483463506,40.05,Low Usability
1090,28.548895751070997,76.98305935580862,43.01,Low Usability
1091,28.553406321598768,76.98314389641719,51.58,Moderate Usability
1092,28.557916888898365,76.98322845646429,50.71,Moderate Usability
1093,28.56242745296942,76.98331303595344,45.86,Low Usability
1094,28.566938013811566,76.98339763488815,45.81,Low Usability
1095,28.57144857142447,76.98348225327197,48.44,Low Usability
1096,28.575959125807728,76.98356689110835,45.35,Low Usability
1097,28.580469676960988,76.98365154840087,42.48,Low Usability
1098,28.584980224883893,76.98373622515304,42.64,Low Usability
1099,28.589490769576077,76.98382092136842,43.48,Low Usability
1100,28.594001311037175,76.98390563705046,45.08,Low Usability
1101,28.59851184926681,76.98399037220271,44.95,Low Usability
1102,28.603022384264644,76.98407512682873,43.28,Low Usability
1103,28.607532916030273,76.98415990093199,52.28,Moderate Usability
1104,28.612043444563366,76.98424469451611,57.23,Moderate Usability
1105,28.61655396986357,76.98432950758452,51.23,Moderate Usability
1106,28.621064491930465,76.98441434014082,42.58,Low Usability
1107,28.625575010763733,76.98449919218852,43.98,Low Usability
1108,28.630085526363004,76.98458406373115,42.6,Low Usability
1109,28.63459603872791,76.98466895477225,46.06,Low Usability
1110,28.639106547858088,76.98475386531537,44.13,Low Usability
1111,28.643617053753154,76.98483879536401,47.89,Low Usability
1112,28.648127556412774,76.98492374492173,50.85,Moderate Usability
1113,28.65263805583657,76.98500871399206,48.55,Low Usability
1114,28.657148552024175,76.9850937025786,44.93,Low Usability
1115,28.661659044975234,76.9851787106848,47.23,Low Usability
1116,28.66616953468938,76.98526373831427,42.12,Low Usability
1117,28.670680021166255,76.98534878547052,41.28,Low Usability
1118,28.67519050440549,76.98543385215712,44.07,Low Usability
1119,28.67970098440671,76.9855189383776,44.77,Low Usability
1120,28.684211461169582,76.98560404413553,45.75,Low Usability
1121,28.688721934693714,76.9856891694344,43.93,Low Usability
1122,28.69323240497875,76.98577431427779,41.91,Low Usability
1123,28.697742872024342,76.98585947866931,38.94,Low Usability
1124,28.7022533358301,76.98594466261245,44.04,Low Usability
1125,28.70676379639568,76.98602986611077,46.15,Low Usability
1126,28.711274253720724,76.98611508916781,41.89,Low Usability
1127,28.715784707804854,76.98620033178717,35.97,Low Usability
1128,28.7202951586477,76.9862855939724,37.47,Low Usability
1129,28.72480560624893,76.98637087572703,37.92,Low Usability
1130,28.72931605060815,76.98645617705465,39.11,Low Usability
1131,28.733826491725026,76.98654149795881,42.51,Low Usability
1132,28.73833692959916,76.986626838443,36.7,Low Usability
1133,28.742847364230226,76.98671219851092,44.27,Low Usability
1134,28.747357795617845,76.98679757816603,36.53,Low Usability
1135,28.751868223761644,76.98688297741195,35.92,Low Usability
1136,28.756378648661283,76.98696839625221,37.03,Low Usability
1137,28.760889070316388,76.9870538346904,36.45,Low Usability
1138,28.765399488726597,76.98713929273008,35.07,Low Usability
1139,28.769909903891524,76.9872247703748,35.32,Low Usability
1140,28.77442031581084,76.98731026762817,36.59,Low Usability
1141,28.778930724484187,76.98739578449374,37.41,Low Usability
1142,28.783441129911193,76.9874813209751,37.03,Low Usability
1143,28.787951532091483,76.98756687707579,35.15,Low Usability
1144,28.792461931024704,76.98765245279944,36.1,Low Usability
1145,28.79697232671048,76.98773804814958,37.11,Low Usability
1146,28.80148271914849,76.9878236631298,37.93,Low Usability
1147,28.805993108338335,76.98790929774368,40.93,Low Usability
1148,28.810503494279665,76.98799495199482,39.16,Low Usability
1149,28.815013876972106,76.98808062588678,36.31,Low Usability
1150,28.819524256415328,76.98816631942316,39.04,Low Usability
1151,28.824034632608946,76.9882520326075,39.26,Low Usability
1152,28.82854500555259,76.98833776544345,44.77,Low Usability
1153,28.83305537524592,76.98842351793454,38.32,Low Usability
1154,28.837223070086175,76.98849459403836,38.54,Low Usability
1155,28.522350821748066,76.98789874165323,43.25,Low Usability
1156,28.52626818486848,76.98774421393264,48.42,Low Usability
1157,28.530778757588166,76.98782887457874,45.09,Low Usability
1158,28.535289327080353,76.98791355469572,40.19,Low Usability
1159,28.53979989334467,76.9879982542871,42.47,Low Usability
1160,28.544310456380757,76.98808297335638,46.22,Low Usability
1161,28.54882101618824,76.9881677119071,50.54,Moderate Usability
1162,28.55333157276675,76.98825246994278,50.2,Moderate Usability
1163,28.55784212611594,76.9883372474669,40.96,Low Usability
1164,28.56235267623543,76.98842204448306,39.35,Low Usability
1165,28.566863223124866,76.98850686099473,39.41,Low Usability
1166,28.571373766783864,76.98859169700548,41.18,Low Usability
1167,28.575884307212092,76.98867655251883,43.59,Low Usability
1168,28.580394844409142,76.98876142753826,41.11,Low Usability
1169,28.584905378374675,76.98884632206736,40.73,Low Usability
1170,28.58941590910834,76.98893123610968,42.79,Low Usability
1171,28.59392643660973,76.98901616966867,43.47,Low Usability
1172,28.598436960878516,76.9891011227479,45.96,Low Usability
1173,28.60294748191433,76.98918609535093,41.81,Low Usability
1174,28.607457999716786,76.98927108748131,44.05,Low Usability
1175,28.611968514285543,76.98935609914253,54.24,Moderate Usability
1176,28.61647902562023,76.98944113033814,44.24,Low Usability
1177,28.620989533720454,76.98952618107171,47.5,Low Usability
1178,28.62550003858589,76.98961125134676,45.46,Low Usability
1179,28.630010540216162,76.98969634116683,43.92,Low Usability
1180,28.63452103861091,76.98978145053549,39.72,Low Usability
1181,28.639031533769753,76.98986657945626,48.33,Low Usability
1182,28.64354202569233,76.98995172793268,50.88,Moderate Usability
1183,28.648052514378296,76.99003689596833,47.93,Low Usability
1184,28.652562999827268,76.99012208356673,46.76,Low Usability
1185,28.65707348203888,76.99020729073142,47.3,Low Usability
1186,28.661583961012774,76.990292517466,48.08,Low Usability
1187,28.6660944367486,76.99037776377399,45.01,Low Usability
1188,28.670604909245977,76.99046302965894,40.58,Low Usability
1189,28.67511537850454,76.9905483151244,37.84,Low Usability
1190,28.67962584452395,76.99063362017395,45.09,Low Usability
1191,28.68413630730382,76.99071894481115,47.44,Low Usability
1192,28.68864676684379,76.99080428903952,41.92,Low Usability
1193,28.693157223143494,76.99088965286265,41.69,Low Usability
1194,28.69766767620257,76.99097503628406,42.09,Low Usability
1195,28.702178126020673,76.99106043930738,46.5,Low Usability
1196,28.7066885725974,76.9911458619361,39.61,Low Usability
1197,28.711199015932436,76.99123130417385,39.09,Low Usability
1198,28.715709456025365,76.99131676602416,35.44,Low Usability
1199,28.720219892875868,76.99140224749058,35.06,Low Usability
1200,28.724730326483574,76.99148774857673,37.58,Low Usability
1201,28.729240756848103,76.99157326928614,35.68,Low Usability
1202,28.733751183969105,76.9916588096224,44.91,Low Usability
1203,28.73826160784621,76.99174436958904,42.48,Low Usability
1204,28.742772028479052,76.99182994918962,46.7,Low Usability
1205,28.747282445867285,76.99191554842781,36.93,Low Usability
1206,28.751792860010532,76.99200116730712,35.89,Low Usability
1207,28.75630327090843,76.99208680583114,36.96,Low Usability
1208,28.76081367856062,76.99217246400342,35.53,Low Usability
1209,28.765324082966742,76.99225814182758,36.38,Low Usability
1210,28.769834484126427,76.99234383930714,42.31,Low Usability
1211,28.774344882039326,76.99242955644574,42.04,Low Usability
1212,28.778855276705062,76.99251529324695,38.57,Low Usability
1213,28.78336566812328,76.99260104971434,37.31,Low Usability
1214,28.78787605629361,76.99268682585146,37.42,Low Usability
1215,28.792386441215694,76.99277262166197,39.98,Low Usability
1216,28.796896822889174,76.99285843714938,39.35,Low Usability
1217,28.8014072013137,76.99294427231735,39.06,Low Usability
1218,28.805917576488884,76.99303012716942,40.17,Low Usability
1219,28.810427948414368,76.99311600170918,39.96,Low Usability
1220,28.814938317089805,76.99320189594023,36.92,Low Usability
1221,28.819448682514825,76.99328780986616,43.67,Low Usability
1222,28.823959044689065,76.9933737434906,40.77,Low Usability
1223,28.82846940361217,76.9934596968171,39.04,Low Usability
1224,28.832979759283763,76.99354566984924,37.07,Low Usability
1225,28.836780970876426,76.99346418094235,37.14,Low Usability
1226,28.51896490997646,76.99396201899411,39.58,Low Usability
1227,28.521704645462556,76.99278962256385,39.35,Low Usability
1228,28.52619332788013,76.99285146417719,44.91,Low Usability
1229,28.530703886620557,76.99293634199728,45.14,Low Usability
1230,28.53521444213233,76.99302123933815,41.27,Low Usability
1231,28.539724994415064,76.99310615620331,41.76,Low Usability
1232,28.544235543468403,76.99319109259629,44.46,Low Usability
1233,28.54874608929198,76.99327604852064,50.86,Moderate Usability
1234,28.553256631885432,76.99336102397987,42.48,Low Usability
1235,28.557767171248393,76.99344601897754,41.91,Low Usability
1236,28.562277707380492,76.99353103351714,41.22,Low Usability
1237,28.56678824028137,76.99361606760229,39.55,Low Usability
1238,28.57129876995066,76.99370112123644,36.19,Low Usability
1239,28.575809296388,76.99378619442315,41.19,Low Usability
1240,28.580319819593008,76.99387128716602,49.23,Low Usability
1241,28.58483033956533,76.99395639946852,48.62,Low Usability
1242,28.589340856304617,76.99404153133419,43.64,Low Usability
1243,28.59385136981048,76.99412668276659,44.63,Low Usability
1244,28.598361880082557,76.9942118537693,44.59,Low Usability
1245,28.602872387120502,76.99429704434584,40.64,Low Usability
1246,28.607382890923923,76.99438225449973,38.23,Low Usability
1247,28.61189339149247,76.99446748423452,55.05,Moderate Usability
1248,28.616403888825793,76.9945527335538,44.93,Low Usability
1249,28.620914382923498,76.99463800246112,43.62,Low Usability
1250,28.62542487378522,76.99472329095995,44.62,Low Usability
1251,28.629935361410634,76.99480859905397,45.81,Low Usability
1252,28.634445845799334,76.99489392674663,47.64,Low Usability
1253,28.63895632695097,76.9949792740415,51.68,Moderate Usability
1254,28.643466804865174,76.99506464094215,52.45,Moderate Usability
1255,28.6479772795416,76.99515002745217,55.6,Moderate Usability
1256,28.65248775097986,76.99523543357508,48.54,Low Usability
1257,28.656998219179595,76.99532085931442,45.21,Low Usability
1258,28.66150868414044,76.99540630467379,52.81,Moderate Usability
1259,28.66601914586205,76.99549176965674,43.88,Low Usability
1260,28.670529604344043,76.99557725426683,41.71,Low Usability
1261,28.67504005958604,76.99566275850762,40.84,Low Usability
1262,28.679550511587713,76.99574828238268,41.54,Low Usability
1263,28.684060960348674,76.99583382589557,50.03,Moderate Usability
1264,28.68857140586856,76.99591938904987,45.43,Low Usability
1265,28.693081848147038,76.99600497184916,46.64,Low Usability
1266,28.69759228718369,76.99609057429696,43.31,Low Usability
1267,28.70210272297819,76.99617619639689,39.63,Low Usability
1268,28.706613155530174,76.99626183815246,37.3,Low Usability
1269,28.711123584839253,76.99634749956732,38.33,Low Usability
1270,28.715634010905088,76.99643318064501,38.83,Low Usability
1271,28.7201444337273,76.9965188813891,41.67,Low Usability
1272,28.72465485330554,76.99660460180318,43.11,Low Usability
1273,28.72916526963944,76.99669034189081,40.81,Low Usability
1274,28.733675682728638,76.99677610165556,37.94,Low Usability
1275,28.73818609257276,76.99686188110104,44.28,Low Usability
1276,28.742696499171444,76.9969476802308,42.06,Low Usability
1277,28.747206902524344,76.99703349904848,37.44,Low Usability
1278,28.75171730263107,76.9971193375576,36.91,Low Usability
1279,28.756227699491284,76.99720519576178,40.81,Low Usability
1280,28.760738093104614,76.99729107366458,39.36,Low Usability
1281,28.765248483470696,76.99737697126963,40.82,Low Usability
1282,28.76975887058918,76.99746288858047,45.43,Low Usability
1283,28.774269254459675,76.99754882560072,39.82,Low Usability
1284,28.77877963508184,76.99763478233398,38.67,Low Usability
1285,28.783290012455293,76.99772075878379,37.57,Low Usability
1286,28.787800386579697,76.99780675495377,35.24,Low Usability
1287,28.79231075745468,76.99789277084754,36.56,Low Usability
1288,28.796821125079866,76.99797880646867,37.46,Low Usability
1289,28.801331489454917,76.99806486182077,41.41,Low Usability
1290,28.80584185057946,76.99815093690742,43.77,Low Usability
1291,28.81035220845311,76.99823703173224,40.56,Low Usability
1292,28.814862563075533,76.9983231462988,36.25,Low Usability
1293,28.81937291444637,76.99840928061073,42.56,Low Usability
1294,28.82388326256523,76.99849543467161,37.82,Low Usability
1295,28.828393607431774,76.99858160848505,37.93,Low Usability
1296,28.832903949045644,76.99866780205471,41.65,Low Usability
1297,28.836165105317733,76.99848936492107,39.31,Low Usability
1298,28.51819015006656,76.99814489733615,45.15,Low Usability
1299,28.521607731105224,76.99787361948115,43.11,Low Usability
1300,28.526118279060043,76.99795869490454,41.0,Low Usability
1301,28.53036028068312,76.99776901833499,45.14,Low Usability
1302,28.534522879247355,76.9963255329481,39.99,Low Usability
1303,28.540204979368472,76.99716910636539,41.63,Low Usability
1304,28.544171030266632,76.9982885569972,50.2,Moderate Usability
1305,28.54867097038494,76.99838436559928,48.01,Low Usability
1306,28.553181498957496,76.99846955847855,38.65,Low Usability
1307,28.557692024298415,76.99855477094619,44.56,Low Usability
1308,28.562202546407303,76.99864000300576,45.1,Low Usability
1309,28.566713065283782,76.99872525466078,50.13,Moderate Usability
1310,28.571223580927533,76.9988105259148,48.11,Low Usability
1311,28.575734093338156,76.9988958167714,49.09,Low Usability
1312,28.58024460251528,76.9989811272341,44.77,Low Usability
1313,28.584755108458566,76.99906645730644,43.2,Low Usability
1314,28.589265611167622,76.99915180699197,46.66,Low Usability
1315,28.593776110642107,76.99923717629426,44.93,Low Usability
1316,28.598286606881633,76.99932256521686,45.79,Low Usability
1317,28.602797099885848,76.99940797376334,43.39,Low Usability
1318,28.607307589654393,76.99949340193724,43.27,Low Usability
1319,28.611818076186882,76.99957884974208,53.58,Moderate Usability
1320,28.61632855948296,76.99966431718147,44.78,Low Usability
1321,28.62083903954227,76.99974980425894,47.37,Low Usability
1322,28.62534951636443,76.99983531097806,46.22,Low Usability
1323,28.6298599899491,76.99992083734242,49.97,Low Usability
1324,28.634370460295887,77.0000063833555,44.99,Low Usability
1325,28.63888092740446,77.00009194902096,46.72,Low Usability
1326,28.64339139127441,77.00017753434228,41.19,Low Usability
1327,28.6479018519054,77.0002631393231,54.55,Moderate Usability
1328,28.652412309297063,77.00034876396695,51.7,Moderate Usability
1329,28.65692276344904,77.00043440827739,55.59,Moderate Usability
1330,28.661433214360947,77.000520072258,55.78,Moderate Usability
1331,28.665943662032433,77.00060575591236,44.2,Low Usability
1332,28.670454106463136,77.00069145924404,44.38,Low Usability
1333,28.674964547652696,77.0007771822566,43.71,Low Usability
1334,28.67947498560073,77.0008629249536,41.69,Low Usability
1335,28.68398542030688,77.00094868733865,45.71,Low Usability
1336,28.688495851770792,77.00103446941529,40.81,Low Usability
1337,28.6930062799921,77.00112027118713,45.05,Low Usability
1338,28.69751670497042,77.00120609265774,42.98,Low Usability
1339,28.70202712670542,77.0012919338307,44.0,Low Usability
1340,28.706537545196703,77.00137779470957,45.05,Low Usability
1341,28.71104796044393,77.00146367529796,40.98,Low Usability
1342,28.715558372446722,77.00154957559944,42.19,Low Usability
1343,28.720068781204738,77.00163549561762,44.88,Low Usability
1344,28.724579186717577,77.00172143535605,45.8,Low Usability
1345,28.729089588984912,77.0018073948183,47.89,Low Usability
1346,28.733599988006354,77.00189337400802,45.31,Low Usability
1347,28.738110383781542,77.00197937292874,45.28,Low Usability
1348,28.742620776310137,77.00206539158411,37.23,Low Usability
1349,28.747131165591743,77.00215142997767,36.35,Low Usability
1350,28.751641551626022,77.00223748811305,36.47,Low Usability
1351,28.7561519344126,77.0023235659938,40.25,Low Usability
1352,28.7606623139511,77.00240966362355,36.19,Low Usability
1353,28.765172690241183,77.00249578100589,38.78,Low Usability
1354,28.76968306328248,77.00258191814441,40.38,Low Usability
1355,28.77419343307462,77.00266807504272,39.49,Low Usability
1356,28.77870379961723,77.00275425170437,37.59,Low Usability
1357,28.783214162909978,77.00284044813307,39.54,Low Usability
1358,28.787724522952477,77.0029266643323,38.36,Low Usability
1359,28.792234879744363,77.00301290030578,39.01,Low Usability
1360,28.796745233285282,77.003099156057,41.72,Low Usability
1361,28.801255583574886,77.00318543158963,40.86,Low Usability
1362,28.80576593061278,77.00327172690726,43.58,Low Usability
1363,28.810276274398618,77.00335804201353,44.34,Low Usability
1364,28.814786614932036,77.003444376912,38.83,Low Usability
1365,28.81929695221267,77.0035307316063,42.65,Low Usability
1366,28.823807286240175,77.00361710610004,38.83,Low Usability
1367,28.828317617014164,77.00370350039685,38.17,Low Usability
1368,28.832827944534287,77.00378991450036,42.24,Low Usability
1369,28.835576517744926,77.00329052103187,37.87,Low Usability
1370,28.51463544361161,77.00511632348855,43.85,Low Usability
1371,28.517291204848725,77.00307493129006,44.79,Low Usability
1372,28.521532504505814,77.00298061352434,48.71,Low Usability
1373,28.526013132189394,77.00303266269866,44.11,Low Usability
1374,28.529113249949148,77.00191650850758,38.33,Low Usability
1375,28.544380447431426,77.00332901152017,52.76,Moderate Usability
1376,28.548595659469818,77.00349266309307,45.71,Low Usability
1377,28.55310617398568,77.00357807338882,43.76,Low Usability
1378,28.55761668526871,77.00366350332291,47.23,Low Usability
1379,28.56212719331856,77.00374895289889,44.37,Low Usability
1380,28.566637698134844,77.00383442212028,44.0,Low Usability
1381,28.571148199717204,77.00391991099063,41.03,Low Usability
1382,28.57565869806526,77.00400541951352,41.1,Low Usability
1383,28.580169193178687,77.00409094769252,42.85,Low Usability
1384,28.584679685057083,77.00417649553117,46.74,Low Usability
1385,28.589190173700086,77.00426206303301,44.59,Low Usability
1386,28.593700659107324,77.00434765020162,42.49,Low Usability
1387,28.59821114127846,77.0044332570406,42.26,Low Usability
1388,28.602721620213103,77.00451888355344,48.13,Low Usability
1389,28.607232095910906,77.00460452974376,45.28,Low Usability
1390,28.611742568371472,77.0046901956151,46.8,Low Usability
1391,28.616253037594465,77.00477588117103,49.17,Low Usability
1392,28.62076350357951,77.00486158641513,44.11,Low Usability
1393,28.625273966326237,77.00494731135095,43.6,Low Usability
1394,28.6297844258343,77.00503305598207,40.45,Low Usability
1395,28.634294882103312,77.00511882031208,44.8,Low Usability
1396,28.638805335132922,77.00520460434451,47.34,Low Usability
1397,28.64331578492275,77.00529040808298,46.45,Low Usability
1398,28.64782623147243,77.00537623153102,49.72,Low Usability
1399,28.65233667478162,77.00546207469223,44.64,Low Usability
1400,28.656847114849935,77.00554793757019,51.71,Moderate Usability
1401,28.66135755167702,77.00563382016848,58.7,Moderate Usability
1402,28.665867985262498,77.00571972249067,64.53,Moderate Usability
1403,28.670378415606017,77.00580564454032,44.92,Low Usability
1404,28.67488884270721,77.00589158632107,36.7,Low Usability
1405,28.679399266565706,77.00597754783645,30.56,Low Usability
1406,28.683909687181156,77.00606352909006,46.91,Low Usability
1407,28.688420104553177,77.00614953008551,41.62,Low Usability
1408,28.692930518681404,77.00623555082635,41.8,Low Usability
1409,28.697440929565495,77.00632159131618,39.68,Low Usability
1410,28.701951337205067,77.00640765155859,36.97,Low Usability
1411,28.706461741599753,77.00649373155716,38.27,Low Usability
1412,28.710972142749185,77.0065798313155,38.71,Low Usability
1413,28.715482540653024,77.00666595083723,37.33,Low Usability
1414,28.719992935310884,77.00675209012586,43.46,Low Usability
1415,28.7245033267224,77.00683824918505,36.7,Low Usability
1416,28.729013714887223,77.0069244280184,42.5,Low Usability
1417,28.73352409980499,77.00701062662945,43.0,Low Usability
1418,28.73803448147532,77.00709684502186,45.12,Low Usability
1419,28.742544859897862,77.0071830831992,44.99,Low Usability
1420,28.74705523507226,77.00726934116507,38.59,Low Usability
1421,28.751565606998106,77.00735561892309,41.88,Low Usability
1422,28.75607597567509,77.00744191647682,41.64,Low Usability
1423,28.760586341102826,77.00752823382992,40.55,Low Usability
1424,28.76509670328095,77.00761457098596,39.53,Low Usability
1425,28.769607062209097,77.00770092794853,32.34,Low Usability
1426,28.774117417886913,77.00778730472132,40.19,Low Usability
1427,28.778627770314024,77.00787370130783,41.26,Low Usability
1428,28.783138119490072,77.00796011771175,38.24,Low Usability
1429,28.78764846541468,77.00804655393665,35.33,Low Usability
1430,28.792158808087517,77.00813300998618,35.24,Low Usability
1431,28.796669147508187,77.00821948586392,37.16,Low Usability
1432,28.80117948367634,77.00830598157349,38.77,Low Usability
1433,28.80568981659161,77.00839249711849,44.76,Low Usability
1434,28.810200146253642,77.00847903250259,43.59,Low Usability
1435,28.81471047266208,77.00856558772936,36.95,Low Usability
1436,28.819220795816534,77.00865216280243,42.5,Low Usability
1437,28.82373111571667,77.00873875772545,45.42,Low Usability
1438,28.828241432362095,77.008825372502,42.42,Low Usability
1439,28.832751745752475,77.00891200713573,50.86,Moderate Usability
1440,28.835364911879527,77.00950975984979,42.54,Low Usability
1441,28.514603692920446,77.00560281594528,42.49,Low Usability
1442,28.51749238872152,77.00754887633225,42.0,Low Usability
1443,28.521457086115873,77.00808758795404,48.13,Low Usability
1444,28.525064671769762,77.0076121128448,44.55,Low Usability
1445,28.540495275027283,77.00970635159565,40.9,Low Usability
1446,28.54406719522859,77.00858305245313,42.68,Low Usability
1447,28.548520156549323,77.00860094095212,49.62,Low Usability
1448,28.553030656972663,77.00868656866082,46.35,Low Usability
1449,28.557541154162003,77.00877221605779,42.93,Low Usability
1450,28.562051648116984,77.0088578831466,44.63,Low Usability
1451,28.566562138837245,77.00894356993079,46.5,Low Usability
1452,28.57107262632238,77.00902927641393,46.53,Low Usability
1453,28.575583110572083,77.00911500259957,48.13,Low Usability
1454,28.580093591585932,77.0092007484913,47.53,Low Usability
1455,28.584604069363603,77.00928651409268,47.58,Low Usability
1456,28.58911454390471,77.00937229940727,39.2,Low Usability
1457,28.593625015208875,77.00945810443865,47.49,Low Usability
1458,28.59813548327575,77.00954392919041,43.72,Low Usability
1459,28.602645948104982,77.00962977366608,50.57,Moderate Usability
1460,28.607156409696184,77.00971563786928,47.73,Low Usability
1461,28.611666868048978,77.00980152180352,45.28,Low Usability
1462,28.616177323163026,77.00988742547243,44.8,Low Usability
1463,28.620687775037954,77.00997334887958,45.77,Low Usability
1464,28.625198223673376,77.01005929202853,48.21,Low Usability
1465,28.629708669068958,77.01014525492288,41.24,Low Usability
1466,28.63421911122432,77.01023123756619,32.81,Low Usability
1467,28.638729550139104,77.01031723996205,44.91,Low Usability
1468,28.643239985812922,77.01040326211405,50.14,Moderate Usability
1469,28.647750418245426,77.01048930402575,48.38,Low Usability
1470,28.65226084743625,77.01057536570076,44.06,Low Usability
1471,28.656771273385026,77.01066144714265,45.61,Low Usability
1472,28.661281696091386,77.01074754835504,47.91,Low Usability
1473,28.665792115554975,77.01083366934148,56.16,Moderate Usability
1474,28.670302531775423,77.01091981010556,49.13,Low Usability
1475,28.67481294475234,77.01100597065091,49.2,Low Usability
1476,28.679323354485415,77.01109215098109,46.2,Low Usability
1477,28.68383376097423,77.0111783510997,45.77,Low Usability
1478,28.68834416421845,77.01126457101033,44.28,Low Usability
1479,28.69285456421771,77.01135081071656,38.14,Low Usability
1480,28.697364960971644,77.01143707022203,38.5,Low Usability
1481,28.701875354479867,77.01152334953032,47.71,Low Usability
1482,28.706385744742025,77.011609648645,47.42,Low Usability
1483,28.710896131757764,77.01169596756972,45.82,Low Usability
1484,28.71540651552671,77.01178230630804,37.8,Low Usability
1485,28.7199168960485,77.01186866486358,39.69,Low Usability
1486,28.724427273322757,77.01195504323994,42.72,Low Usability
1487,28.72893764734915,77.01204144144074,45.62,Low Usability
1488,28.733448018127294,77.01212785946956,47.57,Low Usability
1489,28.737958385656814,77.01221429733002,44.81,Low Usability
1490,28.742468749937366,77.01230075502575,45.15,Low Usability
1491,28.746979110968578,77.01238723256034,45.84,Low Usability
1492,28.751489468750083,77.01247372993738,43.11,Low Usability
1493,28.755999823281524,77.01256024716051,39.14,Low Usability
1494,28.760510174562526,77.01264678423335,42.19,Low Usability
1495,28.765020522592724,77.01273334115946,41.48,Low Usability
1496,28.769530867371778,77.01281991794255,44.91,Low Usability
1497,28.7740412088993,77.01290651458613,42.24,Low Usability
1498,28.77855154717494,77.0129931310939,36.85,Low Usability
1499,28.783061882198307,77.01307976746945,35.17,Low Usability
1500,28.787572213969074,77.0131664237164,36.83,Low Usability
1501,28.792082542486856,77.01325309983837,36.88,Low Usability
1502,28.796592867751304,77.013339795839,37.67,Low Usability
1503,28.801103189762042,77.01342651172189,35.91,Low Usability
1504,28.805613508518707,77.01351324749066,38.39,Low Usability
1505,28.81012382402095,77.01360000314898,43.9,Low Usability
1506,28.8146341362684,77.01368677870045,42.63,Low Usability
1507,28.819144445260676,77.01377357414863,41.86,Low Usability
1508,28.82365475099744,77.01386038949728,40.84,Low Usability
1509,28.828165053478315,77.01394722474997,42.91,Low Usability
1510,28.832675352702942,77.01403407991032,41.3,Low Usability
1511,28.83568506549143,77.014333295001,41.89,Low Usability
1512,28.51854769790629,77.0107615298246,42.07,Low Usability
1513,28.521613287422944,77.01092033118657,41.78,Low Usability
1514,28.524006531496806,77.01100081222886,41.96,Low Usability
1515,28.53579637196999,77.0145893786191,41.05,Low Usability
1516,28.53945153079052,77.01357074999247,43.33,Low Usability
1517,28.543933972096386,77.01362337374302,48.59,Low Usability
1518,28.548444461626193,77.01370919912645,48.65,Low Usability
1519,28.552954947921183,77.01379504424456,41.11,Low Usability
1520,28.557465430981015,77.01388090910085,41.37,Low Usability
1521,28.56197591080532,77.01396679369893,45.06,Low Usability
1522,28.5664863873937,77.01405269804233,48.06,Low Usability
1523,28.570996860745815,77.01413862213468,42.52,Low Usability
1524,28.57550733086129,77.01422456597952,43.36,Low Usability
1525,28.580017797739757,77.01431052958043,45.51,Low Usability
1526,28.584528261380864,77.01439651294099,47.78,Low Usability
1527,28.58903872178423,77.01448251606476,47.99,Low Usability
1528,28.59354917894948,77.01456853895534,63.22,Moderate Usability
1529,28.598059632876264,77.0146545816163,54.67,Moderate Usability
1530,28.602570083564213,77.01474064405123,51.12,Moderate Usability
1531,28.60708053101296,77.01482672626369,42.89,Low Usability
1532,28.61159097522214,77.01491282825731,47.07,Low Usability
1533,28.61610141619138,77.01499895003562,42.54,Low Usability
1534,28.620611853920312,77.01508509160223,43.27,Low Usability
1535,28.625122288408573,77.01517125296073,44.58,Low Usability
1536,28.629632719655824,77.0152574341147,45.5,Low Usability
1537,28.63414314766165,77.01534363506774,41.89,Low Usability
1538,28.638653572425728,77.01542985582346,44.52,Low Usability
1539,28.643163993947667,77.0155160963854,48.44,Low Usability
1540,28.647674412227115,77.01560235675721,48.43,Low Usability
1541,28.652184827263692,77.01568863694241,46.58,Low Usability
1542,28.65669523905703,77.01577493694467,48.09,Low Usability
1543,28.661205647606792,77.01586125676755,54.25,Moderate Usability
1544,28.66571605291259,77.01594759641463,57.75,Moderate Usability
1545,28.670226454974056,77.01603395588957,40.4,Low Usability
1546,28.674736853790836,77.01612033519592,42.64,Low Usability
1547,28.679247249362554,77.01620673433729,48.34,Low Usability
1548,28.683757641688857,77.01629315331726,46.66,Low Usability
1549,28.688268030769386,77.0163795921395,47.38,Low Usability
1550,28.692778416603748,77.01646605080757,38.41,Low Usability
1551,28.6972887991916,77.01655252932507,46.96,Low Usability
1552,28.701799178532575,77.01663902769562,47.35,Low Usability
1553,28.70630955462628,77.01672554592281,41.38,Low Usability
1554,28.710819927472386,77.0168120840103,44.53,Low Usability
1555,28.715330297070537,77.01689864196162,46.29,Low Usability
1556,28.719840663420328,77.01698521978047,47.35,Low Usability
1557,28.724351026521397,77.01707181747038,38.25,Low Usability
1558,28.72886138637343,77.01715843503504,41.66,Low Usability
1559,28.733371742976004,77.01724507247803,45.47,Low Usability
1560,28.737882096328786,77.01733172980296,42.02,Low Usability
1561,28.742392446431406,77.01741840701345,37.41,Low Usability
1562,28.74690279328349,77.01750510411313,38.39,Low Usability
1563,28.75141313688469,77.0175918211056,43.08,Low Usability
1564,28.755923477234635,77.0176785579945,47.01,Low Usability
1565,28.760433814332956,77.01776531478345,47.88,Low Usability
1566,28.764944148179275,77.01785209147604,45.41,Low Usability
1567,28.769454478773262,77.01793888807597,46.96,Low Usability
1568,28.773964806114527,77.0180257045868,44.56,Low Usability
1569,28.77847513020271,77.0181125410122,43.12,Low Usability
1570,28.78298545103747,77.01819939735576,36.88,Low Usability
1571,28.787495768618403,77.01828627362111,38.6,Low Usability
1572,28.79200608294516,77.01837316981194,37.05,Low Usability
1573,28.796516394017402,77.01846008593185,36.42,Low Usability
1574,28.801026701834754,77.0185470219844,37.56,Low Usability
1575,28.805537006396822,77.01863397797334,39.24,Low Usability
1576,28.810047307703293,77.01872095390223,40.15,Low Usability
1577,28.814557605753762,77.01880794977474,39.33,Low Usability
1578,28.819067900547875,77.01889496559446,44.05,Low Usability
1579,28.823578192085257,77.01898200136509,43.36,Low Usability
1580,28.828088480365587,77.01906905709028,42.92,Low Usability
1581,28.832598765388465,77.01915613277359,40.03,Low Usability
1582,28.835935712780053,77.01927638137587,45.27,Low Usability
1583,28.535153686490244,77.01859924395686,47.07,Low Usability
1584,28.539347620733874,77.01864537186847,48.38,Low Usability
1585,28.543858099336322,77.01873139482683,48.61,Low Usability
1586,28.548368574703158,77.01881743756618,45.09,Low Usability
1587,28.552879046833993,77.01890350009008,46.23,Low Usability
1588,28.557389515728488,77.01898958240213,40.34,Low Usability
1589,28.561899981386272,77.01907568450589,46.43,Low Usability
1590,28.56641044380696,77.01916180640497,47.15,Low Usability
1591,28.57092090299021,77.01924794810296,44.1,Low Usability
1592,28.57543135893565,77.01933410960342,42.95,Low Usability
1593,28.579941811642904,77.01942029090993,44.27,Low Usability
1594,28.5844522611116,77.01950649202605,51.39,Moderate Usability
1595,28.58896270734137,77.01959271295544,51.14,Moderate Usability
1596,28.59347315033187,77.01967895370163,57.35,Moderate Usability
1597,28.597983590082713,77.01976521426822,53.38,Moderate Usability
1598,28.60249402659355,77.01985149465881,47.92,Low Usability
1599,28.60700445986399,77.019937794877,49.52,Low Usability
1600,28.611514889893687,77.02002411492636,55.0,Moderate Usability
1601,28.616025316682254,77.02011045481049,46.15,Low Usability
1602,28.620535740229347,77.020196814533,46.4,Low Usability
1603,28.62504616053458,77.02028319409744,46.89,Low Usability
1604,28.629556577597604,77.02036959350748,57.14,Moderate Usability
1605,28.634066991418056,77.02045601276666,46.01,Low Usability
1606,28.63857740199554,77.02054245187861,47.99,Low Usability
1607,28.643087809329725,77.02062891084692,48.95,Low Usability
1608,28.647598213420228,77.0207153896752,44.43,Low Usability
1609,28.652108614266677,77.02080188836705,45.66,Low Usability
1610,28.656619011868713,77.02088840692605,44.96,Low Usability
1611,28.661129406225974,77.02097494535582,48.71,Low Usability
1612,28.66563979733809,77.02106150365998,42.23,Low Usability
1613,28.670150185204694,77.02114808184214,40.76,Low Usability
1614,28.67466056982542,77.02123467990589,42.87,Low Usability
1615,28.67917095119991,77.02132129785487,41.97,Low Usability
1616,28.68368132932779,77.02140793569264,44.63,Low Usability
1617,28.6881917042087,77.02149459342287,47.15,Low Usability
1618,28.692702075842266,77.02158127104913,47.43,Low Usability
1619,28.697212444228136,77.02166796857504,47.28,Low Usability
1620,28.70172280936593,77.02175468600426,42.31,Low Usability
1621,28.70623317125529,77.02184142334038,43.61,Low Usability
1622,28.710743529895854,77.021928180587,40.33,Low Usability
1623,28.715253885287254,77.02201495774774,40.21,Low Usability
1624,28.71976423742912,77.02210175482625,46.24,Low Usability
1625,28.72427458632109,77.02218857182615,46.85,Low Usability
1626,28.7287849319628,77.02227540875104,42.88,Low Usability
1627,28.733295274353893,77.02236226560456,45.98,Low Usability
1628,28.737805613493983,77.02244914239031,45.08,Low Usability
1629,28.742315949382736,77.02253603911196,39.14,Low Usability
1630,28.74682628201976,77.0226229557731,36.13,Low Usability
1631,28.751336611404692,77.02270989237739,38.07,Low Usability
1632,28.755846937537175,77.02279684892841,41.25,Low Usability
1633,28.76035726041687,77.02288382542989,44.17,Low Usability
1634,28.764867580043372,77.02297082188537,38.31,Low Usability
1635,28.76937789641633,77.02305783829848,35.59,Low Usability
1636,28.773888209535368,77.02314487467292,35.11,Low Usability
1637,28.778398519400156,77.0232319310123,39.95,Low Usability
1638,28.782908826010292,77.02331900732024,44.06,Low Usability
1639,28.78741912936544,77.02340610360041,44.1,Low Usability
1640,28.79192942946522,77.02349321985645,39.48,Low Usability
1641,28.79643972630927,77.02358035609195,37.77,Low Usability
1642,28.800950019897233,77.02366751231058,38.06,Low Usability
1643,28.80546031022874,77.023754688516,42.94,Low Usability
1644,28.809970597303423,77.02384188471184,36.5,Low Usability
1645,28.814480881120932,77.02392910090177,40.4,Low Usability
1646,28.818991161680874,77.02401633708938,42.45,Low Usability
1647,28.823501438982916,77.02410359327838,43.53,Low Usability
1648,28.82801171302668,77.02419086947239,49.06,Low Usability
1649,28.832521983811805,77.02427816567509,47.47,Low Usability
1650,28.835873062633656,77.02433445365911,45.22,Low Usability
1651,28.531959404327228,77.02466344109973,41.89,Low Usability
1652,28.534766962957708,77.0236734666942,44.39,Low Usability
1653,28.53927157021006,77.02375315586893,47.94,Low Usability
1654,28.54378203461489,77.02383939612966,42.35,Low Usability
1655,28.548292495782928,77.02392565622131,38.23,Low Usability
1656,28.552802953713805,77.02401193614745,43.62,Low Usability
1657,28.557313408407147,77.02409823591167,46.65,Low Usability
1658,28.561823859862596,77.02418455551758,45.39,Low Usability
1659,28.566334308079778,77.02427089496875,45.69,Low Usability
1660,28.570844753058328,77.02435725426876,45.05,Low Usability
1661,28.575355194797886,77.02444363342124,43.47,Low Usability
1662,28.57986563329808,77.02453003242975,45.45,Low Usability
1663,28.58437606855854,77.02461645129793,61.2,Moderate Usability
1664,28.588886500578898,77.0247028900293,55.37,Moderate Usability
1665,28.593396929358793,77.02478934862752,58.56,Moderate Usability
1666,28.59790735489785,77.02487582709615,54.91,Moderate Usability
1667,28.60241777719571,77.02496232543884,58.31,Moderate Usability
1668,28.606928196252003,77.0250488436591,40.8,Low Usability
1669,28.611438612066358,77.02513538176063,47.58,Low Usability
1670,28.615949024638414,77.02522193974698,48.99,Low Usability
1671,28.62045943396778,77.0253085176218,42.25,Low Usability
1672,28.624969840054128,77.02539511538862,54.86,Moderate Usability
1673,28.62948024289708,77.02548173305108,56.58,Moderate Usability
1674,28.633990642496258,77.02556837061283,55.91,Moderate Usability
1675,28.63850103885131,77.02565502807742,44.71,Low Usability
1676,28.643011431961856,77.0257417054485,47.92,Low Usability
1677,28.64752182182753,77.02582840272962,46.55,Low Usability
1678,28.652032208447974,77.02591511992449,43.73,Low Usability
1679,28.65654259182282,77.02600185703663,47.97,Low Usability
1680,28.66105297195169,77.02608861406974,50.73,Moderate Usability
1681,28.66556334883424,77.02617539102737,41.6,Low Usability
1682,28.670073722470086,77.02626218791312,37.15,Low Usability
1683,28.67458409285887,77.02634900473066,44.76,Low Usability
1684,28.679094460000222,77.02643584148362,47.6,Low Usability
1685,28.683604823893777,77.02652269817558,44.56,Low Usability
1686,28.688115184539157,77.02660957481018,44.54,Low Usability
1687,28.692625541936028,77.02669647139103,44.53,Low Usability
1688,28.697135896084,77.02678338792178,45.24,Low Usability
1689,28.70164624698271,77.02687032440603,47.39,Low Usability
1690,28.7061565946318,77.02695728084741,45.43,Low Usability
1691,28.710666939030883,77.02704425724957,46.37,Low Usability
1692,28.715177280179624,77.0271312536161,44.31,Low Usability
1693,28.719687618077643,77.02721826995065,47.44,Low Usability
1694,28.724197952724566,77.02730530625689,45.16,Low Usability
1695,28.728708284120053,77.02739236253841,42.4,Low Usability
1696,28.733218612263705,77.0274794387988,40.05,Low Usability
1697,28.73772893715518,77.02756653504179,43.39,Low Usability
1698,28.74223925879411,77.02765365127095,39.27,Low Usability
1699,28.746749577180125,77.02774078748996,37.81,Low Usability
1700,28.75125989231287,77.02782794370242,36.98,Low Usability
1701,28.755770204191958,77.02791511991198,39.0,Low Usability
1702,28.760280512817054,77.02800231612228,43.21,Low Usability
1703,28.764790818187763,77.02808953233699,37.96,Low Usability
1704,28.76930112030374,77.02817676855972,36.13,Low Usability
1705,28.773811419164602,77.02826402479413,35.69,Low Usability
1706,28.77832171477,77.02835130104384,37.55,Low Usability
1707,28.782832007119577,77.02843859731256,39.25,Low Usability
1708,28.787342296212955,77.02852591360384,41.05,Low Usability
1709,28.791852582049767,77.02861324992143,46.39,Low Usability
1710,28.796362864629668,77.02870060626891,45.49,Low Usability
1711,28.800873143952266,77.02878798264996,41.83,Low Usability
1712,28.805383420017204,77.02887537906824,44.82,Low Usability
1713,28.80989369282413,77.02896279552739,37.76,Low Usability
1714,28.814403962372673,77.02905023203105,39.43,Low Usability
1715,28.818914228662475,77.02913768858295,47.6,Low Usability
1716,28.82342449169317,77.02922516518665,47.18,Low Usability
1717,28.82793475146437,77.02931266184585,42.25,Low Usability
1718,28.832445007975757,77.02940017856422,39.08,Low Usability
1719,28.835828463946118,77.02954276645748,39.78,Low Usability
1720,28.53112388658151,77.02901399321473,40.1,Low Usability
1721,28.53468487435442,77.02877448235978,44.78,Low Usability
1722,28.539195327763426,77.02886092004206,48.85,Low Usability
1723,28.54370577793484,77.0289473776016,46.24,Low Usability
1724,28.548216224868277,77.02903385504194,42.97,Low Usability
1725,28.55272666856335,77.02912035236673,44.99,Low Usability
1726,28.557237109019734,77.02920686957955,46.15,Low Usability
1727,28.561747546237026,77.02929340668398,46.9,Low Usability
1728,28.56625798021487,77.02937996368364,45.82,Low Usability
1729,28.570768410952912,77.0294665405821,43.32,Low Usability
1730,28.575278838450764,77.02955313738305,41.11,Low Usability
1731,28.57978926270805,77.02963975408996,45.46,Low Usability
1732,28.58429968372445,77.02972639070654,60.97,Moderate Usability
1733,28.588810101499547,77.02981304723633,51.66,Moderate Usability
1734,28.593320516032993,77.02989972368297,54.23,Moderate Usability
1735,28.59783092732442,77.02998642005007,58.2,Moderate Usability
1736,28.60234133537346,77.03007313634119,52.34,Moderate Usability
1737,28.606851740179753,77.03015987256,42.61,Low Usability
1738,28.611362141742912,77.0302466287101,44.8,Low Usability
1739,28.615872540062583,77.03033340479507,52.07,Moderate Usability
1740,28.620382935138394,77.03042020081855,45.13,Low Usability
1741,28.624893326969982,77.03050701678413,42.15,Low Usability
1742,28.629403715556997,77.03059385269543,43.9,Low Usability
1743,28.633914100899034,77.0306807085561,43.6,Low Usability
1744,28.638424482995767,77.03076758436974,41.39,Low Usability
1745,28.64293486184681,77.03085448013996,45.26,Low Usability
1746,28.647445237451787,77.03094139587037,52.23,Moderate Usability
1747,28.651955609810337,77.03102833156461,47.19,Low Usability
1748,28.6564659789221,77.03111528722631,49.81,Low Usability
1749,28.660976344786707,77.03120226285908,52.49,Moderate Usability
1750,28.665486707403787,77.03128925846656,48.88,Low Usability
1751,28.669997066772986,77.03137627405232,42.33,Low Usability
1752,28.674507422893925,77.03146330962005,42.59,Low Usability
1753,28.679017775766237,77.03155036517336,43.57,Low Usability
1754,28.683528125389564,77.03163744071587,44.78,Low Usability
1755,28.688038471763537,77.03172453625122,42.24,Low Usability
1756,28.69254881488779,77.03181165178306,39.52,Low Usability
1757,28.697059154761952,77.03189878731499,42.32,Low Usability
1758,28.70156949138567,77.03198594285065,45.31,Low Usability
1759,28.70607982475856,77.03207311839368,41.67,Low Usability
1760,28.710590154880265,77.03216031394773,41.57,Low Usability
1761,28.71510048175042,77.03224752951644,44.19,Low Usability
1762,28.719610805368667,77.03233476510343,48.76,Low Usability
1763,28.724121125734612,77.03242202071235,47.03,Low Usability
1764,28.728631442847924,77.03250929634682,45.73,Low Usability
1765,28.73314175670823,77.03259659201052,42.66,Low Usability
1766,28.73765206731515,77.03268390770708,44.37,Low Usability
1767,28.742162374668315,77.03277124344012,38.44,Low Usability
1768,28.746672678767386,77.03285859921336,35.57,Low Usability
1769,28.75118297961196,77.03294597503034,35.82,Low Usability
1770,28.755693277201715,77.03303337089478,36.9,Low Usability
1771,28.76020357153626,77.0331207868103,42.48,Low Usability
1772,28.76471386261524,77.03320822278057,38.7,Low Usability
1773,28.76922415043825,77.03329567880925,37.47,Low Usability
1774,28.773734435004982,77.03338315489998,36.98,Low Usability
1775,28.778244716315044,77.03347065105643,37.95,Low Usability
1776,28.782754994368087,77.0335581672822,39.51,Low Usability
1777,28.787265269163726,77.03364570358103,40.58,Low Usability
1778,28.791775540701604,77.03373325995652,44.91,Low Usability
1779,28.79628580898136,77.03382083641235,52.84,Moderate Usability
1780,28.80079607400262,77.03390843295215,44.4,Low Usability
1781,28.80530633576502,77.03399604957964,44.07,Low Usability
1782,28.809816594268202,77.03408368629842,43.46,Low Usability
1783,28.814326849511797,77.0341713431122,50.59,Moderate Usability
1784,28.818837101495458,77.03425902002465,49.24,Low Usability
1785,28.823347350218803,77.03434671703941,46.64,Low Usability
1786,28.827857595681458,77.03443443416013,46.27,Low Usability
1787,28.832367837883083,77.03452217139052,37.57,Low Usability
1788,28.836865572320765,77.03462505410418,37.87,Low Usability
1789,28.84122396007316,77.03524087094284,41.5,Low Usability
1790,28.845611130725292,77.03613138219639,38.04,Low Usability
1791,28.84948689033554,77.03691815755056,37.98,Low Usability
1792,28.526848324530967,77.03535832566591,39.38,Low Usability
1793,28.53023244663915,77.03392036101332,49.57,Low Usability
1794,28.534608454255768,77.03388200941036,43.76,Low Usability
1795,28.539118893396736,77.03396866433795,48.54,Low Usability
1796,28.543629329298913,77.03405533919268,45.72,Low Usability
1797,28.54813976196193,77.03414203397814,44.77,Low Usability
1798,28.552650191385418,77.03422874869798,49.63,Low Usability
1799,28.557160617569007,77.0343154833558,45.74,Low Usability
1800,28.561671040512334,77.03440223795516,47.83,Low Usability
1801,28.56618146021501,77.03448901249973,50.76,Moderate Usability
1802,28.570691876676705,77.03457580699305,46.46,Low Usability
1803,28.575202289897017,77.0346626214388,48.46,Low Usability
1804,28.5797126998756,77.03474945584054,59.77,Moderate Usability
1805,28.58422310661207,77.03483631020192,61.19,Moderate Usability
1806,28.588733510106074,77.03492318452653,52.33,Moderate Usability
1807,28.59324391035723,77.03501007881799,45.03,Low Usability
1808,28.597754307365175,77.0350969930799,61.06,Moderate Usability
1809,28.602264701129556,77.03518392731591,62.08,Moderate Usability
1810,28.606775091649986,77.03527088152966,51.29,Moderate Usability
1811,28.611285478926092,77.03535785572467,53.78,Moderate Usability
1812,28.61579586295754,77.03544484990464,50.92,Moderate Usability
1813,28.62030624374393,77.03553186407319,45.22,Low Usability
1814,28.624816621284907,77.0356188982339,41.65,Low Usability
1815,28.629326995580097,77.03570595239044,42.13,Low Usability
1816,28.63383736662916,77.03579302654646,40.07,Low Usability
1817,28.638347734431694,77.0358801207055,40.81,Low Usability
1818,28.642858098987343,77.03596723487124,40.15,Low Usability
1819,28.647368460295738,77.0360543690473,45.6,Low Usability
1820,28.65187881835653,77.03614152323732,45.14,Low Usability
1821,28.656389173169334,77.03622869744491,46.53,Low Usability
1822,28.660899524733782,77.03631589167372,48.34,Low Usability
1823,28.66540987304952,77.0364031059274,49.6,Low Usability
1824,28.669920218116168,77.03649034020955,44.26,Low Usability
1825,28.67443055993337,77.03657759452383,43.04,Low Usability
1826,28.678940898500752,77.0366648688739,43.43,Low Usability
1827,28.68345123381795,77.03675216326334,45.78,Low Usability
1828,28.6879615658846,77.0368394776958,43.09,Low Usability
1829,28.69247189470033,77.03692681217498,39.64,Low Usability
1830,28.696982220264776,77.03701416670445,42.98,Low Usability
1831,28.701492542577583,77.03710154128791,44.11,Low Usability
1832,28.70600286163837,77.03718893592895,43.76,Low Usability
1833,28.71051317744676,77.03727635063129,44.57,Low Usability
1834,28.71502349000241,77.03736378539851,46.4,Low Usability
1835,28.719533799304948,77.03745124023426,49.1,Low Usability
1836,28.724044105354004,77.03753871514223,47.11,Low Usability
1837,28.728554408149225,77.03762621012605,46.31,Low Usability
1838,28.73306470769023,77.03771372518938,46.78,Low Usability
1839,28.73757500397665,77.03780126033585,42.82,Low Usability
1840,28.742085297008124,77.03788881556916,39.89,Low Usability
1841,28.746595586784284,77.03797639089292,40.21,Low Usability
1842,28.75110587330478,77.03806398631082,38.58,Low Usability
1843,28.755616156569236,77.03815160182647,38.1,Low Usability
1844,28.760126436577277,77.03823923744358,46.19,Low Usability
1845,28.764636713328553,77.03832689316579,42.78,Low Usability
1846,28.76914698682268,77.03841456899676,42.0,Low Usability
1847,28.773657257059313,77.03850226494016,41.95,Low Usability
1848,28.77816752403807,77.03858998099962,43.9,Low Usability
1849,28.7826777877586,77.03867771717886,39.98,Low Usability
1850,28.787188048220543,77.0387654734815,50.6,Moderate Usability
1851,28.7916983054235,77.03885324991124,55.57,Moderate Usability
1852,28.796208559367138,77.03894104647175,54.31,Moderate Usability
1853,28.80071881005108,77.03902886316666,44.95,Low Usability
1854,28.805229057474964,77.0391166999997,46.52,Low Usability
1855,28.809739301638423,77.03920455697448,46.31,Low Usability
1856,28.814249542541088,77.0392924340947,49.13,Low Usability
1857,28.818759780182596,77.03938033136404,40.6,Low Usability
1858,28.82327001456261,77.03946824878619,43.21,Low Usability
1859,28.827780245680714,77.03955618636478,45.34,Low Usability
1860,28.832290473536585,77.03964414410353,39.11,Low Usability
1861,28.83680069812983,77.03973212200614,36.66,Low Usability
1862,28.8413109194601,77.03982012007621,40.27,Low Usability
1863,28.845821137527036,77.0399081383175,41.06,Low Usability
1864,28.850328381110366,77.03999958321701,40.15,Low Usability
1865,28.85457376504689,77.04070546468951,38.07,Low Usability
1866,28.858502761666095,77.04190357868734,44.12,Low Usability
1867,28.52199031890413,77.04011014604538,46.03,Low Usability
1868,28.5256060095076,77.03893247888091,43.22,Low Usability
1869,28.530021414198885,77.0389026643416,45.67,Low Usability
1870,28.534531842275612,77.03898951653743,45.88,Low Usability
1871,28.53904226711273,77.03907638870668,48.36,Low Usability
1872,28.543552688709866,77.03916328085302,46.36,Low Usability
1873,28.548063107066664,77.03925019298,40.23,Low Usability
1874,28.55257352218272,77.0393371250913,43.99,Low Usability
1875,28.557083934057705,77.03942407719046,48.91,Low Usability
1876,28.56159434269124,77.03951104928117,45.57,Low Usability
1877,28.566104748082946,77.03959804136701,50.56,Moderate Usability
1878,28.57061515023247,77.03968505345159,49.81,Low Usability
1879,28.57512554913942,77.03977208553856,60.95,Moderate Usability
1880,28.579635944803435,77.03985913763151,57.45,Moderate Usability
1881,28.584146337224166,77.03994620973405,58.6,Moderate Usability
1882,28.588656726401233,77.04003330184987,59.6,Moderate Usability
1883,28.593167112334257,77.04012041398254,66.93,Moderate Usability
1884,28.597677495022893,77.04020754613568,57.43,Moderate Usability
1885,28.60218787446676,77.04029469831293,59.36,Moderate Usability
1886,28.606698250665485,77.04038187051793,59.43,Moderate Usability
1887,28.611208623618705,77.04046906275428,54.63,Moderate Usability
1888,28.615718993326055,77.04055627502565,45.02,Low Usability
1889,28.620229359787167,77.04064350733562,47.62,Low Usability
1890,28.624739723001667,77.04073075968788,43.87,Low Usability
1891,28.62925008296918,77.04081803208602,45.77,Low Usability
1892,28.633760439689375,77.04090532453371,44.04,Low Usability
1893,28.638270793161844,77.04099263703453,41.29,Low Usability
1894,28.642781143386237,77.04107996959218,41.59,Low Usability
1895,28.64729149036218,77.04116732221027,43.35,Low Usability
1896,28.651801834089323,77.0412546948924,44.24,Low Usability
1897,28.65631217456728,77.04134208764232,46.08,Low Usability
1898,28.66082251179569,77.04142950046356,44.18,Low Usability
1899,28.665332845774188,77.04151693335979,47.71,Low Usability
1900,28.6698431765024,77.04160438633468,46.71,Low Usability
1901,28.67435350397997,77.0416918593919,44.27,Low Usability
1902,28.678863828206524,77.04177935253502,43.21,Low Usability
1903,28.683374149181695,77.04186686576776,44.44,Low Usability
1904,28.687884466905114,77.04195439909371,43.11,Low Usability
1905,28.692394781376425,77.04204195251657,44.3,Low Usability
1906,28.696905092595244,77.04212952603994,42.23,Low Usability
1907,28.701415400561213,77.04221711966754,42.7,Low Usability
1908,28.705925705273987,77.04230473340297,41.74,Low Usability
1909,28.710436006733158,77.0423923672499,42.24,Low Usability
1910,28.714946304938383,77.04248002121199,43.23,Low Usability
1911,28.7194565998893,77.0425676952929,44.4,Low Usability
1912,28.723966891585526,77.04265538949628,42.13,Low Usability
1913,28.728477180026708,77.04274310382579,45.17,Low Usability
1914,28.73298746521248,77.04283083828508,44.37,Low Usability
1915,28.737497747142463,77.04291859287784,46.02,Low Usability
1916,28.74200802581632,77.04300636760773,41.19,Low Usability
1917,28.74651830123365,77.04309416247841,36.2,Low Usability
1918,28.751028573394095,77.04318197749352,36.29,Low Usability
1919,28.755538842297298,77.04326981265673,35.81,Low Usability
1920,28.760049107942898,77.04335766797178,41.5,Low Usability
1921,28.76455937033052,77.04344554344225,44.97,Low Usability
1922,28.7690696294598,77.04353343907182,46.33,Low Usability
1923,28.773579885330378,77.04362135486423,42.61,Low Usability
1924,28.778090137941867,77.04370929082307,44.54,Low Usability
1925,28.78260038729393,77.04379724695208,48.73,Low Usability
1926,28.78711063338618,77.04388522325493,44.46,Low Usability
1927,28.791620876218257,77.04397321973525,55.23,Moderate Usability
1928,28.796131115789795,77.04406123639676,56.2,Moderate Usability
1929,28.800641352100453,77.0441492732431,50.11,Moderate Usability
1930,28.80515158514983,77.04423733027798,46.29,Low Usability
1931,28.809661814937577,77.04432540750507,49.03,Low Usability
1932,28.814172041463326,77.04441350492807,40.82,Low Usability
1933,28.818682264726714,77.04450162255065,39.12,Low Usability
1934,28.82319248472737,77.0445897603765,37.18,Low Usability
1935,28.827702701464947,77.04467791840928,42.35,Low Usability
1936,28.83221291493906,77.0447660966527,43.37,Low Usability
1937,28.83672312514935,77.0448542951105,38.2,Low Usability
1938,28.84123333209544,77.04494251378625,38.54,Low Usability
1939,28.845743535777,77.04503075268374,39.19,Low Usability
1940,28.850253736193636,77.04511901180663,39.16,Low Usability
1941,28.85476393334499,77.04520729115863,44.77,Low Usability
1942,28.859272891991832,77.04529696870864,45.03,Low Usability
1943,28.863515805774668,77.04600662300655,44.15,Low Usability
1944,28.867442914399177,77.04720497608093,43.35,Low Usability
1945,28.517952271005406,77.04497587248895,48.71,Low Usability
1946,28.52095281601974,77.0438691861916,49.79,Low Usability
1947,28.52543420769975,77.04392288494276,46.92,Low Usability
1948,28.529944624678453,77.04400993430701,46.07,Low Usability
1949,28.534455038416727,77.04409700369102,46.85,Low Usability
1950,28.538965448914183,77.04418409309837,47.34,Low Usability
1951,28.543475856170485,77.04427120253267,47.86,Low Usability
1952,28.547986260185223,77.04435833199756,44.19,Low Usability
1953,28.552496660958074,77.04444548149668,53.14,Moderate Usability
1954,28.557007058488626,77.04453265103363,44.6,Low Usability
1955,28.561517452776553,77.04461984061204,43.0,Low Usability
1956,28.56602784382145,77.04470705023554,56.6,Moderate Usability
1957,28.570538231622976,77.04479427990776,58.89,Moderate Usability
1958,28.57504861618073,77.04488152963233,60.65,Moderate Usability
1959,28.579558997494367,77.04496879941284,59.9,Moderate Usability
1960,28.584069375563512,77.04505608925297,60.54,Moderate Usability
1961,28.58857975038781,77.04514339915637,62.43,Moderate Usability
1962,28.593090121966867,77.04523072912659,65.74,Moderate Usability
1963,28.597600490300344,77.04531807916733,56.52,Moderate Usability
1964,28.602110855387846,77.0454054492822,57.83,Moderate Usability
1965,28.606621217229016,77.04549283947485,54.04,Moderate Usability
1966,28.611131575823496,77.04558024974891,45.76,Low Usability
1967,28.615641931170902,77.04566768010801,46.96,Low Usability
1968,28.620152283270865,77.04575513055582,49.61,Low Usability
1969,28.62466263212302,77.04584260109594,42.53,Low Usability
1970,28.629172977727016,77.04593009173207,41.29,Low Usability
1971,28.633683320082458,77.04601760246778,42.23,Low Usability
1972,28.638193659188996,77.0461051333068,42.42,Low Usability
1973,28.64270399504627,77.04619268425269,41.55,Low Usability
1974,28.64721432765389,77.04628025530914,42.5,Low Usability
1975,28.6517246570115,77.04636784647981,45.03,Low Usability
1976,28.656234983118726,77.04645545776833,46.88,Low Usability
1977,28.660745305975208,77.04654308917834,43.62,Low Usability
1978,28.665255625580578,77.04663074071352,46.06,Low Usability
1979,28.66976594193448,77.04671841237753,48.68,Low Usability
1980,28.67427625503652,77.04680610417398,46.57,Low Usability
1981,28.67878656488635,77.04689381610658,42.55,Low Usability
1982,28.683296871483584,77.04698154817893,43.29,Low Usability
1983,28.687807174827867,77.04706930039474,38.57,Low Usability
1984,28.692317474918852,77.0471570727576,38.94,Low Usability
1985,28.696827771756148,77.04724486527127,39.6,Low Usability
1986,28.701338065339378,77.04733267793932,41.67,Low Usability
1987,28.705848355668213,77.04742051076548,41.11,Low Usability
1988,28.710358642742243,77.04750836375338,44.87,Low Usability
1989,28.71486892656112,77.04759623690667,45.98,Low Usability
1990,28.719379207124486,77.04768413022904,44.14,Low Usability
1991,28.723889484431957,77.04777204372417,39.1,Low Usability
1992,28.728399758483196,77.04785997739572,42.42,Low Usability
1993,28.732910029277797,77.04794793124735,45.12,Low Usability
1994,28.737420296815415,77.0480359052827,46.18,Low Usability
1995,28.74193056109569,77.0481238995055,48.14,Low Usability
1996,28.746440822118245,77.04821191391942,40.49,Low Usability
1997,28.75095107988271,77.04829994852808,36.95,Low Usability
1998,28.755461334388716,77.04838800333522,37.17,Low Usability
1999,28.759971585635917,77.04847607834446,45.47,Low Usability
2000,28.764481833623943,77.04856417355956,46.14,Low Usability
2001,28.768992078352404,77.0486522889841,42.86,Low Usability
2002,28.773502319820945,77.04874042462183,45.2,Low Usability
2003,28.778012558029225,77.0488285804764,47.86,Low Usability
2004,28.782522792976845,77.04891675655149,43.21,Low Usability
2005,28.787033024663454,77.04900495285082,42.39,Low Usability
2006,28.791543253088676,77.04909316937805,46.97,Low Usability
2007,28.79605347825216,77.0491814061369,45.72,Low Usability
2008,28.800563700153536,77.04926966313097,42.88,Low Usability
2009,28.80507391879243,77.04935794036405,40.82,Low Usability
2010,28.809584134168485,77.04944623783977,48.49,Low Usability
2011,28.814094346281323,77.04953455556186,38.31,Low Usability
2012,28.818604555130587,77.04962289353398,38.56,Low Usability
2013,28.823114760715928,77.04971125175986,39.92,Low Usability
2014,28.82762496303696,77.04979963024314,45.16,Low Usability
2015,28.832135162093323,77.04988802898757,43.79,Low Usability
2016,28.836645357884642,77.04997644799683,41.76,Low Usability
2017,28.84115555041057,77.0500648872746,40.93,Low Usability
2018,28.84566573967073,77.05015334682462,39.89,Low Usability
2019,28.85017592566476,77.05024182665055,38.99,Low Usability
2020,28.854686108392297,77.05033032675614,44.79,Low Usability
2021,28.85919628785297,77.05041884714502,47.18,Low Usability
2022,28.863706464046416,77.05050738782097,47.43,Low Usability
2023,28.868215314872554,77.05059742447266,40.92,Low Usability
2024,28.8717419927532,77.0510915838014,40.02,Low Usability
2025,28.516966115790275,77.04909094944944,50.02,Moderate Usability
2026,28.520846834865335,77.04894267132086,49.74,Low Usability
2027,28.52535724071222,77.04902991775378,44.49,Low Usability
2028,28.529867643317846,77.04911718425271,45.23,Low Usability
2029,28.53437804268186,77.04920447082127,45.72,Low Usability
2030,28.53888843880386,77.04929177746305,46.51,Low Usability
2031,28.543398831683497,77.04937910418172,44.18,Low Usability
2032,28.547909221320403,77.04946645098092,42.93,Low Usability
2033,28.552419607714203,77.04955381786425,45.29,Low Usability
2034,28.55692999086453,77.04964120483534,44.35,Low Usability
2035,28.56144037077102,77.04972861189783,46.11,Low Usability
2036,28.56595074743329,77.04981603905537,59.71,Moderate Usability
2037,28.570461120850986,77.04990348631158,63.09,Moderate Usability
2038,28.574971491023728,77.0499909536701,59.16,Moderate Usability
2039,28.57948185795115,77.05007844113459,55.69,Moderate Usability
2040,28.583992221632897,77.05016594870865,60.68,Moderate Usability
2041,28.588502582068568,77.05025347639597,62.72,Moderate Usability
2042,28.59301293925782,77.05034102420015,61.78,Moderate Usability
2043,28.5975232932003,77.05042859212483,66.35,Moderate Usability
2044,28.602033643895602,77.0505161801737,60.45,Moderate Usability
2045,28.60654399134336,77.05060378835037,55.55,Moderate Usability
2046,28.611054335543233,77.05069141665847,43.34,Low Usability
2047,28.61556467649484,77.05077906510171,44.38,Low Usability
2048,28.62007501419781,77.05086673368368,43.63,Low Usability
2049,28.624585348651763,77.05095442240804,45.63,Low Usability
2050,28.629095679856363,77.05104213127848,40.02,Low Usability
2051,28.633606007811217,77.05112986029863,31.87,Low Usability
2052,28.638116332515953,77.05121760947213,61.98,Moderate Usability
2053,28.642626653970222,77.05130537880267,55.88,Moderate Usability
2054,28.64713697217364,77.05139316829383,38.74,Low Usability
2055,28.65164728712584,77.05148097794932,48.19,Low Usability
2056,28.656157598826464,77.05156880777284,47.23,Low Usability
2057,28.660667907275137,77.05165665776799,44.22,Low Usability
2058,28.665178212471492,77.05174452793844,43.34,Low Usability
2059,28.669688514415178,77.0518324182879,45.32,Low Usability
2060,28.674198813105793,77.05192032881996,45.11,Low Usability
2061,28.67870910854301,77.05200825953833,35.01,Low Usability
2062,28.68321940072641,77.05209621044669,41.69,Low Usability
2063,28.687729689655672,77.05218418154864,39.86,Low Usability
2064,28.692239975330413,77.0522721728479,38.41,Low Usability
2065,28.696750257750267,77.05236018434815,43.59,Low Usability
2066,28.701260536914862,77.05244821605304,43.16,Low Usability
2067,28.705770812823825,77.05253626796623,42.12,Low Usability
2068,28.710281085476808,77.05262434009144,45.67,Low Usability
2069,28.71479135487343,77.05271243243226,45.06,Low Usability
2070,28.71930162101332,77.05280054499246,47.76,Low Usability
2071,28.723811883896108,77.05288867777567,34.79,Low Usability
2072,28.728322143521456,77.05297683078557,41.85,Low Usability
2073,28.732832399888974,77.05306500402583,45.44,Low Usability
2074,28.73734265299829,77.05315319750014,44.71,Low Usability
2075,28.741852902849043,77.05324141121218,45.47,Low Usability
2076,28.74636314944088,77.05332964516563,43.88,Low Usability
2077,28.750873392773418,77.05341789936422,46.86,Low Usability
2078,28.755383632846296,77.05350617381157,45.21,Low Usability
2079,28.759893869659145,77.05359446851138,43.4,Low Usability
2080,28.764404103211604,77.05368278346737,44.09,Low Usability
2081,28.7689143335033,77.0537711186832,32.36,Low Usability
2082,28.773424560533872,77.05385947416256,42.43,Low Usability
2083,28.77793478430295,77.05394784990915,45.54,Low Usability
2084,28.782445004810164,77.0540362459267,42.12,Low Usability
2085,28.786955222055166,77.05412466221883,42.97,Low Usability
2086,28.79146543603757,77.05421309878928,44.49,Low Usability
2087,28.795975646757007,77.05430155564173,50.11,Moderate Usability
2088,28.800485854213136,77.05439003277989,42.88,Low Usability
2089,28.804996058405557,77.05447853020746,40.05,Low Usability
2090,28.80950625933393,77.05456704792813,44.47,Low Usability
2091,28.814016456997887,77.05465558594562,36.46,Low Usability
2092,28.818526651397054,77.05474414426361,44.2,Low Usability
2093,28.823036842531067,77.05483272288578,44.99,Low Usability
2094,28.82754703039956,77.05492132181587,39.7,Low Usability
2095,28.83205721500218,77.05500994105759,38.73,Low Usability
2096,28.836567396338534,77.05509858061464,38.09,Low Usability
2097,28.841077574408274,77.05518724049072,43.05,Low Usability
2098,28.84558774921104,77.05527592068955,40.83,Low Usability
2099,28.85009792074646,77.05536462121482,42.36,Low Usability
2100,28.85460808901416,77.05545334207027,46.35,Low Usability
2101,28.859118254013797,77.0555420832596,28.98,Low Usability
2102,28.86362841574498,77.05563084478652,39.53,Low Usability
2103,28.868138574207354,77.05571962665476,36.73,Low Usability
2104,28.871759044549748,77.05579306582288,39.11,Low Usability
2105,28.516444441567334,77.05404091746104,44.51,Low Usability
2106,28.52076969048387,77.05404946698472,41.35,Low Usability
2107,28.525280081923086,77.05413693049881,43.42,Low Usability
2108,28.529790470119845,77.05422441412877,46.65,Low Usability
2109,28.534300855073788,77.05431191787827,42.82,Low Usability
2110,28.538811236784532,77.05439944175087,44.85,Low Usability
2111,28.54332161525171,77.05448698575029,35.59,Low Usability
2112,28.547831990474958,77.05457454988013,47.05,Low Usability
2113,28.55234236245391,77.054662134144,46.16,Low Usability
2114,28.556852731188187,77.05474973854562,50.97,Moderate Usability
2115,28.56136309667743,77.05483736308858,55.26,Moderate Usability
2116,28.56587345892125,77.05492500777652,65.48,Moderate Usability
2117,28.570383817919293,77.05501267261309,63.4,Moderate Usability
2118,28.574894173671193,77.05510035760196,61.5,Moderate Usability
2119,28.579404526176564,77.05518806274674,62.05,Moderate Usability
2120,28.583914875435063,77.0552757880511,55.25,Moderate Usability
2121,28.588425221446315,77.05536353351872,52.49,Moderate Usability
2122,28.592935564209927,77.05545129915318,61.31,Moderate Usability
2123,28.597445903725543,77.05553908495818,61.76,Moderate Usability
2124,28.60195623999279,77.05562689093739,56.75,Moderate Usability
2125,28.60646657301131,77.05571471709443,46.74,Low Usability
2126,28.610976902780735,77.05580256343296,42.81,Low Usability
2127,28.61548722930068,77.05589042995665,38.64,Low Usability
2128,28.619997552570794,77.05597831666914,44.91,Low Usability
2129,28.624507872590694,77.05606622357412,43.58,Low Usability
2130,28.629018189360032,77.05615415067521,55.64,Moderate Usability
2131,28.633528502878413,77.0562420979761,66.08,Moderate Usability
2132,28.638038813145485,77.05633006548047,57.79,Moderate Usability
2133,28.642549120160883,77.05641805319193,60.1,Moderate Usability
2134,28.64705942392422,77.05650606111416,48.59,Low Usability
2135,28.651569724435145,77.05659408925088,48.75,Low Usability
2136,28.656080021693278,77.05668213760572,46.38,Low Usability
2137,28.660590315698265,77.05677020618234,47.1,Low Usability
2138,28.66510060644972,77.05685829498442,43.26,Low Usability
2139,28.66961089394729,77.05694640401562,40.63,Low Usability
2140,28.674121178190607,77.05703453327965,43.96,Low Usability
2141,28.678631459179297,77.05712268278015,41.03,Low Usability
2142,28.683141736912983,77.05721085252078,42.96,Low Usability
2143,28.687652011391307,77.05729904250526,42.43,Low Usability
2144,28.692162282613907,77.05738725273723,38.96,Low Usability
2145,28.696672550580416,77.0574754832204,47.11,Low Usability
2146,28.701182815290455,77.05756373395843,40.03,Low Usability
2147,28.705693076743657,77.05765200495502,43.28,Low Usability
2148,28.710203334939656,77.05774029621382,46.39,Low Usability
2149,28.714713589878084,77.05782860773854,46.27,Low Usability
2150,28.719223841558584,77.05791693953287,49.18,Low Usability
2151,28.723734089980788,77.05800529160047,45.03,Low Usability
2152,28.72824433514431,77.05809366394503,41.17,Low Usability
2153,28.732754577048794,77.05818205657026,42.42,Low Usability
2154,28.737264815693884,77.05827046947984,42.3,Low Usability
2155,28.741775051079195,77.05835890267745,44.86,Low Usability
2156,28.74628528320436,77.05844735616677,43.09,Low Usability
2157,28.75079551206903,77.05853582995155,45.55,Low Usability
2158,28.75530573767282,77.05862432403543,45.23,Low Usability
2159,28.759815960015374,77.05871283842214,44.07,Low Usability
2160,28.764326179096326,77.05880137311537,47.06,Low Usability
2161,28.768836394915308,77.05888992811879,42.86,Low Usability
2162,28.773346607471936,77.05897850343608,39.61,Low Usability
2163,28.777856816765855,77.05906709907103,47.7,Low Usability
2164,28.782367022796706,77.05915571502726,43.98,Low Usability
2165,28.78687722556413,77.05924435130854,44.04,Low Usability
2166,28.791387425067736,77.0593330079185,41.67,Low Usability
2167,28.795897621307166,77.05942168486088,47.86,Low Usability
2168,28.800407814282067,77.05951038213941,42.27,Low Usability
2169,28.804918003992046,77.05959909975776,42.68,Low Usability
2170,28.80942819043676,77.05968783771966,45.57,Low Usability
2171,28.813938373615834,77.05977659602885,50.72,Moderate Usability
2172,28.818448553528913,77.059865374689,47.09,Low Usability
2173,28.82295873017561,77.05995417370377,46.38,Low Usability
2174,28.82746890355558,77.06004299307698,41.77,Low Usability
2175,28.83197907366845,77.06013183281227,37.57,Low Usability
2176,28.836489240513842,77.0602206929134,38.37,Low Usability
2177,28.8409994040914,77.06030957338409,40.6,Low Usability
2178,28.845509564400775,77.06039847422802,41.05,Low Usability
2179,28.85001972144155,77.06048739544892,42.78,Low Usability
2180,28.85452987521343,77.06057633705055,45.12,Low Usability
2181,28.859040025715988,77.06066529903659,38.06,Low Usability
2182,28.86355017294889,77.06075428141077,36.28,Low Usability
2183,28.868060316911755,77.06084328417683,35.73,Low Usability
2184,28.871687672917865,77.060917026013,37.39,Low Usability
2185,28.51393989830365,77.05689533367683,51.69,Moderate Usability
2186,28.516709352699614,77.05863913723324,44.97,Low Usability
2187,28.52069235433938,77.05915624253633,45.07,Low Usability
2188,28.52520273133514,77.05924392312798,47.05,Low Usability
2189,28.52971310508723,77.05933162388534,47.44,Low Usability
2190,28.5342234755953,77.0594193448121,47.17,Low Usability
2191,28.53873384285898,77.05950708591192,45.92,Low Usability
2192,28.5432442068779,77.05959484718844,45.66,Low Usability
2193,28.54775456765169,77.05968262864528,44.48,Low Usability
2194,28.552264925179973,77.0597704302861,47.74,Low Usability
2195,28.55677527946239,77.05985825211457,52.07,Moderate Usability
2196,28.561285630498556,77.05994609413432,58.94,Moderate Usability
2197,28.565795978288108,77.06003395634903,63.52,Moderate Usability
2198,28.57030632283069,77.06012183876231,64.81,Moderate Usability
2199,28.574816664125922,77.06020974137785,59.34,Moderate Usability
2200,28.579327002173418,77.06029766419931,52.95,Moderate Usability
2201,28.583837336972845,77.06038560723034,56.24,Moderate Usability
2202,28.5883476685238,77.06047357047456,61.38,Moderate Usability
2203,28.592857996825927,77.0605615539357,60.27,Moderate Usability
2204,28.597368321878857,77.06064955761737,58.96,Moderate Usability
2205,28.601878643682216,77.06073758152326,50.8,Moderate Usability
2206,28.60638896223565,77.060825625657,42.66,Low Usability
2207,28.610899277538763,77.06091369002228,42.68,Low Usability
2208,28.615409589591216,77.06100177462277,40.77,Low Usability
2209,28.61991989839262,77.06108987946213,42.13,Low Usability
2210,28.624430203942598,77.06117800454402,40.59,Low Usability
2211,28.628940506240806,77.06126614987213,59.85,Moderate Usability
2212,28.633450805286856,77.06135431545012,59.94,Moderate Usability
2213,28.63796110108041,77.06144250128165,47.54,Low Usability
2214,28.64247139362105,77.06153070737042,43.14,Low Usability
2215,28.64698168290845,77.06161893372008,42.44,Low Usability
2216,28.6514919689422,77.06170718033431,44.26,Low Usability
2217,28.65600225172197,77.06179544721681,43.29,Low Usability
2218,28.66051253124738,77.06188373437124,42.97,Low Usability
2219,28.66502280751806,77.06197204180123,39.69,Low Usability
2220,28.66953308053364,77.06206036951056,42.6,Low Usability
2221,28.67404335029374,77.06214871750285,41.83,Low Usability
2222,28.678553616798023,77.06223708578179,46.7,Low Usability
2223,28.68306388004608,77.06232547435106,41.62,Low Usability
2224,28.68757414003759,77.06241388321436,44.5,Low Usability
2225,28.692084396772138,77.06250231237539,40.98,Low Usability
2226,28.696594650249388,77.0625907618378,44.51,Low Usability
2227,28.701104900468962,77.0626792316053,40.32,Low Usability
2228,28.705615147430485,77.06276772168158,40.22,Low Usability
2229,28.710125391133595,77.06285623207033,42.73,Low Usability
2230,28.71463563157792,77.06294476277523,53.33,Moderate Usability
2231,28.719145868763118,77.06303331379999,53.38,Moderate Usability
2232,28.723656102688786,77.0631218851483,43.58,Low Usability
2233,28.728166333354554,77.06321047682384,41.75,Low Usability
2234,28.732676560760087,77.06329908883035,41.9,Low Usability
2235,28.737186784905013,77.0633877211715,42.24,Low Usability
2236,28.741697005788936,77.06347637385099,41.84,Low Usability
2237,28.746207223411513,77.0635650468725,46.9,Low Usability
2238,28.75071743777236,77.06365374023977,45.86,Low Usability
2239,28.75522764887112,77.06374245395651,44.28,Low Usability
2240,28.759737856707435,77.0638311880264,45.86,Low Usability
2241,28.76424806128092,77.06391994245313,42.9,Low Usability
2242,28.76875826259123,77.06400871724044,48.91,Low Usability
2243,28.773268460637958,77.06409751239201,45.87,Low Usability
2244,28.777778655420768,77.06418632791157,44.38,Low Usability
2245,28.782288846939295,77.06427516380282,48.11,Low Usability
2246,28.786799035193162,77.0643640200695,48.08,Low Usability
2247,28.791309220182,77.06445289671531,46.44,Low Usability
2248,28.795819401905458,77.06454179374393,43.9,Low Usability
2249,28.800329580363147,77.06463071115911,46.1,Low Usability
2250,28.804839755554713,77.06471964896456,45.54,Low Usability
2251,28.80934992747978,77.06480860716398,44.31,Low Usability
2252,28.813860096138,77.06489758576112,45.37,Low Usability
2253,28.81837026152899,77.06498658475968,47.64,Low Usability
2254,28.822880423652403,77.0650756041634,45.32,Low Usability
2255,28.82739058250785,77.06516464397598,41.77,Low Usability
2256,28.831900738094962,77.06525370420113,39.07,Low Usability
2257,28.836410890413386,77.06534278484264,38.44,Low Usability
2258,28.84092103946277,77.0654318859042,37.41,Low Usability
2259,28.84543118524272,77.0655210073895,39.49,Low Usability
2260,28.84994132775288,77.06561014930233,46.42,Low Usability
2261,28.854451466992888,77.06569931164638,47.39,Low Usability
2262,28.858961602962378,77.06578849442542,39.48,Low Usability
2263,28.863471735660976,77.06587769764315,36.91,Low Usability
2264,28.867981865088332,77.0659669213033,36.7,Low Usability
2265,28.872113155400225,77.06635753373018,42.1,Low Usability
2266,28.875751901406893,77.06805949424174,40.93,Low Usability
2267,28.517888675192598,77.0623986453967,43.63,Low Usability
2268,28.520839435736082,77.0640484125602,48.54,Low Usability
2269,28.525125188951144,77.06435089559136,47.85,Low Usability
2270,28.529635548222778,77.0644388134725,49.2,Low Usability
2271,28.534145904249193,77.06452675157293,47.17,Low Usability
2272,28.538656257030013,77.06461470989628,48.87,Low Usability
2273,28.54316660656486,77.06470268844622,48.78,Low Usability
2274,28.547676952853383,77.06479068722643,41.18,Low Usability
2275,28.552187295895187,77.06487870624055,42.97,Low Usability
2276,28.55669763568992,77.06496674549221,49.14,Low Usability
2277,28.561207972237202,77.06505480498512,45.78,Low Usability
2278,28.565718305536674,77.06514288472293,52.4,Moderate Usability
2279,28.570228635587963,77.0652309847093,62.96,Moderate Usability
2280,28.5747389623907,77.06531910494787,69.47,Moderate Usability
2281,28.5792492859445,77.0654072454423,62.79,Moderate Usability
2282,28.583759606249007,77.0654954061963,46.7,Low Usability
2283,28.58826992330385,77.06558358721355,59.37,Moderate Usability
2284,28.592780237108663,77.06567178849765,62.94,Moderate Usability
2285,28.597290547663057,77.06576001005232,58.95,Moderate Usability
2286,28.60180085496668,77.0658482518812,47.19,Low Usability
2287,28.606311159019175,77.06593651398802,43.99,Low Usability
2288,28.610821459820144,77.0660247963764,46.61,Low Usability
2289,28.615331757369233,77.06611309905001,40.2,Low Usability
2290,28.619842051666073,77.06620142201258,43.36,Low Usability
2291,28.624352342710278,77.06628976526773,58.91,Moderate Usability
2292,28.628862630501505,77.06637812881917,64.64,Moderate Usability
2293,28.63337291503936,77.06646651267057,59.96,Moderate Usability
2294,28.6378831963235,77.06655491682564,53.8,Moderate Usability
2295,28.64239347435354,77.06664334128803,47.38,Low Usability
2296,28.646903749129105,77.06673178606141,42.79,Low Usability
2297,28.65141402064983,77.0668202511495,42.94,Low Usability
2298,28.65592428891535,77.06690873655596,43.84,Low Usability
2299,28.660434553925313,77.06699724228449,58.69,Moderate Usability
2300,28.66494481567931,77.06708576833877,56.03,Moderate Usability
2301,28.66945507417701,77.06717431472252,45.81,Low Usability
2302,28.673965329418035,77.06726288143939,43.75,Low Usability
2303,28.678475581402,77.06735146849309,43.31,Low Usability
2304,28.682985830128548,77.06744007588732,44.54,Low Usability
2305,28.687496075597313,77.06752870362575,41.38,Low Usability
2306,28.69200631780792,77.06761735171213,41.34,Low Usability
2307,28.696516556760013,77.06770602015011,39.42,Low Usability
2308,28.7010267924532,77.06779470894338,40.02,Low Usability
2309,28.70553702488714,77.06788341809563,39.58,Low Usability
2310,28.71004725406144,77.06797214761062,42.74,Low Usability
2311,28.714557479975756,77.06806089749203,53.71,Moderate Usability
2312,28.71906770262971,77.06814966774355,56.21,Moderate Usability
2313,28.72357792202293,77.06823845836887,47.26,Low Usability
2314,28.728088138155034,77.06832726937172,41.83,Low Usability
2315,28.732598351025675,77.06841610075578,43.94,Low Usability
2316,28.737108560634493,77.0685049525248,45.17,Low Usability
2317,28.741618766981095,77.06859382468247,47.14,Low Usability
2318,28.746128970065133,77.06868271723249,47.58,Low Usability
2319,28.750639169886238,77.06877163017856,43.74,Low Usability
2320,28.75514936644402,77.06886056352442,47.11,Low Usability
2321,28.759659559738143,77.06894951727378,45.42,Low Usability
2322,28.76416974976822,77.06903849143033,45.76,Low Usability
2323,28.768679936533882,77.06912748599783,45.3,Low Usability
2324,28.773190120034776,77.06921650097995,44.73,Low Usability
2325,28.77770030027051,77.06930553638043,45.08,Low Usability
2326,28.78221047724074,77.069394592203,45.94,Low Usability
2327,28.786720650945103,77.06948366845138,48.32,Low Usability
2328,28.791230821383202,77.06957276512925,47.2,Low Usability
2329,28.795740988554694,77.0696618822404,41.79,Low Usability
2330,28.800251152459218,77.0697510197885,43.28,Low Usability
2331,28.804761313096378,77.06984017777732,42.61,Low Usability
2332,28.80927147046584,77.06992935621058,45.27,Low Usability
2333,28.813781624567206,77.07001855509196,43.92,Low Usability
2334,28.818291775400127,77.07010777442524,45.3,Low Usability
2335,28.82280192296424,77.07019701421414,50.95,Moderate Usability
2336,28.827312067259168,77.07028627446238,47.94,Low Usability
2337,28.831822208284546,77.07037555517368,40.2,Low Usability
2338,28.83633234604002,77.07046485635183,41.18,Low Usability
2339,28.840842480525204,77.07055417800053,41.16,Low Usability
2340,28.845352611739738,77.07064352012348,40.25,Low Usability
2341,28.849862739683267,77.0707328827245,47.71,Low Usability
2342,28.854372864355412,77.07082226580728,40.83,Low Usability
2343,28.858882985755812,77.07091166937555,36.54,Low Usability
2344,28.863393103884093,77.07100109343307,35.6,Low Usability
2345,28.86790321873989,77.07109053798358,39.83,Low Usability
2346,28.87241333032285,77.07118000303082,41.77,Low Usability
2347,28.876875203326307,77.07132892083514,37.95,Low Usability
2348,28.880469388749393,77.07236691765264,38.84,Low Usability
2349,28.521652214990407,77.06941911405471,44.99,Low Usability
2350,28.525047454773922,77.06945784783913,45.05,Low Usability
2351,28.5295577995293,77.06954598284038,48.34,Low Usability
2352,28.534068141038254,77.06963413811079,47.27,Low Usability
2353,28.53857847930041,77.06972231365404,48.19,Low Usability
2354,28.54308881431538,77.06981050947378,47.13,Low Usability
2355,28.547599146082817,77.06989872557367,39.07,Low Usability
2356,28.552109474602343,77.06998696195743,42.28,Low Usability
2357,28.55661979987359,77.07007521862866,47.13,Low Usability
2358,28.561130121896188,77.07016349559106,49.78,Low Usability
2359,28.565640440669746,77.0702517928483,54.76,Moderate Usability
2360,28.570150756193915,77.07034011040405,59.04,Moderate Usability
2361,28.574661068468334,77.07042844826199,62.61,Moderate Usability
2362,28.5791713774926,77.07051680642577,60.78,Moderate Usability
2363,28.58368168326637,77.07060518489908,57.24,Moderate Usability
2364,28.588191985789265,77.07069358368562,58.35,Moderate Usability
2365,28.59270228506092,77.07078200278906,58.4,Moderate Usability
2366,28.597212581080957,77.07087044221306,58.8,Moderate Usability
2367,28.601722873849003,77.07095890196129,46.06,Low Usability
2368,28.6062331633647,77.07104738203746,41.21,Low Usability
2369,28.610743449627687,77.07113588244526,46.59,Low Usability
2370,28.61525373263756,77.07122440318834,42.32,Low Usability
2371,28.61976401239396,77.07131294427043,46.72,Low Usability
2372,28.62427428889655,77.07140150569516,53.11,Moderate Usability
2373,28.628784562144922,77.07149008746624,53.17,Moderate Usability
2374,28.633294832138727,77.07157868958741,65.83,Moderate Usability
2375,28.637805098877596,77.0716673120623,62.94,Moderate Usability
2376,28.64231536236115,77.0717559548946,58.33,Moderate Usability
2377,28.646825622589027,77.07184461808804,48.87,Low Usability
2378,28.65133587956084,77.07193330164628,59.34,Moderate Usability
2379,28.65584613327624,77.07202200557305,60.86,Moderate Usability
2380,28.660356383734857,77.07211072987201,55.02,Moderate Usability
2381,28.664866630936302,77.07219947454688,60.03,Moderate Usability
2382,28.669376874880236,77.07228823960133,41.42,Low Usability
2383,28.673887115566266,77.0723770250391,41.84,Low Usability
2384,28.67839735299404,77.07246583086388,46.46,Low Usability
2385,28.682907587163182,77.07255465707935,45.3,Low Usability
2386,28.687417818073303,77.07264350368922,42.98,Low Usability
2387,28.691928045724065,77.07273237069725,44.55,Low Usability
2388,28.69643827011509,77.07282125810708,44.12,Low Usability
2389,28.700948491246,77.07291016592244,41.46,Low Usability
2390,28.705458709116442,77.07299909414704,44.7,Low Usability
2391,28.709968923726024,77.07308804278455,40.5,Low Usability
2392,28.714479135074406,77.07317701183874,42.99,Low Usability
2393,28.718989343161194,77.0732660013133,49.99,Low Usability
2394,28.723499547986034,77.07335501121194,48.09,Low Usability
2395,28.72800974954855,77.07344404153838,43.0,Low Usability
2396,28.732519947848388,77.07353309229632,43.64,Low Usability
2397,28.737030142885157,77.07362216348949,43.95,Low Usability
2398,28.74154033465851,77.07371125512162,48.83,Low Usability
2399,28.74605052316808,77.0738003671964,41.51,Low Usability
2400,28.750560708413484,77.07388949971758,48.6,Low Usability
2401,28.755070890394354,77.07397865268884,46.45,Low Usability
2402,28.75958106911032,77.07406782611396,44.09,Low Usability
2403,28.764091244561037,77.0741570199966,45.42,Low Usability
2404,28.768601416746115,77.07424623434054,46.55,Low Usability
2405,28.7731115856652,77.07433546914949,47.24,Low Usability
2406,28.777621751317916,77.0744247244272,43.96,Low Usability
2407,28.782131913703893,77.07451400017734,44.56,Low Usability
2408,28.786642072822758,77.07460329640371,44.75,Low Usability
2409,28.79115222867417,77.07469261310999,48.36,Low Usability
2410,28.79566238125774,77.07478195029992,44.83,Low Usability
2411,28.800172530573107,77.07487130797723,43.47,Low Usability
2412,28.8046826766199,77.07496068614567,46.1,Low Usability
2413,28.809192819397747,77.075050084809,43.54,Low Usability
2414,28.813702958906287,77.07513950397093,44.55,Low Usability
2415,28.81821309514516,77.0752289436352,40.76,Low Usability
2416,28.82272322811399,77.07531840380554,42.96,Low Usability
2417,28.827233357812414,77.0754078844857,47.78,Low Usability
2418,28.831743484240064,77.07549738567944,47.34,Low Usability
2419,28.836253607396564,77.07558690739046,45.07,Low Usability
2420,28.840763727281548,77.07567644962256,44.67,Low Usability
2421,28.845273843894688,77.07576601237946,45.38,Low Usability
2422,28.84978395723556,77.0758555956649,44.2,Low Usability
2423,28.854294067303826,77.07594519948263,42.98,Low Usability
2424,28.858804174099117,77.07603482383644,42.84,Low Usability
2425,28.863314277621075,77.07612446873001,41.58,Low Usability
2426,28.867824377869315,77.07621413416715,41.21,Low Usability
2427,28.872334474843488,77.07630382015157,39.61,Low Usability
2428,28.876844568543206,77.07639352668707,42.66,Low Usability
2429,28.881076443535445,77.07614228563872,43.69,Low Usability
2430,28.883915175338394,77.0757540349555,37.81,Low Usability
2431,28.517847511653205,77.07649559402192,40.49,Low Usability
2432,28.52080008069641,77.07479160040432,44.25,Low Usability
2433,28.524969528806263,77.0745647798214,45.01,Low Usability
2434,28.529479859009598,77.07465313193909,48.19,Low Usability
2435,28.53399018596529,77.07474150437584,47.71,Low Usability
2436,28.538500509672968,77.07482989713532,47.67,Low Usability
2437,28.543010830132275,77.07491831022118,46.99,Low Usability
2438,28.547521147342824,77.0750067436371,38.95,Low Usability
2439,28.552031461304246,77.07509519738679,41.16,Low Usability
2440,28.556541772016203,77.07518367147392,44.86,Low Usability
2441,28.561052079478287,77.07527216590213,46.24,Low Usability
2442,28.565562383690125,77.07536068067516,59.57,Moderate Usability
2443,28.57007268465135,77.07544921579661,57.92,Moderate Usability
2444,28.57458298236162,77.07553777127025,50.1,Moderate Usability
2445,28.579093276820547,77.07562634709969,53.7,Moderate Usability
2446,28.583603568027737,77.07571494328865,51.28,Moderate Usability
2447,28.588113855982858,77.07580355984082,48.2,Low Usability
2448,28.592624140685512,77.0758921967599,57.92,Moderate Usability
2449,28.597134422135344,77.07598085404955,45.64,Low Usability
2450,28.601644700331974,77.07606953171344,40.81,Low Usability
2451,28.606154975275043,77.07615822975531,44.14,Low Usability
2452,28.61066524696417,77.07624694817882,52.12,Moderate Usability
2453,28.61517551539899,77.07633568698769,41.43,Low Usability
2454,28.619685780579125,77.07642444618558,52.72,Moderate Usability
2455,28.624196042504227,77.07651322577622,62.53,Moderate Usability
2456,28.6287063011739,77.07660202576331,61.43,Moderate Usability
2457,28.633216556587787,77.07669084615048,61.46,Moderate Usability
2458,28.637726808745512,77.07677968694152,59.12,Moderate Usability
2459,28.64223705764671,77.07686854814004,51.16,Moderate Usability
2460,28.646747303291008,77.07695742974984,46.39,Low Usability
2461,28.65125754567805,77.07704633177454,54.16,Moderate Usability
2462,28.655767784807452,77.07713525421791,57.18,Moderate Usability
2463,28.660278020678852,77.07722419708362,55.8,Moderate Usability
2464,28.66478825329187,77.07731316037535,59.76,Moderate Usability
2465,28.66929848264614,77.07740214409687,50.61,Moderate Usability
2466,28.673808708741298,77.07749114825182,47.07,Low Usability
2467,28.678318931576975,77.07758017284397,53.76,Moderate Usability
2468,28.6828291511528,77.07766921787699,47.7,Low Usability
2469,28.687339367468404,77.07775828335461,44.25,Low Usability
2470,28.691849580523417,77.07784736928058,49.33,Low Usability
2471,28.69635979031746,77.07793647565853,51.06,Moderate Usability
2472,28.700869996850184,77.07802560249227,46.37,Low Usability
2473,28.705380200121215,77.07811474978546,44.75,Low Usability
2474,28.70989040013017,77.07820391754181,41.18,Low Usability
2475,28.714400596876686,77.07829310576507,38.74,Low Usability
2476,28.71891079036041,77.07838231445895,47.16,Low Usability
2477,28.723420980580944,77.07847154362719,59.89,Moderate Usability
2478,28.727931167537946,77.07856079327351,50.84,Moderate Usability
2479,28.73244135123103,77.0786500634016,45.12,Low Usability
2480,28.736951531659855,77.07873935401521,45.98,Low Usability
2481,28.74146170882401,77.07882866511807,59.48,Moderate Usability
2482,28.745971882723154,77.07891799671391,45.21,Low Usability
2483,28.75048205335693,77.07900734880646,44.12,Low Usability
2484,28.75499222072493,77.07909672139944,46.11,Low Usability
2485,28.759502384826828,77.07918611449657,46.73,Low Usability
2486,28.764012545662236,77.07927552810162,46.92,Low Usability
2487,28.76852270323078,77.07936496221829,45.91,Low Usability
2488,28.773032857532087,77.07945441685034,45.12,Low Usability
2489,28.777543008565807,77.07954389200152,48.24,Low Usability
2490,28.782053156331582,77.07963338767553,48.49,Low Usability
2491,28.78656330082901,77.0797229038761,37.54,Low Usability
2492,28.791073442057744,77.07981244060703,43.16,Low Usability
2493,28.795583580017418,77.07990199787203,42.99,Low Usability
2494,28.800093714707657,77.07999157567481,44.15,Low Usability
2495,28.804603846128096,77.08008117401916,47.06,Low Usability
2496,28.809113974278365,77.08017079290883,46.48,Low Usability
2497,28.813624099158098,77.08026043234756,42.66,Low Usability
2498,28.81813422076692,77.08035009233906,40.83,Low Usability
2499,28.822644339104496,77.0804397728871,44.47,Low Usability
2500,28.827154454170422,77.08052947399544,44.85,Low Usability
2501,28.831664565964342,77.08061919566786,47.33,Low Usability
2502,28.83617467448588,77.08070893790806,45.71,Low Usability
2503,28.840684779734683,77.08079870071978,43.56,Low Usability
2504,28.845194881710384,77.08088848410686,42.69,Low Usability
2505,28.849704980412618,77.08097828807301,41.35,Low Usability
2506,28.854215075840994,77.08106811262196,47.27,Low Usability
2507,28.858725167995182,77.08115795775753,46.74,Low Usability
2508,28.863235256874777,77.08124782348341,43.3,Low Usability
2509,28.867745342479438,77.08133770980338,43.23,Low Usability
2510,28.872255424808788,77.08142761672126,41.51,Low Usability
2511,28.87629900133756,77.08054778762781,41.49,Low Usability
2512,28.879492472931712,77.0793534925632,38.66,Low Usability
2513,28.51659033676919,77.08005158547022,46.22,Low Usability
2514,28.520381092187023,77.07958314262306,43.85,Low Usability
2515,28.52489141105098,77.07967169148827,43.88,Low Usability
2516,28.52940172666647,77.07976026071877,46.24,Low Usability
2517,28.53391203903311,77.07984885031819,48.16,Low Usability
2518,28.53842234815052,77.0799374602902,52.43,Moderate Usability
2519,28.54293265401835,77.0800260906385,45.53,Low Usability
2520,28.547442956636214,77.0801147413668,39.17,Low Usability
2521,28.551953256003742,77.08020341247874,38.13,Low Usability
2522,28.556463552120576,77.08029210397808,39.14,Low Usability
2523,28.560973844986332,77.08038081586842,39.99,Low Usability
2524,28.565484134600624,77.08046954815352,42.67,Low Usability
2525,28.5699944209631,77.08055830083704,46.92,Low Usability
2526,28.574504704073394,77.08064707392266,43.27,Low Usability
2527,28.579014983931135,77.08073586741409,42.89,Low Usability
2528,28.583525260535932,77.08082468131502,45.82,Low Usability
2529,28.58803553388744,77.08091351562913,50.89,Moderate Usability
2530,28.592545803985274,77.08100237036017,54.42,Moderate Usability
2531,28.597056070829055,77.08109124551174,45.99,Low Usability
2532,28.601566334418425,77.08118014108761,49.18,Low Usability
2533,28.60607659475301,77.0812690570915,43.83,Low Usability
2534,28.610586851832448,77.08135799352706,44.67,Low Usability
2535,28.61509710565636,77.081446950398,44.73,Low Usability
2536,28.619607356224375,77.08153592770802,55.79,Moderate Usability
2537,28.624117603536117,77.08162492546087,56.01,Moderate Usability
2538,28.62862784759123,77.08171394366019,56.87,Moderate Usability
2539,28.633138088389344,77.08180298230975,46.57,Low Usability
2540,28.637648325930066,77.0818920414132,41.91,Low Usability
2541,28.642158560213055,77.0819811209743,46.64,Low Usability
2542,28.646668791237914,77.08207022099671,53.45,Moderate Usability
2543,28.651179019004296,77.08215934148421,44.43,Low Usability
2544,28.655689243511812,77.08224848244043,54.99,Moderate Usability
2545,28.660199464760108,77.08233764386917,58.58,Moderate Usability
2546,28.66470968274881,77.08242682577409,63.75,Moderate Usability
2547,28.669219897477547,77.0825160281589,51.25,Moderate Usability
2548,28.673730108945943,77.08260525102737,51.88,Moderate Usability
2549,28.67824031715364,77.08269449438316,51.88,Moderate Usability
2550,28.682750522100257,77.08278375823004,46.54,Low Usability
2551,28.68726072378543,77.08287304257169,51.26,Moderate Usability
2552,28.691770922208793,77.08296234741186,48.11,Low Usability
2553,28.69628111736996,77.08305167275427,47.15,Low Usability
2554,28.700791309268585,77.08314101860263,41.65,Low Usability
2555,28.705301497904294,77.0832303849607,42.72,Low Usability
2556,28.7098116832767,77.08331977183217,44.67,Low Usability
2557,28.714321865385454,77.0834091792208,44.61,Low Usability
2558,28.718832044230183,77.0834986071303,48.53,Low Usability
2559,28.723342219810515,77.0835880555644,60.51,Moderate Usability
2560,28.727852392126067,77.08367752452685,59.37,Moderate Usability
2561,28.73236256117648,77.08376701402135,50.2,Moderate Usability
2562,28.7368727269614,77.08385652405168,43.74,Low Usability
2563,28.741382889480434,77.08394605462156,56.17,Moderate Usability
2564,28.745893048733233,77.08403560573473,43.21,Low Usability
2565,28.75040320471942,77.08412517739491,44.87,Low Usability
2566,28.754913357438625,77.08421476960585,43.75,Low Usability
2567,28.759423506890485,77.08430438237129,48.24,Low Usability
2568,28.763933653074623,77.08439401569498,44.69,Low Usability
2569,28.768443795990688,77.08448366958064,46.69,Low Usability
2570,28.772953935638277,77.08457334403208,49.41,Low Usability
2571,28.77746407201705,77.08466303905297,46.22,Low Usability
2572,28.781974205126648,77.08475275464708,41.01,Low Usability
2573,28.78648433496668,77.0848424908182,39.31,Low Usability
2574,28.79099446153677,77.08493224757002,38.9,Low Usability
2575,28.795504584836575,77.08502202490632,45.4,Low Usability
2576,28.800014704865724,77.08511182283085,45.17,Low Usability
2577,28.804524821623826,77.08520164134737,43.74,Low Usability
2578,28.809034935110542,77.08529148045963,45.02,Low Usability
2579,28.813545045325487,77.08538134017138,46.52,Low Usability
2580,28.818055152268293,77.08547122048637,47.21,Low Usability
2581,28.8225652559386,77.08556112140838,48.28,Low Usability
2582,28.827075356336035,77.08565104294117,48.29,Low Usability
2583,28.83158545346023,77.08574098508849,49.04,Low Usability
2584,28.83609554731081,77.08583094785406,46.17,Low Usability
2585,28.84060563788743,77.08592093124173,48.48,Low Usability
2586,28.845115725189714,77.08601093525522,44.62,Low Usability
2587,28.849625809217283,77.08610095989826,46.5,Low Usability
2588,28.85413588996978,77.08619100517468,44.63,Low Usability
2589,28.858645967446808,77.08628107108825,42.04,Low Usability
2590,28.86315604164806,77.08637115764269,43.1,Low Usability
2591,28.867666112573115,77.0864612648418,39.67,Low Usability
2592,28.872046516030686,77.08648730854017,38.62,Low Usability
2593,28.87448317922314,77.08415166143155,45.0,Low Usability
2594,28.512337550146206,77.08548242949989,41.68,Low Usability
2595,28.515793269312518,77.08460197996698,47.19,Low Usability
2596,28.52030279726935,77.08468981686549,44.72,Low Usability
2597,28.52481310151088,77.08477858278991,49.07,Low Usability
2598,28.52932340250273,77.08486736912948,48.09,Low Usability
2599,28.53383370024452,77.08495617588787,46.93,Low Usability
2600,28.538343994735868,77.08504500306874,49.21,Low Usability
2601,28.542854285976418,77.08513385067583,42.59,Low Usability
2602,28.547364573965798,77.08522271871279,39.44,Low Usability
2603,28.55187485870361,77.08531160718336,44.18,Low Usability
2604,28.556385140189512,77.08540051609118,45.88,Low Usability
2605,28.560895418423126,77.08548944543999,43.37,Low Usability
2606,28.565405693404063,77.0855783952335,41.01,Low Usability
2607,28.56991596513197,77.08566736547535,39.41,Low Usability
2608,28.574426233606474,77.08575635616927,49.6,Low Usability
2609,28.578936498827197,77.085845367319,42.66,Low Usability
2610,28.58344676079377,77.08593439892819,42.47,Low Usability
2611,28.587957019505836,77.08602345100059,55.53,Moderate Usability
2612,28.592467274963,77.08611252353982,50.4,Moderate Usability
2613,28.596977527164906,77.08620161654967,47.32,Low Usability
2614,28.60148777611118,77.08629073003382,45.05,Low Usability
2615,28.605998021801447,77.08637986399602,43.51,Low Usability
2616,28.61050826423535,77.08646901843991,43.98,Low Usability
2617,28.615018503412504,77.0865581933692,61.52,Moderate Usability
2618,28.619528739332527,77.08664738878767,57.4,Moderate Usability
2619,28.624038971995073,77.086736604699,56.22,Moderate Usability
2620,28.628549201399768,77.0868258411069,55.5,Moderate Usability
2621,28.63305942754623,77.08691509801508,48.09,Low Usability
2622,28.637569650434095,77.08700437542727,38.76,Low Usability
2623,28.642079870062993,77.0870936733472,45.04,Low Usability
2624,28.64659008643255,77.08718299177856,42.22,Low Usability
2625,28.651100299542396,77.08727233072507,44.81,Low Usability
2626,28.655610509392158,77.08736169019052,50.97,Moderate Usability
2627,28.66012071598147,77.08745107017852,55.43,Moderate Usability
2628,28.664630919309985,77.0875404706929,60.19,Moderate Usability
2629,28.66914111937729,77.08762989173734,62.47,Moderate Usability
2630,28.673651316183033,77.08771933331555,56.37,Moderate Usability
2631,28.678161509726863,77.08780879543129,52.07,Moderate Usability
2632,28.682671700008367,77.08789827808828,45.92,Low Usability
2633,28.687181887027215,77.08798778129024,53.36,Moderate Usability
2634,28.691692070783034,77.08807730504091,52.2,Moderate Usability
2635,28.69620225127544,77.08816684934402,43.87,Low Usability
2636,28.700712428504062,77.08825641420331,54.78,Moderate Usability
2637,28.705222602468524,77.08834599962253,60.37,Moderate Usability
2638,28.70973277316848,77.08843560560538,45.62,Low Usability
2639,28.71424294060355,77.08852523215562,44.45,Low Usability
2640,28.71875310477336,77.088614879277,43.56,Low Usability
2641,28.723263265677556,77.08870454697325,56.09,Moderate Usability
2642,28.72777342331574,77.08879423524813,60.12,Moderate Usability
2643,28.732283577687557,77.08888394410532,54.39,Moderate Usability
2644,28.736793728792644,77.08897367354864,51.33,Moderate Usability
2645,28.74130387663063,77.08906342358176,43.09,Low Usability
2646,28.745814021201145,77.0891531942085,45.47,Low Usability
2647,28.750324162503816,77.0892429854326,45.84,Low Usability
2648,28.754834300538274,77.08933279725775,46.3,Low Usability
2649,28.759344435304154,77.08942262968777,46.75,Low Usability
2650,28.763854566801097,77.08951248272636,46.41,Low Usability
2651,28.768364695028712,77.0896023563773,42.81,Low Usability
2652,28.772874819986637,77.08969225064433,48.42,Low Usability
2653,28.77738494167452,77.08978216553119,42.55,Low Usability
2654,28.78189506009196,77.08987210104169,42.65,Low Usability
2655,28.78640517523862,77.08996205717953,44.28,Low Usability
2656,28.79091528711412,77.09005203394852,39.54,Low Usability
2657,28.795425395718095,77.09014203135239,42.04,Low Usability
2658,28.79993550105016,77.0902320493949,45.71,Low Usability
2659,28.80444560310997,77.09032208807983,37.6,Low Usability
2660,28.808955701897144,77.09041214741093,45.15,Low Usability
2661,28.81346579741132,77.09050222739194,47.26,Low Usability
2662,28.817975889652114,77.09059232802669,47.09,Low Usability
2663,28.822485978619174,77.09068244931889,46.11,Low Usability
2664,28.82699606431212,77.09077259127233,45.67,Low Usability
2665,28.831506146730604,77.0908627538908,49.61,Low Usability
2666,28.83601622587424,77.09095293717805,49.19,Low Usability
2667,28.84052630174266,77.09104314113785,44.69,Low Usability
2668,28.845036374335518,77.09113336577398,51.46,Moderate Usability
2669,28.849546443652436,77.09122361109021,43.39,Low Usability
2670,28.854056509693017,77.09131387709031,45.91,Low Usability
2671,28.858566572456915,77.09140416377811,43.54,Low Usability
2672,28.863076631943784,77.09149447115732,45.03,Low Usability
2673,28.86758668815322,77.09158479923175,40.56,Low Usability
2674,28.871659252263807,77.09159343612512,42.56,Low Usability
2675,28.50438051398813,77.09200830479695,47.05,Low Usability
2676,28.50727591929765,77.09049158912248,42.78,Low Usability
2677,28.51121746622319,77.08963511140573,47.4,Low Usability
2678,28.515714017771607,77.08970750817778,46.9,Low Usability
2679,28.520224310605467,77.08979647069646,49.19,Low Usability
2680,28.524734600188804,77.08988545367642,46.73,Low Usability
2681,28.529244886521212,77.0899744571214,45.19,Low Usability
2682,28.533755169602358,77.09006348103506,47.12,Low Usability
2683,28.538265449431858,77.09015252542113,46.62,Low Usability
2684,28.542775726009317,77.09024159028327,39.59,Low Usability
2685,28.547285999334388,77.09033067562521,38.66,Low Usability
2686,28.551796269406687,77.09041978145068,45.53,Low Usability
2687,28.556306536225854,77.09050890776334,52.22,Moderate Usability
2688,28.560816799791507,77.0905980545669,43.81,Low Usability
2689,28.565327060103286,77.0906872218651,41.87,Low Usability
2690,28.56983731716079,77.09077640966157,39.93,Low Usability
2691,28.57434757096369,77.09086561796013,51.14,Moderate Usability
2692,28.57885782151158,77.09095484676442,51.37,Moderate Usability
2693,28.5833680688041,77.09104409607819,46.75,Low Usability
2694,28.587878312840886,77.0911333659051,48.41,Low Usability
2695,28.592388553621557,77.09122265624893,48.85,Low Usability
2696,28.596898791145737,77.09131196711331,50.77,Moderate Usability
2697,28.601409025413083,77.09140129850202,44.62,Low Usability
2698,28.60591925642318,77.09149065041878,40.95,Low Usability
2699,28.6104294841757,77.0915800228673,41.02,Low Usability
2700,28.614939708670242,77.09166941585127,49.55,Low Usability
2701,28.619449929906438,77.09175882937444,50.18,Moderate Usability
2702,28.623960147883924,77.09184826344055,64.42,Moderate Usability
2703,28.628470362602354,77.0919377180533,55.78,Moderate Usability
2704,28.6329805740613,77.0920271932164,45.45,Low Usability
2705,28.637490782260446,77.0921166889336,44.52,Low Usability
2706,28.642000987199385,77.09220620520864,49.06,Low Usability
2707,28.646511188877763,77.09229574204522,44.59,Low Usability
2708,28.6510213872952,77.09238529944707,42.86,Low Usability
2709,28.655531582451346,77.09247487741794,43.11,Low Usability
2710,28.6600417743458,77.09256447596157,59.36,Moderate Usability
2711,28.664551962978216,77.09265409508166,59.18,Moderate Usability
2712,28.66906214834821,77.09274373478198,58.72,Moderate Usability
2713,28.67357233045543,77.09283339506621,58.08,Moderate Usability
2714,28.678082509299486,77.09292307593816,46.22,Low Usability
2715,28.682592684880003,77.09301277740154,46.84,Low Usability
2716,28.68710285719663,77.09310249946006,49.24,Low Usability
2717,28.691613026248998,77.09319224211751,54.08,Moderate Usability
2718,28.69612319203673,77.09328200537762,54.24,Moderate Usability
2719,28.700633354559425,77.09337178924407,62.18,Moderate Usability
2720,28.705143513816765,77.0934615937207,60.09,Moderate Usability
2721,28.70965366980836,77.09355141881123,44.51,Low Usability
2722,28.714163822533823,77.09364126451933,43.34,Low Usability
2723,28.718673971992803,77.09373113084885,44.1,Low Usability
2724,28.72318411818493,77.0938210178035,50.69,Moderate Usability
2725,28.72769426110983,77.09391092538702,55.43,Moderate Usability
2726,28.732204400767127,77.09400085360319,57.23,Moderate Usability
2727,28.736714537156455,77.09409080245574,52.78,Moderate Usability
2728,28.741224670277457,77.09418077194837,39.72,Low Usability
2729,28.74573480012975,77.09427076208496,43.37,Low Usability
2730,28.75024492671296,77.0943607728692,45.34,Low Usability
2731,28.75475505002673,77.09445080430484,48.0,Low Usability
2732,28.759265170070698,77.09454085639564,47.68,Low Usability
2733,28.76377528684448,77.09463092914538,45.93,Low Usability
2734,28.768285400347704,77.09472102255782,49.64,Low Usability
2735,28.77279551058001,77.09481113663672,50.03,Moderate Usability
2736,28.77730561754103,77.09490127138582,44.99,Low Usability
2737,28.78181572123038,77.09499142680892,49.16,Low Usability
2738,28.78632582164771,77.09508160290979,46.65,Low Usability
2739,28.79083591879264,77.09517179969214,42.25,Low Usability
2740,28.7953460126648,77.09526201715981,47.04,Low Usability
2741,28.799856103263846,77.09535225531653,45.96,Low Usability
2742,28.804366190589363,77.0954425141661,43.58,Low Usability
2743,28.80887627464102,77.09553279371227,44.91,Low Usability
2744,28.813386355418444,77.0956230939588,32.74,Low Usability
2745,28.81789643292126,77.09571341490953,45.88,Low Usability
2746,28.82240650714908,77.09580375656817,41.81,Low Usability
2747,28.82691657810156,77.09589411893852,46.73,Low Usability
2748,28.831426645778336,77.09598450202435,52.22,Moderate Usability
2749,28.835936710179027,77.09607490582948,52.37,Moderate Usability
2750,28.84044677130326,77.09616533035764,45.2,Low Usability
2751,28.844956829150675,77.09625577561263,48.76,Low Usability
2752,28.849466883720932,77.09634624159827,44.64,Low Usability
2753,28.85397693501361,77.09643672831828,43.3,Low Usability
2754,28.85848698302836,77.09652723577652,39.15,Low Usability
2755,28.862997027764834,77.09661776397672,48.48,Low Usability
2756,28.86750706922264,77.09670831292269,42.88,Low Usability
2757,28.87127129992431,77.09669593380788,44.72,Low Usability
2758,28.50323384533168,77.09539155526335,45.8,Low Usability
2759,28.506614788021217,77.09463562702285,45.67,Low Usability
2760,28.511125072664676,77.09472476553229,44.48,Low Usability
2761,28.51563535405714,77.09481392454549,47.89,Low Usability
2762,28.520145632198226,77.09490310406612,48.72,Low Usability
2763,28.524655907087546,77.09499230409794,46.46,Low Usability
2764,28.52916617872475,77.09508152464461,42.99,Low Usability
2765,28.533676447109457,77.09517076570987,45.75,Low Usability
2766,28.53818671224128,77.0952600272974,46.89,Low Usability
2767,28.54269697411987,77.09534930941092,30.14,Low Usability
2768,28.547207232744835,77.09543861205415,39.46,Low Usability
2769,28.551717488115816,77.09552793523079,50.86,Moderate Usability
2770,28.55622774023244,77.09561727894456,52.69,Moderate Usability
2771,28.560737989094324,77.09570664319916,41.9,Low Usability
2772,28.5652482347011,77.09579602799835,36.55,Low Usability
2773,28.569758477052403,77.09588543334579,40.66,Low Usability
2774,28.57426871614787,77.09597485924525,49.19,Low Usability
2775,28.5787789519871,77.0960643057004,52.59,Moderate Usability
2776,28.583289184569743,77.09615377271498,53.32,Moderate Usability
2777,28.587799413895418,77.09624326029275,36.56,Low Usability
2778,28.592309639963766,77.09633276843736,42.13,Low Usability
2779,28.596819862774396,77.09642229715261,40.99,Low Usability
2780,28.60133008232695,77.09651184644218,47.94,Low Usability
2781,28.605840298621054,77.09660141630981,40.68,Low Usability
2782,28.61035051165634,77.09669100675923,46.07,Low Usability
2783,28.614860721432425,77.09678061779417,49.28,Low Usability
2784,28.61937092794894,77.09687024941832,53.29,Moderate Usability
2785,28.62388113120552,77.09695990163549,45.14,Low Usability
2786,28.6283913312018,77.09704957444936,43.18,Low Usability
2787,28.632901527937403,77.09713926786367,32.68,Low Usability
2788,28.637411721411947,77.09722898188213,47.11,Low Usability
2789,28.641921911625076,77.09731871650855,43.05,Low Usability
2790,28.646432098576405,77.0974084717466,45.03,Low Usability
2791,28.65094228226557,77.09749824760006,43.32,Low Usability
2792,28.65545246269221,77.09758804407265,39.42,Low Usability
2793,28.659962639855934,77.09767786116812,48.75,Low Usability
2794,28.66447281375638,77.09776769889021,61.65,Moderate Usability
2795,28.668982984393192,77.09785755724266,61.31,Moderate Usability
2796,28.673493151765975,77.0979474362292,59.36,Moderate Usability
2797,28.678003315874378,77.09803733585365,47.17,Low Usability
2798,28.682513476718007,77.09812725611962,45.89,Low Usability
2799,28.687023634296523,77.09821719703102,51.55,Moderate Usability
2800,28.691533788609537,77.09830715859147,56.02,Moderate Usability
2801,28.696043939656683,77.09839714080479,48.34,Low Usability
2802,28.70055408743757,77.09848714367475,57.86,Moderate Usability
2803,28.70506423195186,77.098577167205,49.73,Low Usability
2804,28.70957437319918,77.0986672113994,42.49,Low Usability
2805,28.714084511179134,77.09875727626168,45.29,Low Usability
2806,28.718594645891372,77.09884736179558,48.39,Low Usability
2807,28.723104777335518,77.09893746800485,43.1,Low Usability
2808,28.7276149055112,77.0990275948933,51.32,Moderate Usability
2809,28.73212503041805,77.09911774246466,46.9,Low Usability
2810,28.73663515205569,77.09920791072265,44.93,Low Usability
2811,28.74114527042377,77.09929809967113,44.25,Low Usability
2812,28.745655385521918,77.09938830931378,44.64,Low Usability
2813,28.750165497349734,77.0994785396544,44.28,Low Usability
2814,28.754675605906872,77.09956879069674,45.9,Low Usability
2815,28.759185711192973,77.09965906244462,45.32,Low Usability
2816,28.763695813207665,77.09974935490173,44.79,Low Usability
2817,28.768205911950535,77.0998396680719,40.88,Low Usability
2818,28.77271600742127,77.09993000195887,46.07,Low Usability
2819,28.777226099619465,77.10002035656646,46.16,Low Usability
2820,28.781736188544762,77.1001107318984,46.29,Low Usability
2821,28.786246274196802,77.1002011279585,40.64,Low Usability
2822,28.790756356575198,77.10029154475048,37.62,Low Usability
2823,28.795266435679594,77.10038198227817,41.46,Low Usability
2824,28.799776511509627,77.10047244054533,43.34,Low Usability
2825,28.804286584064894,77.10056291955577,44.65,Low Usability
2826,28.808796653345052,77.10065341931325,42.23,Low Usability
2827,28.813306719349747,77.10074393982153,38.61,Low Usability
2828,28.81781678207858,77.10083448108442,40.54,Low Usability
2829,28.822326841531204,77.10092504310572,47.08,Low Usability
2830,28.82683689770723,77.10101562588919,54.26,Moderate Usability
2831,28.8313469506063,77.10110622943863,51.69,Moderate Usability
2832,28.835857000228046,77.10119685375783,48.81,Low Usability
2833,28.840367046572098,77.10128749885058,50.71,Moderate Usability
2834,28.8448770896381,77.10137816472066,46.28,Low Usability
2835,28.849387129425665,77.10146885137189,44.1,Low Usability
2836,28.85389716593443,77.10155955880806,44.15,Low Usability
2837,28.858407199164013,77.10165028703292,49.57,Low Usability
2838,28.862917229114085,77.10174103605036,46.46,Low Usability
2839,28.86742078826586,77.10182435477593,42.9,Low Usability
2840,28.870616136678578,77.10088063360492,41.27,Low Usability
2841,28.476390212782228,77.10163121883544,48.89,Low Usability
2842,28.499044788709668,77.10105236997568,42.28,Low Usability
2843,28.502114945956684,77.09974868309641,44.29,Low Usability
2844,28.506535962055462,77.0997415890361,45.02,Low Usability
2845,28.5110462319728,77.09983094444411,46.2,Low Usability
2846,28.515556498637924,77.09992032040573,49.27,Low Usability
2847,28.52006676205044,77.10000971692466,50.3,Moderate Usability
2848,28.524577022209986,77.10009913400458,46.72,Low Usability
2849,28.52908727911617,77.10018857164926,50.2,Moderate Usability
2850,28.533597532768635,77.10027802986241,45.72,Low Usability
2851,28.53810778316701,77.10036750864768,44.83,Low Usability
2852,28.542618030310916,77.10045700800886,39.79,Low Usability
2853,28.54712827419999,77.10054652794966,41.93,Low Usability
2854,28.55163851483383,77.10063606847378,55.41,Moderate Usability
2855,28.556148752212092,77.10072562958494,49.58,Low Usability
2856,28.560658986334403,77.1008152112869,40.48,Low Usability
2857,28.56516921720038,77.10090481358334,38.32,Low Usability
2858,28.569679444809655,77.100994436478,39.7,Low Usability
2859,28.57418966916186,77.10108407997464,44.53,Low Usability
2860,28.578699890256612,77.10117374407692,53.2,Moderate Usability
2861,28.583210108093535,77.10126342878866,48.8,Low Usability
2862,28.587720322672293,77.10135313411351,48.0,Low Usability
2863,28.59223053399247,77.10144286005526,48.46,Low Usability
2864,28.596740742053708,77.10153260661758,51.97,Moderate Usability
2865,28.601250946855647,77.10162237380428,57.2,Moderate Usability
2866,28.605761148397907,77.10171216161905,41.28,Low Usability
2867,28.610271346680108,77.10180197006565,52.58,Moderate Usability
2868,28.6147815417019,77.1018917991478,45.59,Low Usability
2869,28.61929173346288,77.10198164886921,60.64,Moderate Usability
2870,28.623801921962706,77.1020715192337,48.22,Low Usability
2871,28.628312107200994,77.10216141024493,55.19,Moderate Usability
2872,28.632822289177366,77.10225132190669,51.99,Moderate Usability
2873,28.637332467891472,77.10234125422274,41.75,Low Usability
2874,28.641842643342905,77.10243120719679,46.61,Low Usability
2875,28.646352815531312,77.1025211808326,40.03,Low Usability
2876,28.65086298445634,77.1026111751339,41.6,Low Usability
2877,28.655373150117597,77.10270119010448,44.94,Low Usability
2878,28.659883312514708,77.10279122574805,44.46,Low Usability
2879,28.66439347164733,77.10288128206841,58.87,Moderate Usability
2880,28.66890362751505,77.10297135906924,47.24,Low Usability
2881,28.673413780117524,77.10306145675435,53.6,Moderate Usability
2882,28.677923929454373,77.10315157512747,56.25,Moderate Usability
2883,28.682434075525247,77.10324171419238,49.87,Low Usability
2884,28.68694421832974,77.10333187395283,56.27,Moderate Usability
2885,28.69145435786751,77.10342205441258,54.92,Moderate Usability
2886,28.69596449413816,77.10351225557537,46.36,Low Usability
2887,28.700474627141343,77.103602477445,56.7,Moderate Usability
2888,28.704984756876687,77.1036927200252,49.65,Low Usability
2889,28.70949488334381,77.10378298331975,43.01,Low Usability
2890,28.71400500654234,77.10387326733239,56.76,Moderate Usability
2891,28.718515126471914,77.1039635720669,48.54,Low Usability
2892,28.72302524313216,77.10405389752711,51.06,Moderate Usability
2893,28.727535356522715,77.1041442437167,45.08,Low Usability
2894,28.73204546664318,77.10423461063945,48.72,Low Usability
2895,28.736555573493213,77.10432499829919,46.93,Low Usability
2896,28.74106567707245,77.10441540669967,46.63,Low Usability
2897,28.7455757773805,77.10450583584463,46.45,Low Usability
2898,28.750085874416996,77.10459628573788,44.89,Low Usability
2899,28.75459596818157,77.10468675638316,44.22,Low Usability
2900,28.75910605867385,77.10477724778427,43.8,Low Usability
2901,28.76361614589349,77.10486775994501,45.99,Low Usability
2902,28.76812622984009,77.10495829286916,48.0,Low Usability
2903,28.772636310513285,77.10504884656046,45.98,Low Usability
2904,28.777146387912705,77.10513942102273,43.73,Low Usability
2905,28.781656462038008,77.10523001625974,42.2,Low Usability
2906,28.786166532888778,77.10532063227528,40.04,Low Usability
2907,28.790676600464682,77.10541126907313,38.94,Low Usability
2908,28.795186664765342,77.10550192665706,42.28,Low Usability
2909,28.79969672579038,77.10559260503088,42.16,Low Usability
2910,28.804206783539428,77.1056833041984,44.17,Low Usability
2911,28.808716838012135,77.1057740241634,40.05,Low Usability
2912,28.813226889208114,77.10586476492963,44.57,Low Usability
2913,28.81773693712699,77.10595552650092,43.95,Low Usability
2914,28.822246981768416,77.1060463088811,47.13,Low Usability
2915,28.826757023131986,77.1061371120739,57.04,Moderate Usability
2916,28.83126706121737,77.10622793608316,47.94,Low Usability
2917,28.83577709602418,77.10631878091263,51.38,Moderate Usability
2918,28.84028712755205,77.10640964656618,57.11,Moderate Usability
2919,28.84479715580062,77.10650053304757,49.62,Low Usability
2920,28.849307180769515,77.10659144036062,46.88,Low Usability
2921,28.853817202458348,77.1066823685091,46.18,Low Usability
2922,28.858327220866776,77.10677331749686,45.91,Low Usability
2923,28.862837235994423,77.10686428732767,39.74,Low Usability
2924,28.866591955177995,77.10645769167715,40.23,Low Usability
2925,28.467007171349383,77.10589029038874,47.14,Low Usability
2926,28.470590695166255,77.10479095801544,49.58,Low Usability
2927,28.474936827931444,77.10431948643894,48.5,Low Usability
2928,28.479258367667317,77.10467750172081,44.12,Low Usability
2929,28.48368670491402,77.10550842789338,50.83,Moderate Usability
2930,28.48795228527611,77.10630889322532,43.66,Low Usability
2931,28.493286665426023,77.10679953569532,42.58,Low Usability
2932,28.49778326224036,77.1049915772983,45.18,Low Usability
2933,28.50194668605083,77.1047579787963,44.21,Low Usability
2934,28.506456944459377,77.10484753049947,44.54,Low Usability
2935,28.510967199614814,77.10493710280235,47.86,Low Usability
2936,28.51547745151681,77.10502669570867,49.12,Low Usability
2937,28.51998770016498,77.10511630922215,48.64,Low Usability
2938,28.524497945558934,77.1052059433465,49.55,Low Usability
2939,28.529008187698313,77.10529559808545,48.24,Low Usability
2940,28.53351842658276,77.10538527344275,45.53,Low Usability
2941,28.53802866221188,77.10547496942209,44.76,Low Usability
2942,28.542538894585295,77.1055646860272,39.46,Low Usability
2943,28.547049123702653,77.10565442326184,47.52,Low Usability
2944,28.551559349563572,77.10574418112971,52.29,Moderate Usability
2945,28.556069572167672,77.10583395963455,43.69,Low Usability
2946,28.560579791514606,77.1059237587801,39.48,Low Usability
2947,28.565090007603963,77.10601357857009,39.59,Low Usability
2948,28.569600220435383,77.10610341900825,40.12,Low Usability
2949,28.57411043000852,77.10619328009832,39.09,Low Usability
2950,28.578620636322963,77.10628316184406,53.14,Moderate Usability
2951,28.58313083937836,77.10637306424915,48.19,Low Usability
2952,28.58764103917435,77.1064629873174,46.44,Low Usability
2953,28.592151235710528,77.10655293105252,47.78,Low Usability
2954,28.59666142898655,77.10664289545824,48.16,Low Usability
2955,28.601171619002034,77.10673288053829,49.26,Low Usability
2956,28.6056818057566,77.10682288629648,42.04,Low Usability
2957,28.610191989249888,77.1069129127365,58.47,Moderate Usability
2958,28.61470216948152,77.1070029598621,56.68,Moderate Usability
2959,28.619212346451135,77.10709302767707,61.04,Moderate Usability
2960,28.62372252015834,77.10718311618513,54.39,Moderate Usability
2961,28.628232690602783,77.10727322539,60.6,Moderate Usability
2962,28.63274285778407,77.10736335529549,57.77,Moderate Usability
2963,28.637253021701856,77.10745350590533,43.26,Low Usability
2964,28.641763182355746,77.10754367722328,61.09,Moderate Usability
2965,28.646273339745377,77.10763386925306,55.69,Moderate Usability
2966,28.650783493870385,77.10772408199848,49.02,Low Usability
2967,28.655293644730385,77.10781431546329,55.84,Moderate Usability
2968,28.659803792325008,77.10790456965123,43.2,Low Usability
2969,28.664313936653905,77.10799484456606,56.29,Moderate Usability
2970,28.66882407771667,77.10808514021154,58.51,Moderate Usability
2971,28.673334215512945,77.10817545659145,54.21,Moderate Usability
2972,28.677844350042374,77.10826579370955,47.67,Low Usability
2973,28.682354481304575,77.1083561515696,48.55,Low Usability
2974,28.686864609299164,77.10844653017536,49.89,Low Usability
2975,28.691374734025786,77.10853692953062,50.06,Moderate Usability
2976,28.695884855484064,77.10862734963912,57.71,Moderate Usability
2977,28.700394973673614,77.10871779050467,55.33,Moderate Usability
2978,28.704905088594096,77.10880825213103,51.88,Moderate Usability
2979,28.709415200245118,77.10889873452196,49.78,Low Usability
2980,28.71392530862631,77.1089892376812,57.5,Moderate Usability
2981,28.718435413737314,77.1090797616126,68.05,Moderate Usability
2982,28.72294551557774,77.1091703063199,63.44,Moderate Usability
2983,28.727455614147235,77.10926087180688,56.65,Moderate Usability
2984,28.731965709445404,77.1093514580773,51.15,Moderate Usability
2985,28.7364758014719,77.10944206513497,57.36,Moderate Usability
2986,28.74098589022635,77.10953269298368,46.84,Low Usability
2987,28.745495975708383,77.10962334162717,46.21,Low Usability
2988,28.75000605791762,77.10971401106927,45.28,Low Usability
2989,28.75451613685368,77.10980470131372,43.9,Low Usability
2990,28.759026212516215,77.10989541236434,48.4,Low Usability
2991,28.76353628490486,77.10998614422493,49.15,Low Usability
2992,28.76804635401922,77.11007689689924,39.01,Low Usability
2993,28.77255641985894,77.1101676703911,44.99,Low Usability
2994,28.777066482423653,77.11025846470427,42.74,Low Usability
2995,28.781576541712965,77.11034927984254,43.15,Low Usability
2996,28.786086597726527,77.11044011580975,38.75,Low Usability
2997,28.79059665046397,77.11053097260965,41.15,Low Usability
2998,28.795106699924936,77.11062185024606,45.67,Low Usability
2999,28.799616746109027,77.11071274872275,42.75,Low Usability
3000,28.804126789015882,77.11080366804356,45.46,Low Usability
3001,28.808636828645138,77.11089460821228,43.33,Low Usability
3002,28.813146864996426,77.1109855692327,43.19,Low Usability
3003,28.817656898069362,77.1110765511086,44.53,Low Usability
3004,28.82216692786358,77.11116755384381,45.03,Low Usability
3005,28.826676954378744,77.11125857744216,50.92,Moderate Usability
3006,28.831186977614443,77.11134962190741,44.53,Low Usability
3007,28.83569699757033,77.11144068724342,46.49,Low Usability
3008,28.840207014246012,77.11153177345396,47.84,Low Usability
3009,28.844717027641153,77.11162288054282,43.03,Low Usability
3010,28.849227037755366,77.11171400851386,42.34,Low Usability
3011,28.853737044588282,77.11180515737088,44.68,Low Usability
3012,28.858247048139532,77.1118963271177,46.52,Low Usability
3013,28.86275704840875,77.11198751775811,39.77,Low Usability
3014,28.865515019553545,77.11199041729382,38.66,Low Usability
3015,28.45390410407348,77.11121388078482,48.96,Low Usability
3016,28.457167740686597,77.11056835808309,48.66,Low Usability
3017,28.461464981388442,77.10971835305102,44.11,Low Usability
3018,28.46580206848063,77.10916775995288,49.24,Low Usability
3019,28.470295695249924,77.10923588088134,47.82,Low Usability
3020,28.4748059616317,77.10932550498337,46.54,Low Usability
3021,28.479316224761767,77.10941514970885,47.94,Low Usability
3022,28.483826484639774,77.10950481506153,64.53,Moderate Usability
3023,28.48833674126535,77.10959450104512,57.11,Moderate Usability
3024,28.49283170564134,77.10974141912604,56.81,Moderate Usability
3025,28.497357244757687,77.10977393491996,55.67,Moderate Usability
3026,28.5018674916237,77.10986368281864,44.63,Low Usability
3027,28.506377735235773,77.10995345136311,41.53,Low Usability
3028,28.51088797559354,77.11004324055716,45.66,Low Usability
3029,28.515398212696628,77.11013305040447,48.87,Low Usability
3030,28.519908446544655,77.11022288090878,49.49,Low Usability
3031,28.52441867713726,77.11031273207381,46.83,Low Usability
3032,28.528928904474053,77.11040260390334,48.64,Low Usability
3033,28.533439128554665,77.11049249640105,50.58,Moderate Usability
3034,28.53794934937874,77.11058240957071,46.73,Low Usability
3035,28.542459566945876,77.11067234341603,43.98,Low Usability
3036,28.54696978125573,77.11076229794077,44.44,Low Usability
3037,28.551479992307904,77.11085227314868,47.66,Low Usability
3038,28.55599020010204,77.11094226904346,41.86,Low Usability
3039,28.560500404637768,77.11103228562888,41.09,Low Usability
3040,28.565010605914697,77.11112232290867,41.41,Low Usability
3041,28.569520803932466,77.1112123808866,40.38,Low Usability
3042,28.57403099869069,77.1113024595664,50.13,Moderate Usability
3043,28.578541190189025,77.1113925589518,59.29,Moderate Usability
3044,28.58305137842707,77.11148267904656,49.63,Low Usability
3045,28.587561563404446,77.11157281985443,46.86,Low Usability
3046,28.59207174512081,77.11166298137917,48.14,Low Usability
3047,28.59658192357578,77.11175316362453,49.65,Low Usability
3048,28.601092098768962,77.11184336659421,50.27,Moderate Usability
3049,28.605602270700004,77.11193359029205,49.05,Low Usability
3050,28.61011243936853,77.11202383472175,47.52,Low Usability
3051,28.614622604774166,77.11211409988711,56.01,Moderate Usability
3052,28.619132766916547,77.11220438579184,58.92,Moderate Usability
3053,28.623642925795284,77.11229469243972,53.3,Moderate Usability
3054,28.628153081410023,77.11238501983449,63.98,Moderate Usability
3055,28.632663233760383,77.11247536797994,58.44,Moderate Usability
3056,28.637173382845983,77.11256573687982,55.8,Moderate Usability
3057,28.64168352866647,77.1126561265379,58.15,Moderate Usability
3058,28.646193671221454,77.11274653695794,56.6,Moderate Usability
3059,28.650703810510574,77.1128369681437,43.98,Low Usability
3060,28.65521394653344,77.11292742009897,44.34,Low Usability
3061,28.65972407928971,77.1130178928275,45.48,Low Usability
3062,28.664234208778996,77.11310838633308,48.46,Low Usability
3063,28.668744335000934,77.11319890061944,50.46,Moderate Usability
3064,28.67325445795512,77.11328943569038,58.52,Moderate Usability
3065,28.677764577641224,77.11337999154966,47.66,Low Usability
3066,28.682274694058872,77.11347056820107,48.45,Low Usability
3067,28.686784807207665,77.1135611656484,48.52,Low Usability
3068,28.69129491708724,77.1136517838954,53.79,Moderate Usability
3069,28.695805023697233,77.11374242294586,48.96,Low Usability
3070,28.700315127037275,77.11383308280357,49.04,Low Usability
3071,28.704825227106994,77.11392376347227,46.51,Low Usability
3072,28.709335323906,77.11401446495582,52.12,Moderate Usability
3073,28.71384541743395,77.11410518725792,50.05,Moderate Usability
3074,28.718355507690454,77.1141959303824,63.4,Moderate Usability
3075,28.72286559467514,77.11428669433302,59.03,Moderate Usability
3076,28.727375678387652,77.1143774791136,59.89,Moderate Usability
3077,28.731885758827616,77.1144682847279,55.8,Moderate Usability
3078,28.736395835994653,77.11455911117974,50.42,Moderate Usability
3079,28.74090590988839,77.11464995847288,41.04,Low Usability
3080,28.745415980508454,77.11474082661114,45.44,Low Usability
3081,28.749926047854498,77.11483171559829,58.83,Moderate Usability
3082,28.754436111926132,77.11492262543814,59.89,Moderate Usability
3083,28.758946172722958,77.11501355613446,48.45,Low Usability
3084,28.763456230244657,77.11510450769109,42.88,Low Usability
3085,28.767966284490846,77.11519548011184,42.83,Low Usability
3086,28.772476335461135,77.11528647340042,45.26,Low Usability
3087,28.776986383155165,77.11537748756069,45.79,Low Usability
3088,28.781496427572552,77.11546852259646,42.7,Low Usability
3089,28.786006468712937,77.11555957851151,39.97,Low Usability
3090,28.79051650657596,77.1156506553097,40.65,Low Usability
3091,28.795026541161246,77.11574175299477,43.61,Low Usability
3092,28.799536572468433,77.11583287157052,43.59,Low Usability
3093,28.804046600497113,77.11592401104082,47.22,Low Usability
3094,28.808556625246958,77.11601517140947,48.75,Low Usability
3095,28.81306664671757,77.11610635268023,42.14,Low Usability
3096,28.81757666490859,77.11619755485697,44.13,Low Usability
3097,28.822086679819655,77.11628877794344,46.18,Low Usability
3098,28.826596691450387,77.1163800219435,47.49,Low Usability
3099,28.831106699800422,77.11647128686096,39.43,Low Usability
3100,28.835616704869377,77.11656257269965,40.76,Low Usability
3101,28.840126706656903,77.11665387946336,41.49,Low Usability
3102,28.844636705162607,77.11674520715592,45.18,Low Usability
3103,28.84914670038614,77.11683655578115,42.34,Low Usability
3104,28.853656692327117,77.11692792534288,44.71,Low Usability
3105,28.858166680985196,77.11701931584493,46.53,Low Usability
3106,28.862676666359974,77.11711072729113,39.08,Low Usability
3107,28.86537821109154,77.11711267010357,38.06,Low Usability
3108,28.445238164662264,77.11629180021863,40.97,Low Usability
3109,28.44828338942534,77.11518295917493,42.99,Low Usability
3110,28.45228009817875,77.11415613362566,42.29,Low Usability
3111,28.456685638836888,77.11407065001819,43.08,Low Usability
3112,28.461195900151534,77.11416042861188,44.74,Low Usability
3113,28.4657061582144,77.11425022786766,45.63,Low Usability
3114,28.470216413025085,77.11434004778921,38.06,Low Usability
3115,28.47472666458322,77.11442988838027,39.85,Low Usability
3116,28.479236912888446,77.11451974964454,60.45,Moderate Usability
3117,28.48374715794037,77.11460963158581,62.19,Moderate Usability
3118,28.48825739973863,77.11469953420776,60.4,Moderate Usability
3119,28.492767638282857,77.11478945751416,59.09,Moderate Usability
3120,28.49727787357266,77.11487940150872,51.43,Moderate Usability
3121,28.501788105607677,77.11496936619515,39.15,Low Usability
3122,28.506298334387523,77.11505935157722,40.28,Low Usability
3123,28.51080855991184,77.11514935765868,42.87,Low Usability
3124,28.515318782180238,77.11523938444326,44.99,Low Usability
3125,28.519829001192345,77.11532943193465,43.35,Low Usability
3126,28.524339216947798,77.11541950013667,46.7,Low Usability
3127,28.528849429446215,77.11550958905299,49.78,Low Usability
3128,28.533359638687216,77.1155996986874,47.99,Low Usability
3129,28.53786984467044,77.11568982904365,46.75,Low Usability
3130,28.54238004739552,77.11577998012547,47.05,Low Usability
3131,28.54689024686206,77.11587015193656,43.79,Low Usability
3132,28.551400443069692,77.11596034448075,46.76,Low Usability
3133,28.555910636018055,77.11605055776174,40.51,Low Usability
3134,28.56042082570677,77.11614079178328,38.84,Low Usability
3135,28.564931012135453,77.11623104654916,40.89,Low Usability
3136,28.569441195303735,77.1163213220631,40.9,Low Usability
3137,28.57395137521126,77.11641161832884,52.78,Moderate Usability
3138,28.578461551857636,77.11650193535016,48.73,Low Usability
3139,28.582971725242498,77.11659227313086,50.2,Moderate Usability
3140,28.587481895365467,77.1166826316746,50.34,Moderate Usability
3141,28.591992062226172,77.11677301098521,50.59,Moderate Usability
3142,28.596502225824235,77.11686341106642,48.19,Low Usability
3143,28.601012386159304,77.11695383192202,47.47,Low Usability
3144,28.605522543230983,77.11704427355576,45.53,Low Usability
3145,28.610032697038903,77.1171347359714,48.43,Low Usability
3146,28.614542847582705,77.11722521917271,46.03,Low Usability
3147,28.619052994862002,77.11731572316344,46.14,Low Usability
3148,28.623563138876417,77.11740624794739,64.37,Moderate Usability
3149,28.628073279625607,77.1174967935283,56.62,Moderate Usability
3150,28.63258341710916,77.11758735990993,62.66,Moderate Usability
3151,28.637093551326732,77.11767794709613,45.82,Low Usability
3152,28.641603682277943,77.11776855509056,42.56,Low Usability
3153,28.64611380996241,77.11785918389708,43.28,Low Usability
3154,28.650623934379773,77.11794983351943,46.06,Low Usability
3155,28.655134055529647,77.11804050396138,47.61,Low Usability
3156,28.659644173411667,77.11813119522674,41.21,Low Usability
3157,28.66415428802548,77.11822190731927,49.67,Low Usability
3158,28.668664399370694,77.11831264024275,57.65,Moderate Usability
3159,28.673174507446927,77.11840339400094,50.29,Moderate Usability
3160,28.677684612253824,77.11849416859766,48.93,Low Usability
3161,28.682194713791006,77.11858496403669,44.06,Low Usability
3162,28.686704812058107,77.1186757803218,54.96,Moderate Usability
3163,28.691214907054754,77.11876661745674,63.9,Moderate Usability
3164,28.69572499878057,77.11885747544535,57.55,Moderate Usability
3165,28.70023508723519,77.11894835429143,53.25,Moderate Usability
3166,28.70474517241824,77.11903925399875,54.0,Moderate Usability
3167,28.709255254329335,77.1191301745711,59.44,Moderate Usability
3168,28.713765332968116,77.11922111601226,53.81,Moderate Usability
3169,28.71827540833421,77.11931207832602,59.35,Moderate Usability
3170,28.722785480427266,77.11940306151621,64.9,Moderate Usability
3171,28.727295549246875,77.11949406558661,61.25,Moderate Usability
3172,28.731805614792698,77.119585090541,58.07,Moderate Usability
3173,28.736315677064336,77.11967613638319,45.44,Low Usability
3174,28.74082573606142,77.11976720311701,45.49,Low Usability
3175,28.74533579178361,77.11985829074621,51.3,Moderate Usability
3176,28.749845844230514,77.11994939927463,61.23,Moderate Usability
3177,28.75435589340175,77.12004052870606,62.76,Moderate Usability
3178,28.75886593929696,77.1201316790443,41.56,Low Usability
3179,28.763375981915782,77.12022285029319,42.22,Low Usability
3180,28.767886021257823,77.12031404245649,44.25,Low Usability
3181,28.772396057322737,77.12040525553803,43.8,Low Usability
3182,28.77690609011013,77.12049648954162,42.71,Low Usability
3183,28.781416119619653,77.12058774447108,41.3,Low Usability
3184,28.785926145850915,77.12067902033021,37.18,Low Usability
3185,28.79043616880355,77.12077031712283,44.96,Low Usability
3186,28.794946188477194,77.12086163485274,44.26,Low Usability
3187,28.799456204871486,77.12095297352377,42.25,Low Usability
3188,28.803966217986044,77.12104433313976,38.9,Low Usability
3189,28.808476227820485,77.12113571370449,46.44,Low Usability
3190,28.812986234374456,77.12122711522181,36.86,Low Usability
3191,28.817496237647585,77.12131853769553,38.98,Low Usability
3192,28.822006237639496,77.12140998112947,38.47,Low Usability
3193,28.82651623434982,77.12150144552746,39.46,Low Usability
3194,28.831026227778196,77.1215929308933,43.08,Low Usability
3195,28.835536217924236,77.12168443723083,46.0,Low Usability
3196,28.840046204787598,77.12177596454391,45.06,Low Usability
3197,28.84455618836787,77.12186751283632,44.86,Low Usability
3198,28.849066168664727,77.12195908211194,44.38,Low Usability
3199,28.853576145677778,77.12205067237456,44.45,Low Usability
3200,28.858086119406646,77.12214228362802,46.84,Low Usability
3201,28.862596089850975,77.12223391587618,47.68,Low Usability
3202,28.86524276660915,77.12222742135468,43.49,Low Usability
3203,28.44074960586126,77.12134989522654,39.09,Low Usability
3204,28.44360560847784,77.11948631755054,38.44,Low Usability
3205,28.447585707171626,77.11899421936,41.22,Low Usability
3206,28.452095960135498,77.1190841728774,38.81,Low Usability
3207,28.45660620984712,77.11917414709913,47.57,Low Usability
3208,28.461116456306087,77.1192641420289,47.17,Low Usability
3209,28.465626699512015,77.11935415767046,46.05,Low Usability
3210,28.470136939464556,77.11944419402757,42.58,Low Usability
3211,28.47464717616332,77.11953425110394,46.64,Low Usability
3212,28.479157409607936,77.1196243289033,58.6,Moderate Usability
3213,28.48366763979802,77.11971442742939,58.68,Moderate Usability
3214,28.488177866733214,77.11980454668598,57.81,Moderate Usability
3215,28.492688090413136,77.11989468667679,56.97,Moderate Usability
3216,28.4971983108374,77.11998484740553,52.03,Moderate Usability
3217,28.50170852800565,77.12007502887604,53.62,Moderate Usability
3218,28.506218741917497,77.12016523109197,53.77,Moderate Usability
3219,28.510728952572578,77.1202554540571,44.78,Low Usability
3220,28.515239159970506,77.12034569777519,41.09,Low Usability
3221,28.519749364110925,77.12043596224994,38.15,Low Usability
3222,28.524259564993436,77.12052624748517,42.0,Low Usability
3223,28.528769762617685,77.1206165534846,44.63,Low Usability
3224,28.53327995698329,77.12070688025196,44.39,Low Usability
3225,28.53779014808986,77.12079722779103,44.06,Low Usability
3226,28.542300335937064,77.12088759610553,45.34,Low Usability
3227,28.5468105205245,77.12097798519929,50.27,Moderate Usability
3228,28.55132070185179,77.121068395076,44.99,Low Usability
3229,28.555830879918577,77.12115882573946,44.38,Low Usability
3230,28.560341054724464,77.12124927719337,42.47,Low Usability
3231,28.564851226269095,77.12133974944156,51.04,Moderate Usability
3232,28.56936139455209,77.12143024248773,47.6,Low Usability
3233,28.57387155957308,77.1215207563357,53.69,Moderate Usability
3234,28.578381721331695,77.12161129098921,57.71,Moderate Usability
3235,28.58289187982754,77.12170184645203,54.52,Moderate Usability
3236,28.58740203506026,77.1217924227279,49.05,Low Usability
3237,28.591912187029482,77.12188301982064,55.82,Moderate Usability
3238,28.596422335734825,77.12197363773397,56.67,Moderate Usability
3239,28.60093248117593,77.1220642764717,52.79,Moderate Usability
3240,28.605442623352413,77.12215493603757,48.79,Low Usability
3241,28.609952762263887,77.12224561643536,46.86,Low Usability
3242,28.614462897910002,77.12233631766888,43.47,Low Usability
3243,28.618973030290363,77.12242703974185,43.79,Low Usability
3244,28.623483159404618,77.1225177826581,60.64,Moderate Usability
3245,28.627993285252398,77.12260854642138,61.56,Moderate Usability
3246,28.632503407833305,77.12269933103543,57.6,Moderate Usability
3247,28.637013527146976,77.12279013650412,50.47,Moderate Usability
3248,28.641523643193047,77.12288096283118,49.54,Low Usability
3249,28.646033755971136,77.1229718100204,45.31,Low Usability
3250,28.650543865480874,77.12306267807556,49.71,Low Usability
3251,28.655053971721877,77.12315356700043,56.93,Moderate Usability
3252,28.659564074693797,77.12324447679882,52.87,Moderate Usability
3253,28.664074174396244,77.12333540747451,50.07,Moderate Usability
3254,28.668584270828855,77.12342635903133,57.82,Moderate Usability
3255,28.67309436399125,77.12351733147301,51.16,Moderate Usability
3256,28.677604453883045,77.12360832480334,49.08,Low Usability
3257,28.682114540503893,77.12369933902617,46.96,Low Usability
3258,28.686624623853408,77.12379037414526,56.23,Moderate Usability
3259,28.69113470393122,77.1238814301644,61.41,Moderate Usability
3260,28.695644780736963,77.12397250708742,61.77,Moderate Usability
3261,28.700154854270256,77.12406360491809,60.05,Moderate Usability
3262,28.704664924530725,77.12415472366018,62.37,Moderate Usability
3263,28.70917499151801,77.12424586331754,75.86,High Usability
3264,28.713685055231718,77.12433702389397,47.4,Low Usability
3265,28.718195115671502,77.12442820539324,57.94,Moderate Usability
3266,28.722705172836978,77.1245194078192,61.61,Moderate Usability
3267,28.72721522672778,77.1246106311756,61.94,Moderate Usability
3268,28.731725277343525,77.12470187546629,49.67,Low Usability
3269,28.73623532468384,77.12479314069506,49.98,Low Usability
3270,28.740745368748367,77.12488442686569,48.16,Low Usability
3271,28.745255409536735,77.12497573398208,46.01,Low Usability
3272,28.74976544704857,77.12506706204795,51.67,Moderate Usability
3273,28.75427548128348,77.12515841106716,45.86,Low Usability
3274,28.758785512241136,77.12524978104352,44.8,Low Usability
3275,28.76329553992113,77.12534117198084,45.16,Low Usability
3276,28.7678055643231,77.12543258388291,47.1,Low Usability
3277,28.772315585446673,77.12552401675359,47.06,Low Usability
3278,28.776825603291478,77.1256154705967,40.51,Low Usability
3279,28.781335617857163,77.12570694541601,41.8,Low Usability
3280,28.785845629143335,77.12579844121541,44.26,Low Usability
3281,28.790355637149634,77.12588995799864,45.7,Low Usability
3282,28.794865641875685,77.12598149576962,42.73,Low Usability
3283,28.79937564332112,77.1260730545321,46.14,Low Usability
3284,28.80388564148557,77.12616463428996,41.97,Low Usability
3285,28.808395636368644,77.12625623504698,46.73,Low Usability
3286,28.812905627969997,77.12634785680702,40.07,Low Usability
3287,28.817415616289246,77.12643949957389,36.65,Low Usability
3288,28.821925601326022,77.12653116335144,36.51,Low Usability
3289,28.826435583079956,77.12662284814351,36.86,Low Usability
3290,28.830945561550685,77.12671455395392,42.14,Low Usability
3291,28.835455536737822,77.12680628078651,47.75,Low Usability
3292,28.83996550864101,77.12689802864512,45.61,Low Usability
3293,28.844475477259866,77.12698979753355,46.43,Low Usability
3294,28.848985442594042,77.12708158745572,44.4,Low Usability
3295,28.853495404643155,77.1271733984154,43.65,Low Usability
3296,28.858005363406832,77.12726523041644,44.5,Low Usability
3297,28.86248530174801,77.12732109697609,47.47,Low Usability
3298,28.86511357206597,77.12679489811973,38.25,Low Usability
3299,28.439979627062144,77.12458913063818,47.25,Low Usability
3300,28.4429958754074,77.12400711421743,46.42,Low Usability
3301,28.447506116735436,77.12409726321742,47.54,Low Usability
3302,28.45201635481035,77.12418743296767,45.62,Low Usability
3303,28.456526589631768,77.124277623472,47.09,Low Usability
3304,28.461036821199293,77.12436783473413,41.63,Low Usability
3305,28.465547049512566,77.12445806675775,41.17,Low Usability
3306,28.47005727457121,77.12454831954668,44.77,Low Usability
3307,28.474567496374842,77.1246385931046,45.67,Low Usability
3308,28.479077714923097,77.1247288874353,64.32,Moderate Usability
3309,28.483587930215577,77.12481920254251,61.18,Moderate Usability
3310,28.488098142251935,77.12490953842997,54.89,Moderate Usability
3311,28.492608351031794,77.12499989510147,54.89,Moderate Usability
3312,28.497118556554764,77.12509027256071,54.53,Moderate Usability
3313,28.501628758820463,77.12518067081149,52.66,Moderate Usability
3314,28.50613895782855,77.1252710898575,53.8,Moderate Usability
3315,28.510649153578612,77.12536152970257,52.04,Moderate Usability
3316,28.51515934607031,77.1254519903504,40.43,Low Usability
3317,28.519669535303233,77.1255424718048,38.46,Low Usability
3318,28.52417972127703,77.12563297406949,42.33,Low Usability
3319,28.528689903991324,77.12572349714824,43.28,Low Usability
3320,28.533200083445735,77.1258140410448,44.47,Low Usability
3321,28.537710259639894,77.12590460576294,45.23,Low Usability
3322,28.542220432573416,77.12599519130644,40.52,Low Usability
3323,28.546730602245947,77.12608579767904,43.56,Low Usability
3324,28.551240768657088,77.12617642488453,45.6,Low Usability
3325,28.555750931806475,77.12626707292665,44.18,Low Usability
3326,28.56026109169375,77.1263577418092,44.88,Low Usability
3327,28.564771248318507,77.12644843153593,48.89,Low Usability
3328,28.569281401680392,77.12653914211062,46.1,Low Usability
3329,28.57379155177904,77.12662987353703,46.1,Low Usability
3330,28.57830169861406,77.12672062581893,46.87,Low Usability
3331,28.582811842185084,77.12681139896014,54.4,Moderate Usability
3332,28.58732198249174,77.12690219296438,50.84,Moderate Usability
3333,28.591832119533642,77.12699300783545,60.29,Moderate Usability
3334,28.59634225331042,77.12708384357715,57.96,Moderate Usability
3335,28.600852383821735,77.12717470019321,56.61,Moderate Usability
3336,28.60536251106716,77.12726557768745,48.9,Low Usability
3337,28.60987263504635,77.12735647606365,49.61,Low Usability
3338,28.614382755758932,77.12744739532556,48.97,Low Usability
3339,28.618892873204537,77.12753833547703,44.19,Low Usability
3340,28.623402987382775,77.12762929652176,44.94,Low Usability
3341,28.627913098293277,77.12772027846361,45.7,Low Usability
3342,28.632423205935677,77.12781128130635,58.19,Moderate Usability
3343,28.636933310309608,77.12790230505377,63.44,Moderate Usability
3344,28.64144341141467,77.12799334970963,49.62,Low Usability
3345,28.64595350925052,77.12808441527775,46.95,Low Usability
3346,28.65046360381675,77.12817550176192,48.58,Low Usability
3347,28.65497369511304,77.12826660916593,55.71,Moderate Usability
3348,28.659483783138963,77.12835773749359,57.84,Moderate Usability
3349,28.663993867894185,77.12844888674869,56.33,Moderate Usability
3350,28.6685039493783,77.12854005693502,56.65,Moderate Usability
3351,28.673014027590963,77.12863124805638,52.87,Moderate Usability
3352,28.6775241025318,77.1287224601166,49.61,Low Usability
3353,28.682034174200417,77.12881369311943,49.52,Low Usability
3354,28.686544242596455,77.1289049470687,45.34,Low Usability
3355,28.69105430771954,77.12899622196824,59.53,Moderate Usability
3356,28.695564369569304,77.12908751782183,57.76,Moderate Usability
3357,28.700074428145367,77.12917883463327,49.28,Low Usability
3358,28.704584483447366,77.12927017240635,58.31,Moderate Usability
3359,28.709094535474918,77.12936153114494,61.33,Moderate Usability
3360,28.713604584227646,77.12945291085282,62.43,Moderate Usability
3361,28.718114629705205,77.1295443115338,47.73,Low Usability
3362,28.722624671907198,77.12963573319169,54.45,Moderate Usability
3363,28.727134710833255,77.12972717583031,53.87,Moderate Usability
3364,28.73164474648302,77.12981863945349,60.57,Moderate Usability
3365,28.736154778856093,77.12991012406502,55.25,Moderate Usability
3366,28.740664807952125,77.13000162966871,50.47,Moderate Usability
3367,28.74517483377074,77.13009315626843,46.0,Low Usability
3368,28.74968485631157,77.13018470386794,44.59,Low Usability
3369,28.75419487557424,77.13027627247114,46.07,Low Usability
3370,28.758704891558377,77.13036786208177,44.0,Low Usability
3371,28.763214904263606,77.13045947270372,39.93,Low Usability
3372,28.76772491368955,77.13055110434075,37.64,Low Usability
3373,28.772234919835842,77.13064275699676,43.35,Low Usability
3374,28.77674492270212,77.13073443067553,41.28,Low Usability
3375,28.781254922288003,77.13082612538088,43.65,Low Usability
3376,28.785764918593134,77.1309178411167,43.97,Low Usability
3377,28.790274911617136,77.13100957788677,42.52,Low Usability
3378,28.794784901359616,77.13110133569495,44.67,Low Usability
3379,28.799294887820235,77.13119311454507,42.85,Low Usability
3380,28.8038048709986,77.13128491444093,42.83,Low Usability
3381,28.808314850894345,77.13137673538643,48.6,Low Usability
3382,28.812824827507104,77.13146857738538,41.34,Low Usability
3383,28.81733480083649,77.13156044044158,44.17,Low Usability
3384,28.82184477088215,77.13165232455891,43.09,Low Usability
3385,28.826354737643726,77.13174422974124,43.78,Low Usability
3386,28.830864701120802,77.13183615599237,43.61,Low Usability
3387,28.835374661313047,77.13192810331617,42.81,Low Usability
3388,28.839884618220076,77.13202007171647,41.95,Low Usability
3389,28.844322125357206,77.13195412999593,47.17,Low Usability
3390,28.848943304564255,77.13214262006326,42.78,Low Usability
3391,28.85341446922619,77.13229610341483,45.31,Low Usability
3392,28.857837245662772,77.13228180390342,41.43,Low Usability
3393,28.86142303781239,77.13111004883847,44.2,Low Usability
3394,28.439444145848924,77.12919846740604,48.43,Low Usability
3395,28.442916108743443,77.12910992114507,40.8,Low Usability
3396,28.44742633514802,77.1292002863245,39.85,Low Usability
3397,28.451936558298225,77.12929067230392,40.09,Low Usability
3398,28.45644677819369,77.12938107908711,39.02,Low Usability
3399,28.46095699483405,77.1294715066778,39.29,Low Usability
3400,28.46546720821891,77.12956195507975,43.33,Low Usability
3401,28.46997741834791,77.12965242429675,45.79,Low Usability
3402,28.474487625220664,77.1297429143325,43.69,Low Usability
3403,28.478997828836793,77.1298334251908,47.64,Low Usability
3404,28.483508029195928,77.12992395687533,62.76,Moderate Usability
3405,28.488018226297687,77.13001450938995,49.57,Low Usability
3406,28.492528420141713,77.13010508273835,45.86,Low Usability
3407,28.497038610727607,77.13019567692436,45.62,Low Usability
3408,28.501548798055012,77.13028629195165,42.57,Low Usability
3409,28.506058982123555,77.13037692782403,40.45,Low Usability
3410,28.51056916293284,77.13046758454527,45.92,Low Usability
3411,28.515079340482494,77.13055826211911,45.84,Low Usability
3412,28.519589514772175,77.13064896054937,40.06,Low Usability
3413,28.524099685801467,77.13073967983975,43.04,Low Usability
3414,28.528609853570014,77.13083041999403,41.9,Low Usability
3415,28.533120018077447,77.13092118101605,44.33,Low Usability
3416,28.537630179323376,77.13101196290953,43.04,Low Usability
3417,28.542140337307437,77.13110276567821,43.11,Low Usability
3418,28.546650492029254,77.13119358932592,43.94,Low Usability
3419,28.55116064348845,77.13128443385644,42.21,Low Usability
3420,28.55567079168466,77.13137529927347,45.54,Low Usability
3421,28.560180936617485,77.13146618558085,47.65,Low Usability
3422,28.564691078286568,77.13155709278237,46.25,Low Usability
3423,28.569201216691546,77.13164802088176,49.58,Low Usability
3424,28.57371135183202,77.13173896988286,42.6,Low Usability
3425,28.578221483707622,77.13182993978941,44.69,Low Usability
3426,28.582731612317996,77.13192093060519,50.94,Moderate Usability
3427,28.587241737662772,77.13201194233402,45.54,Low Usability
3428,28.591751859741517,77.13210297497967,55.05,Moderate Usability
3429,28.59626197855392,77.1321940285459,59.8,Moderate Usability
3430,28.600772094099586,77.13228510303654,55.33,Moderate Usability
3431,28.605282206378142,77.13237619845538,56.46,Moderate Usability
3432,28.609792315389218,77.13246731480618,53.85,Moderate Usability
3433,28.61430242113242,77.13255845209274,46.93,Low Usability
3434,28.6188125236074,77.13264961031888,47.07,Low Usability
3435,28.62332262281376,77.13274078948837,47.11,Low Usability
3436,28.627832718751165,77.13283198960502,50.26,Moderate Usability
3437,28.632342811419203,77.1329232106726,46.13,Low Usability
3438,28.636852900817505,77.13301445269494,45.44,Low Usability
3439,28.641362986945726,77.13310571567581,46.68,Low Usability
3440,28.645873069803454,77.13319699961906,45.48,Low Usability
3441,28.65038314939034,77.13328830452846,49.69,Low Usability
3442,28.65489322570601,77.13337963040782,46.1,Low Usability
3443,28.65940329875007,77.13347097726094,40.68,Low Usability
3444,28.663913368522184,77.1335623450916,51.6,Moderate Usability
3445,28.668423435021943,77.13365373390369,62.34,Moderate Usability
3446,28.672933498248995,77.13374514370093,53.36,Moderate Usability
3447,28.67744355820296,77.13383657448716,42.51,Low Usability
3448,28.681953614883472,77.13392802626623,42.75,Low Usability
3449,28.686463668290134,77.13401949904191,49.2,Low Usability
3450,28.69097371842261,77.13411099281801,62.04,Moderate Usability
3451,28.695483765280493,77.13420250759835,52.87,Moderate Usability
3452,28.699993808863436,77.13429404338677,46.68,Low Usability
3453,28.704503849171058,77.13438560018706,55.27,Moderate Usability
3454,28.70901388620297,77.13447717800307,55.74,Moderate Usability
3455,28.713523919958817,77.13456877683859,54.41,Moderate Usability
3456,28.718033950438237,77.13466039669744,51.12,Moderate Usability
3457,28.72254397764083,77.13475203758347,57.61,Moderate Usability
3458,28.72705400156623,77.13484369950048,52.32,Moderate Usability
3459,28.73156402221408,77.13493538245231,47.39,Low Usability
3460,28.73607403958399,77.13502708644278,48.77,Low Usability
3461,28.740584053675605,77.13511881147572,55.36,Moderate Usability
3462,28.745094064488544,77.13521055755494,52.41,Moderate Usability
3463,28.749604072022436,77.1353023246843,43.69,Low Usability
3464,28.754114076276913,77.13539411286762,45.46,Low Usability
3465,28.75862407725159,77.1354859221087,44.22,Low Usability
3466,28.76313407494612,77.13557775241146,40.77,Low Usability
3467,28.767644069360095,77.13566960377965,39.75,Low Usability
3468,28.77215406049316,77.13576147621713,44.36,Low Usability
3469,28.776664048344955,77.13585336972776,43.14,Low Usability
3470,28.781174032915107,77.13594528431533,43.57,Low Usability
3471,28.785684014203238,77.13603721998375,43.3,Low Usability
3472,28.790193992208962,77.13612917673682,39.26,Low Usability
3473,28.79470396693192,77.13622115457837,42.88,Low Usability
3474,28.79921393837175,77.13631315351226,47.5,Low Usability
3475,28.803723906528067,77.13640517354233,42.91,Low Usability
3476,28.808233871400493,77.13649721467243,44.66,Low Usability
3477,28.81274383298869,77.13658927690642,45.05,Low Usability
3478,28.817253791292252,77.13668136024813,44.32,Low Usability
3479,28.82176374631081,77.13677346470143,40.93,Low Usability
3480,28.826273698044016,77.13686559027018,40.93,Low Usability
3481,28.830783646491486,77.13695773695818,40.43,Low Usability
3482,28.835293591652846,77.13704990476931,38.35,Low Usability
3483,28.839786199721907,77.13712538337755,45.8,Low Usability
3484,28.8427839236603,77.13596412669067,43.04,Low Usability
3485,28.850411387506522,77.13494074248818,37.52,Low Usability
3486,28.853318375680903,77.13516238691933,42.24,Low Usability
3487,28.856830334089153,77.13508591232757,40.84,Low Usability
3488,28.438922383475607,77.13424937544333,45.78,Low Usability
3489,28.442836150966855,77.13421270727648,46.52,Low Usability
3490,28.447346362412222,77.13430328863156,43.37,Low Usability
3491,28.45185657060199,77.13439389083639,44.19,Low Usability
3492,28.45636677553579,77.1344845138947,43.36,Low Usability
3493,28.460876977213232,77.13457515781023,42.32,Low Usability
3494,28.465387175633932,77.13466582258674,46.96,Low Usability
3495,28.46989737079754,77.13475650822804,42.02,Low Usability
3496,28.474407562703654,77.13484721473787,44.36,Low Usability
3497,28.478917751351915,77.13493794211998,45.14,Low Usability
3498,28.483427936741947,77.13502869037815,47.93,Low Usability
3499,28.487938118873352,77.13511945951615,52.51,Moderate Usability
3500,28.49244829774578,77.13521024953772,46.51,Low Usability
3501,28.496958473358845,77.13530106044665,44.78,Low Usability
3502,28.50146864571218,77.13539189224673,45.61,Low Usability
3503,28.505978814805392,77.13548274494168,44.35,Low Usability
3504,28.51048898063812,77.13557361853535,43.24,Low Usability
3505,28.51499914320998,77.13566451303143,43.65,Low Usability
3506,28.51950930252061,77.13575542843377,40.54,Low Usability
3507,28.52401945856962,77.13584636474609,46.84,Low Usability
3508,28.528529611356642,77.13593732197221,44.21,Low Usability
3509,28.533039760881294,77.13602830011585,46.24,Low Usability
3510,28.53754990714322,77.13611929918086,54.52,Moderate Usability
3511,28.542060050142027,77.13621031917098,46.2,Low Usability
3512,28.54657018987733,77.13630136009,48.99,Low Usability
3513,28.551080326348774,77.13639242194174,48.79,Low Usability
3514,28.55559045955598,77.13648350472994,46.64,Low Usability
3515,28.56010058949857,77.13657460845839,47.55,Low Usability
3516,28.564610716176176,77.13666573313088,51.24,Moderate Usability
3517,28.56912083958841,77.13675687875121,47.44,Low Usability
3518,28.573630959734903,77.1368480453232,49.45,Low Usability
3519,28.578141076615292,77.13693923285062,47.75,Low Usability
3520,28.582651190229193,77.13703044133723,53.23,Moderate Usability
3521,28.58716130057622,77.13712167078685,47.41,Low Usability
3522,28.59167140765603,77.13721292120327,50.88,Moderate Usability
3523,28.596181511468206,77.13730419259028,51.84,Moderate Usability
3524,28.600691612012405,77.13739548495171,55.48,Moderate Usability
3525,28.605201709288252,77.1374867982913,53.83,Moderate Usability
3526,28.609711803295355,77.13757813261293,56.76,Moderate Usability
3527,28.614221894033346,77.13766948792035,50.97,Moderate Usability
3528,28.618731981501856,77.13776086421738,50.74,Moderate Usability
3529,28.62324206570051,77.13785226150779,54.75,Moderate Usability
3530,28.627752146628943,77.13794367979541,47.2,Low Usability
3531,28.632262224286762,77.13803511908408,48.05,Low Usability
3532,28.636772298673606,77.13812657937754,45.25,Low Usability
3533,28.641282369789096,77.13821806067968,50.53,Moderate Usability
3534,28.645792437632846,77.13830956299424,51.97,Moderate Usability
3535,28.650302502204514,77.13840108632502,44.28,Low Usability
3536,28.65481256350369,77.13849263067593,43.02,Low Usability
3537,28.65932262153004,77.13858419605072,49.9,Low Usability
3538,28.663832676283146,77.13867578245316,56.26,Moderate Usability
3539,28.66834272776268,77.13876738988715,53.13,Moderate Usability
3540,28.672852775968245,77.13885901835647,54.59,Moderate Usability
3541,28.677362820899468,77.13895066786496,47.88,Low Usability
3542,28.68187286255597,77.1390423384164,46.65,Low Usability
3543,28.68638290093737,77.13913403001467,49.99,Low Usability
3544,28.690892936043344,77.13922574266351,58.16,Moderate Usability
3545,28.695402967873456,77.13931747636681,54.79,Moderate Usability
3546,28.69991299642738,77.1394092311284,53.17,Moderate Usability
3547,28.704423021704702,77.13950100695206,58.44,Moderate Usability
3548,28.708933043705084,77.13959280384167,53.43,Moderate Usability
3549,28.713443062428137,77.13968462180101,54.86,Moderate Usability
3550,28.717953077873492,77.13977646083391,55.78,Moderate Usability
3551,28.72246309004077,77.13986832094426,53.26,Moderate Usability
3552,28.726973098929612,77.13996020213585,59.08,Moderate Usability
3553,28.731483104539635,77.1400521044125,57.46,Moderate Usability
3554,28.73599310687046,77.14014402777808,50.71,Moderate Usability
3555,28.74050310592172,77.14023597223643,50.67,Moderate Usability
3556,28.745013101693065,77.14032793779135,46.86,Low Usability
3557,28.749523094184088,77.1404199244467,45.45,Low Usability
3558,28.754033083394436,77.14051193220631,43.94,Low Usability
3559,28.75854306932372,77.14060396107404,43.77,Low Usability
3560,28.763053051971593,77.14069601105375,45.6,Low Usability
3561,28.767563031337662,77.14078808214927,30.09,Low Usability
3562,28.772073007421564,77.14088017436438,48.01,Low Usability
3563,28.77658298022292,77.14097228770301,48.31,Low Usability
3564,28.781092949741367,77.14106442216897,44.79,Low Usability
3565,28.785602915976533,77.14115657776614,45.49,Low Usability
3566,28.79011287892804,77.14124875449832,45.98,Low Usability
3567,28.794622838595505,77.14134095236942,52.16,Moderate Usability
3568,28.799132794978583,77.14143317138326,46.56,Low Usability
3569,28.80364274807689,77.14152541154368,45.27,Low Usability
3570,28.80815269789005,77.14161767285457,44.9,Low Usability
3571,28.812662644417692,77.14170995531977,32.78,Low Usability
3572,28.817172587659446,77.14180225894314,41.54,Low Usability
3573,28.82168252761493,77.1418945837285,40.13,Low Usability
3574,28.8261924642838,77.14198692967979,42.56,Low Usability
3575,28.830702397665654,77.14207929680083,42.65,Low Usability
3576,28.835212327760154,77.14217168509548,42.19,Low Usability
3577,28.83972225456689,77.14226409456762,46.04,Low Usability
3578,28.84299866746882,77.14318403190244,38.44,Low Usability
3579,28.435913562300485,77.14149717564649,39.6,Low Usability
3580,28.438403517773274,77.13931410006624,44.6,Low Usability
3581,28.44275600208051,77.1393154725619,46.76,Low Usability
3582,28.447266198530947,77.13940627008893,47.08,Low Usability
3583,28.451776391724547,77.13949708851538,42.05,Low Usability
3584,28.456286581660923,77.13958792784503,42.58,Low Usability
3585,28.460796768339705,77.13967878808162,42.27,Low Usability
3586,28.465306951760514,77.13976966922897,44.0,Low Usability
3587,28.469817131922984,77.13986057129084,44.8,Low Usability
3588,28.474327308826705,77.13995149427095,44.63,Low Usability
3589,28.47883748247135,77.14004243817313,44.57,Low Usability
3590,28.483347652856505,77.14013340300113,46.65,Low Usability
3591,28.48785781998181,77.14022438875872,56.19,Moderate Usability
3592,28.492367983846883,77.1403153954497,46.52,Low Usability
3593,28.49687814445134,77.14040642307783,34.58,Low Usability
3594,28.50138830179483,77.14049747164691,43.46,Low Usability
3595,28.505898455876963,77.1405885411607,43.94,Low Usability
3596,28.510408606697354,77.14067963162296,45.98,Low Usability
3597,28.514918754255646,77.14077074303752,46.18,Low Usability
3598,28.519428898551446,77.14086187540815,42.59,Low Usability
3599,28.52393903958439,77.14095302873864,47.08,Low Usability
3600,28.528449177354098,77.14104420303278,49.04,Low Usability
3601,28.532959311860196,77.1411353982943,58.13,Moderate Usability
3602,28.5374694431023,77.14122661452706,50.68,Moderate Usability
3603,28.541979571080052,77.14131785173484,38.26,Low Usability
3604,28.54648969579306,77.14140910992143,46.91,Low Usability
3605,28.55099981724095,77.1415003890906,58.55,Moderate Usability
3606,28.555509935423363,77.14159168924616,58.59,Moderate Usability
3607,28.56002005033991,77.14168301039187,48.07,Low Usability
3608,28.56453016199023,77.1417743525316,49.89,Low Usability
3609,28.56904027037391,77.14186571566908,48.78,Low Usability
3610,28.57355037549061,77.14195709980815,50.95,Moderate Usability
3611,28.57806047733996,77.1420485049526,45.89,Low Usability
3612,28.582570575921554,77.14213993110624,45.46,Low Usability
3613,28.58708067123504,77.14223137827285,40.78,Low Usability
3614,28.59159076328004,77.14232284645625,48.28,Low Usability
3615,28.596100852056185,77.14241433566028,59.17,Moderate Usability
3616,28.600610937563083,77.14250584588866,57.77,Moderate Usability
3617,28.605121019800364,77.14259737714526,54.05,Moderate Usability
3618,28.609631098767675,77.1426889294339,56.05,Moderate Usability
3619,28.614141174464603,77.14278050275834,44.31,Low Usability
3620,28.618651246890813,77.14287209712245,45.03,Low Usability
3621,28.6231613160459,77.14296371253,50.22,Moderate Usability
3622,28.627671381929506,77.14305534898482,49.94,Low Usability
3623,28.632181444541263,77.14314700649074,37.3,Low Usability
3624,28.636691503880776,77.14323868505154,49.33,Low Usability
3625,28.641201559947685,77.14333038467107,49.68,Low Usability
3626,28.64571161274161,77.14342210535312,47.96,Low Usability
3627,28.650221662262176,77.14351384710156,44.52,Low Usability
3628,28.654731708509022,77.14360560992016,41.31,Low Usability
3629,28.65924175148176,77.14369739381277,54.73,Moderate Usability
3630,28.66375179118003,77.14378919878321,58.4,Moderate Usability
3631,28.668261827603438,77.14388102483532,47.24,Low Usability
3632,28.672771860751617,77.14397287197286,51.73,Moderate Usability
3633,28.677281890624215,77.14406474019977,36.95,Low Usability
3634,28.681791917220824,77.14415662951981,46.56,Low Usability
3635,28.686301940541092,77.14424853993683,51.52,Moderate Usability
3636,28.69081196058464,77.14434047145458,56.69,Moderate Usability
3637,28.695321977351103,77.14443242407702,64.21,Moderate Usability
3638,28.699831990840092,77.14452439780793,51.84,Moderate Usability
3639,28.704342001051245,77.14461639265116,56.62,Moderate Usability
3640,28.708852007984184,77.1447084086105,59.03,Moderate Usability
3641,28.713362011638527,77.14480044568982,56.87,Moderate Usability
3642,28.71787201201392,77.14489250389299,59.9,Moderate Usability
3643,28.722382009109978,77.14498458322382,48.26,Low Usability
3644,28.726892002926323,77.14507668368613,49.99,Low Usability
3645,28.731401993462597,77.14516880528379,45.23,Low Usability
3646,28.735911980718424,77.14526094802063,46.1,Low Usability
3647,28.74042196469341,77.14535311190053,44.31,Low Usability
3648,28.744931945387215,77.14544529692732,50.75,Moderate Usability
3649,28.749441922799434,77.14553750310483,45.01,Low Usability
3650,28.753951896929717,77.14562973043692,40.73,Low Usability
3651,28.75846186777769,77.14572197892744,45.59,Low Usability
3652,28.762971835342967,77.14581424858027,46.44,Low Usability
3653,28.767481799625173,77.1459065393992,46.22,Low Usability
3654,28.77199176062396,77.14599885138816,42.03,Low Usability
3655,28.77650171833894,77.14609118455093,41.45,Low Usability
3656,28.781011672769736,77.14618353889142,45.76,Low Usability
3657,28.785521623915983,77.14627591441348,46.01,Low Usability
3658,28.790031571777313,77.14636831112098,40.76,Low Usability
3659,28.79454151635333,77.14646072901775,42.25,Low Usability
3660,28.7990514576437,77.14655316810766,40.66,Low Usability
3661,28.80356139564802,77.1466456283946,46.37,Low Usability
3662,28.80807133036593,77.14673810988238,44.65,Low Usability
3663,28.812581261797057,77.14683061257495,41.92,Low Usability
3664,28.817091189941014,77.14692313647609,40.41,Low Usability
3665,28.82160111479745,77.14701568158969,42.75,Low Usability
3666,28.826111036365994,77.14710824791969,45.45,Low Usability
3667,28.830620954646253,77.14720083546987,44.36,Low Usability
3668,28.835130869637887,77.14729344424417,39.39,Low Usability
3669,28.83964078134049,77.14738607424641,42.1,Low Usability
3670,28.844012975841625,77.14761160597108,40.94,Low Usability
3671,28.846945710758273,77.14916349508232,41.1,Low Usability
3672,28.434717303134263,77.14519498403098,42.81,Low Usability
3673,28.438165477409814,77.14432722420183,45.81,Low Usability
3674,28.442675662087296,77.14441821695166,49.89,Low Usability
3675,28.447185843507068,77.14450923064688,46.74,Low Usability
3676,28.45169602166876,77.14460026529117,44.21,Low Usability
3677,28.45620619657198,77.1446913208884,34.18,Low Usability
3678,28.460716368216367,77.14478239744233,43.59,Low Usability
3679,28.465226536601538,77.1448734949567,41.92,Low Usability
3680,28.46973670172711,77.14496461343533,46.18,Low Usability
3681,28.47424686359271,77.14505575288199,43.66,Low Usability
3682,28.47875702219796,77.14514691330044,45.73,Low Usability
3683,28.483267177542498,77.14523809469448,45.53,Low Usability
3684,28.487777329625935,77.14532929706793,47.86,Low Usability
3685,28.492287478447892,77.14542052042452,48.93,Low Usability
3686,28.496797624007996,77.14551176476809,45.76,Low Usability
3687,28.501307766305878,77.14560303010236,46.06,Low Usability
3688,28.505817905341143,77.14569431643119,44.84,Low Usability
3689,28.510328041113446,77.1457856237583,46.08,Low Usability
3690,28.51483817362238,77.14587695208755,45.33,Low Usability
3691,28.519348302867577,77.1459683014227,42.33,Low Usability
3692,28.523858428848673,77.14605967176755,50.45,Moderate Usability
3693,28.528368551565286,77.1461510631259,48.14,Low Usability
3694,28.53287867101703,77.14624247550154,60.45,Moderate Usability
3695,28.537388787203536,77.14633390889827,61.0,Moderate Usability
3696,28.541898900124437,77.1464253633199,59.15,Moderate Usability
3697,28.546409009779346,77.14651683877024,59.12,Moderate Usability
3698,28.55091911616789,77.14660833525305,56.7,Moderate Usability
3699,28.5554292192897,77.14669985277214,55.9,Moderate Usability
3700,28.559939319144398,77.14679139133136,54.11,Moderate Usability
3701,28.564449415731605,77.1468829509345,43.72,Low Usability
3702,28.568959509050945,77.14697453158537,48.95,Low Usability
3703,28.57346959910203,77.14706613328771,54.66,Moderate Usability
3704,28.57797968588451,77.1471577560454,51.07,Moderate Usability
3705,28.582489769398,77.14724939986229,52.24,Moderate Usability
3706,28.586999849642112,77.14734106474211,48.4,Low Usability
3707,28.591509926616496,77.14743275068868,50.51,Moderate Usability
3708,28.596020000320756,77.14752445770584,56.73,Moderate Usability
3709,28.600530070754527,77.14761618579742,46.66,Low Usability
3710,28.60504013791742,77.1477079349672,53.68,Moderate Usability
3711,28.60955020180908,77.14779970521903,46.25,Low Usability
3712,28.61406026242914,77.14789149655672,43.87,Low Usability
3713,28.61857031977717,77.14798330898408,43.72,Low Usability
3714,28.62308037385285,77.14807514250495,46.41,Low Usability
3715,28.6275904246558,77.14816699712316,50.12,Moderate Usability
3716,28.63210047218563,77.14825887284249,49.92,Low Usability
3717,28.63661051644196,77.1483507696668,48.57,Low Usability
3718,28.641120557424433,77.14844268759992,43.88,Low Usability
3719,28.645630595132666,77.14853462664567,58.68,Moderate Usability
3720,28.65014062956628,77.1486265868079,56.91,Moderate Usability
3721,28.6546506607249,77.14871856809039,48.09,Low Usability
3722,28.65916068860818,77.148810570497,46.69,Low Usability
3723,28.6636707132157,77.1489025940316,61.86,Moderate Usability
3724,28.668180734547114,77.14899463869796,59.55,Moderate Usability
3725,28.672690752602044,77.14908670449995,53.31,Moderate Usability
3726,28.67720076738013,77.14917879144144,43.43,Low Usability
3727,28.681710778880962,77.14927089952621,49.7,Low Usability
3728,28.68622078710419,77.14936302875812,50.46,Moderate Usability
3729,28.69073079204946,77.14945517914103,46.17,Low Usability
3730,28.69524079371635,77.14954735067876,53.3,Moderate Usability
3731,28.69975079210452,77.14963954337517,60.57,Moderate Usability
3732,28.70426078721358,77.1497317572341,59.75,Moderate Usability
3733,28.70877077904317,77.14982399225934,60.42,Moderate Usability
3734,28.713280767592906,77.14991624845484,57.48,Moderate Usability
3735,28.717790752862435,77.15000852582439,57.55,Moderate Usability
3736,28.722300734851355,77.15010082437185,63.64,Moderate Usability
3737,28.7268107135593,77.15019314410105,45.55,Low Usability
3738,28.731320688985907,77.15028548501587,53.73,Moderate Usability
3739,28.73583066113079,77.15037784712015,43.11,Low Usability
3740,28.74034062999359,77.15047023041777,42.38,Low Usability
3741,28.74485059557392,77.15056263491256,43.35,Low Usability
3742,28.749360557871416,77.15065506060837,47.81,Low Usability
3743,28.753870516885716,77.15074750750908,46.98,Low Usability
3744,28.75838047261643,77.15083997561854,41.48,Low Usability
3745,28.762890425063166,77.15093246494061,42.43,Low Usability
3746,28.7674003742256,77.15102497547919,42.05,Low Usability
3747,28.77191032010331,77.15111750723806,45.07,Low Usability
3748,28.776420262695954,77.15121006022115,42.33,Low Usability
3749,28.780930202003155,77.1513026344323,39.88,Low Usability
3750,28.785440138024537,77.1513952298754,44.65,Low Usability
3751,28.789950070759705,77.15148784655433,42.06,Low Usability
3752,28.794460000208325,77.15158048447292,42.06,Low Usability
3753,28.798969926370013,77.15167314363505,39.03,Low Usability
3754,28.80347984924439,77.1517658240446,42.32,Low Usability
3755,28.807989768831067,77.15185852570548,43.92,Low Usability
3756,28.812499685129705,77.15195124862149,41.07,Low Usability
3757,28.81700959813991,77.15204399279655,43.21,Low Usability
3758,28.82151950786131,77.15213675823455,41.58,Low Usability
3759,28.82602941429354,77.15222954493936,45.43,Low Usability
3760,28.830539317436234,77.15232235291484,40.86,Low Usability
3761,28.835049217289008,77.15241518216489,41.69,Low Usability
3762,28.839559113851482,77.15250803269338,44.4,Low Usability
3763,28.84406900712331,77.1526009045042,42.9,Low Usability
3764,28.84823337828086,77.15307416731365,43.13,Low Usability
3765,28.851361621771268,77.15469902782,37.64,Low Usability
3766,28.430336238174483,77.15054231139474,43.71,Low Usability
3767,28.43362515878389,77.14939590520906,46.44,Low Usability
3768,28.438084961377772,77.14942973153155,48.51,Low Usability
3769,28.442595130990117,77.14952094039609,47.0,Low Usability
3770,28.447105297343484,77.14961217025564,42.16,Low Usability
3771,28.45161546043753,77.14970342111407,40.92,Low Usability
3772,28.45612562027187,77.14979469297509,44.1,Low Usability
3773,28.46063577684611,77.14988598584253,44.64,Low Usability
3774,28.4651459301599,77.14997729972018,48.93,Low Usability
3775,28.469656080212832,77.1500686346118,43.98,Low Usability
3776,28.474166227004552,77.1501599905212,46.06,Low Usability
3777,28.478676370534686,77.1502513674522,48.64,Low Usability
3778,28.483186510802838,77.15034276540851,46.76,Low Usability
3779,28.487696647808644,77.15043418439397,47.19,Low Usability
3780,28.49220678155173,77.1505256244124,57.69,Moderate Usability
3781,28.496716912031715,77.15061708546757,53.55,Moderate Usability
3782,28.501227039248214,77.15070856756331,49.59,Low Usability
3783,28.50573716320087,77.15080007070334,46.03,Low Usability
3784,28.510247283889278,77.15089159489153,46.38,Low Usability
3785,28.514757401313087,77.15098314013167,46.79,Low Usability
3786,28.519267515471924,77.15107470642755,46.24,Low Usability
3787,28.523777626365373,77.15116629378299,47.34,Low Usability
3788,28.5282877339931,77.15125790220175,48.75,Low Usability
3789,28.53279783835472,77.1513495316877,53.99,Moderate Usability
3790,28.537307939449843,77.1514411822446,59.96,Moderate Usability
3791,28.54181803727809,77.15153285387629,55.75,Moderate Usability
3792,28.54632813183911,77.15162454658655,56.82,Moderate Usability
3793,28.550838223132512,77.15171626037919,58.81,Moderate Usability
3794,28.55534831115792,77.15180799525808,56.06,Moderate Usability
3795,28.559858395914947,77.15189975122696,58.21,Moderate Usability
3796,28.56436847740324,77.1519915282897,46.79,Low Usability
3797,28.5688785556224,77.1520833264501,48.55,Low Usability
3798,28.573388630572087,77.15217514571195,51.63,Moderate Usability
3799,28.577898702251893,77.15226698607911,47.51,Low Usability
3800,28.582408770661438,77.15235884755536,54.28,Moderate Usability
3801,28.586918835800365,77.15245073014455,49.27,Low Usability
3802,28.591428897668294,77.1525426338505,54.49,Moderate Usability
3803,28.595938956264845,77.15263455867702,57.09,Moderate Usability
3804,28.60044901158965,77.15272650462795,44.83,Low Usability
3805,28.604959063642337,77.15281847170709,53.4,Moderate Usability
3806,28.609469112422513,77.1529104599183,47.23,Low Usability
3807,28.613979157929823,77.1530024692654,41.05,Low Usability
3808,28.618489200163875,77.15309449975221,52.07,Moderate Usability
3809,28.622999239124294,77.15318655138257,47.98,Low Usability
3810,28.627509274810716,77.15327862416031,50.8,Moderate Usability
3811,28.632019307222773,77.15337071808925,45.51,Low Usability
3812,28.63652933636007,77.15346283317326,42.82,Low Usability
3813,28.64103936222225,77.15355496941616,43.85,Low Usability
3814,28.64554938480892,77.15364712682175,47.79,Low Usability
3815,28.65005940411972,77.15373930539393,52.13,Moderate Usability
3816,28.654569420154264,77.1538315051365,48.35,Low Usability
3817,28.659079432912186,77.15392372605328,45.39,Low Usability
3818,28.66358944239312,77.15401596814819,63.06,Moderate Usability
3819,28.668099448596653,77.15410823142501,60.85,Moderate Usability
3820,28.672609451522458,77.1542005158876,60.54,Moderate Usability
3821,28.677119451170135,77.15429282153983,52.53,Moderate Usability
3822,28.681629447539322,77.15438514838551,44.18,Low Usability
3823,28.686139440629628,77.15447749642848,52.69,Moderate Usability
3824,28.690649430440697,77.15456986567264,51.0,Moderate Usability
3825,28.695159416972146,77.15466225612182,50.13,Moderate Usability
3826,28.699669400223595,77.15475466777987,60.63,Moderate Usability
3827,28.704179380194677,77.15484710065064,52.79,Moderate Usability
3828,28.708689356885007,77.15493955473801,63.16,Moderate Usability
3829,28.713199330294238,77.15503203004579,60.74,Moderate Usability
3830,28.71770930042197,77.15512452657788,61.36,Moderate Usability
3831,28.72221926726785,77.15521704433813,58.74,Moderate Usability
3832,28.726729230831477,77.15530958333038,46.1,Low Usability
3833,28.731239191112497,77.1554021435585,45.52,Low Usability
3834,28.73574914811052,77.15549472502637,45.08,Low Usability
3835,28.740259101825206,77.15558732773782,43.58,Low Usability
3836,28.744769052256157,77.15567995169677,40.02,Low Usability
3837,28.749278999402993,77.15577259690704,42.43,Low Usability
3838,28.753788943265352,77.15586526337249,47.05,Low Usability
3839,28.758298883842862,77.15595795109702,42.47,Low Usability
3840,28.76280882113514,77.1560506600845,43.62,Low Usability
3841,28.76731875514183,77.1561433903388,38.23,Low Usability
3842,28.771828685862545,77.15623614186376,41.48,Low Usability
3843,28.776338613296907,77.15632891466328,41.17,Low Usability
3844,28.780848537444545,77.15642170874123,41.34,Low Usability
3845,28.785358458305105,77.15651452410154,44.64,Low Usability
3846,28.789868375878186,77.15660736074801,40.46,Low Usability
3847,28.794378290163436,77.15670021868455,47.74,Low Usability
3848,28.798888201160484,77.15679309791501,44.91,Low Usability
3849,28.803398108868933,77.15688599844336,41.7,Low Usability
3850,28.807908013288436,77.15697892027337,42.18,Low Usability
3851,28.8124179144186,77.15707186340902,44.21,Low Usability
3852,28.816927812259067,77.1571648278541,42.6,Low Usability
3853,28.821437706809476,77.1572578136126,38.18,Low Usability
3854,28.825947598069416,77.15735082068834,40.76,Low Usability
3855,28.830457486038544,77.15744384908523,41.39,Low Usability
3856,28.834967370716473,77.15753689880715,39.96,Low Usability
3857,28.839477252102842,77.15762996985802,39.96,Low Usability
3858,28.843987130197277,77.15772306224169,36.78,Low Usability
3859,28.84849700499941,77.1578161759621,39.55,Low Usability
3860,28.852691981360202,77.15826237211749,39.53,Low Usability
3861,28.855841338448386,77.15985986387142,41.54,Low Usability
3862,28.4209773954757,77.15571289399175,44.11,Low Usability
3863,28.424634183512715,77.15497969618687,45.75,Low Usability
3864,28.429028318534193,77.15441377981867,47.02,Low Usability
3865,28.43349409650911,77.15444081393551,43.86,Low Usability
3866,28.4380042542804,77.15453221786997,47.87,Low Usability
3867,28.442514408791848,77.15462364284542,43.92,Low Usability
3868,28.447024560043094,77.15471508886561,42.49,Low Usability
3869,28.451534708033762,77.15480655593434,41.24,Low Usability
3870,28.456044852763473,77.1548980440554,42.19,Low Usability
3871,28.460554994231842,77.15498955323258,42.69,Low Usability
3872,28.465065132438493,77.1550810834697,48.72,Low Usability
3873,28.469575267383064,77.15517263477052,47.57,Low Usability
3874,28.47408539906515,77.15526420713888,50.9,Moderate Usability
3875,28.4785955274844,77.15535580057856,46.29,Low Usability
3876,28.48310565264043,77.15544741509336,47.42,Low Usability
3877,28.48761577453286,77.1555390506871,48.87,Low Usability
3878,28.492125893161298,77.15563070736351,47.09,Low Usability
3879,28.4966360085254,77.15572238512654,51.18,Moderate Usability
3880,28.50114612062476,77.1558140839799,47.34,Low Usability
3881,28.505656229459007,77.15590580392738,50.01,Moderate Usability
3882,28.51016633502778,77.15599754497283,50.24,Moderate Usability
3883,28.514676437330692,77.15608930712004,48.19,Low Usability
3884,28.519186536367357,77.15618109037284,48.53,Low Usability
3885,28.5236966321374,77.15627289473505,52.92,Moderate Usability
3886,28.528206724640466,77.15636472021046,63.35,Moderate Usability
3887,28.532716813876153,77.15645656680289,53.64,Moderate Usability
3888,28.537226899844107,77.15654843451615,50.59,Moderate Usability
3889,28.541736982543934,77.15664032335407,59.89,Moderate Usability
3890,28.546247061975254,77.15673223332047,57.03,Moderate Usability
3891,28.55075713813771,77.15682416441916,56.08,Moderate Usability
3892,28.55526721103091,77.15691611665397,46.18,Low Usability
3893,28.55977728065448,77.15700809002874,52.23,Moderate Usability
3894,28.56428734700805,77.15710008454727,52.97,Moderate Usability
3895,28.568797410091246,77.15719210021336,55.69,Moderate Usability
3896,28.573307469903682,77.15728413703089,51.84,Moderate Usability
3897,28.577817526444996,77.15737619500366,52.57,Moderate Usability
3898,28.58232757971479,77.15746827413551,50.15,Moderate Usability
3899,28.5868376297127,77.15756037443025,60.42,Moderate Usability
3900,28.59134767643836,77.15765249589175,63.96,Moderate Usability
3901,28.59585771989138,77.15774463852378,58.35,Moderate Usability
3902,28.60036776007139,77.15783680233024,52.26,Moderate Usability
3903,28.60487779697802,77.15792898731493,56.79,Moderate Usability
3904,28.609387830610885,77.1580211934817,48.85,Low Usability
3905,28.613897860969608,77.15811342083438,44.26,Low Usability
3906,28.618407888053824,77.1582056693768,53.82,Moderate Usability
3907,28.622917911863148,77.15829793911281,62.86,Moderate Usability
3908,28.62742793239721,77.15839023004628,44.26,Low Usability
3909,28.631937949655626,77.15848254218099,40.57,Low Usability
3910,28.636447963638034,77.15857487552083,47.48,Low Usability
3911,28.640957974344072,77.15866723006965,43.24,Low Usability
3912,28.64546798177332,77.15875960583129,48.84,Low Usability
3913,28.649977985925435,77.15885200280955,53.13,Moderate Usability
3914,28.65448798680004,77.15894442100834,44.43,Low Usability
3915,28.658997984396738,77.15903686043147,46.38,Low Usability
3916,28.66350797871518,77.15912932108284,60.16,Moderate Usability
3917,28.668017969754988,77.15922180296627,61.89,Moderate Usability
3918,28.67252795751579,77.1593143060856,57.24,Moderate Usability
3919,28.677037941997188,77.15940683044474,45.06,Low Usability
3920,28.681547923198824,77.15949937604746,57.12,Moderate Usability
3921,28.686057901120314,77.15959194289766,58.62,Moderate Usability
3922,28.690567875761314,77.15968453099926,59.15,Moderate Usability
3923,28.695077847121414,77.15977714035603,57.73,Moderate Usability
3924,28.699587815200243,77.15986977097187,45.52,Low Usability
3925,28.704097779997443,77.15996242285067,49.9,Low Usability
3926,28.708607741512637,77.16005509599621,58.98,Moderate Usability
3927,28.713117699745435,77.16014779041247,57.49,Moderate Usability
3928,28.71762765469548,77.16024050610324,51.75,Moderate Usability
3929,28.722137606362384,77.16033324307239,43.05,Low Usability
3930,28.726647554745792,77.16042600132383,48.33,Low Usability
3931,28.73115749984532,77.1605187808614,63.44,Moderate Usability
3932,28.735667441660578,77.16061158168898,56.65,Moderate Usability
3933,28.740177380191202,77.16070440381044,48.74,Low Usability
3934,28.74468731543683,77.16079724722964,47.16,Low Usability
3935,28.7491972473971,77.1608901119505,38.9,Low Usability
3936,28.75370717607159,77.16098299797684,47.85,Low Usability
3937,28.758217101459966,77.16107590531259,43.85,Low Usability
3938,28.76272702356184,77.16116883396158,46.07,Low Usability
3939,28.767236942376844,77.16126178392773,47.19,Low Usability
3940,28.77174685790461,77.1613547552149,45.0,Low Usability
3941,28.776256770144744,77.16144774782698,43.36,Low Usability
3942,28.780766679096892,77.16154076176788,41.98,Low Usability
3943,28.78527658476066,77.16163379704147,47.23,Low Usability
3944,28.789786487135697,77.16172685365161,44.55,Low Usability
3945,28.794296386221617,77.16181993160221,48.7,Low Usability
3946,28.79880628201806,77.16191303089717,44.08,Low Usability
3947,28.803316174524632,77.16200615154037,42.27,Low Usability
3948,28.80782606374098,77.16209929353568,39.2,Low Usability
3949,28.81233594966671,77.16219245688703,41.9,Low Usability
3950,28.816845832301468,77.16228564159829,45.23,Low Usability
3951,28.821355711644877,77.16237884767337,42.37,Low Usability
3952,28.82586558769655,77.16247207511617,38.37,Low Usability
3953,28.830375460456143,77.16256532393058,39.75,Low Usability
3954,28.834885329923246,77.16265859412049,36.94,Low Usability
3955,28.839395196097506,77.16275188568983,40.22,Low Usability
3956,28.84390505897856,77.16284519864247,36.37,Low Usability
3957,28.84841491856603,77.16293853298235,37.47,Low Usability
3958,28.852924774859517,77.16303188871335,36.92,Low Usability
3959,28.85714890134968,77.16344494777788,43.51,Low Usability
3960,28.860104580393276,77.16490417533934,41.45,Low Usability
3961,28.4161083944968,77.16034378152072,44.73,Low Usability
3962,28.419919630268346,77.15931282240459,44.5,Low Usability
3963,28.42439291843108,77.15935988644846,43.67,Low Usability
3964,28.42890306758802,77.15945146427048,44.92,Low Usability
3965,28.433413213484652,77.15954306317556,46.6,Low Usability
3966,28.437923356120574,77.15963468316748,48.29,Low Usability
3967,28.442433495495422,77.15972632425004,43.41,Low Usability
3968,28.4469436316088,77.15981798642704,43.77,Low Usability
3969,28.451453764460364,77.15990966970226,40.23,Low Usability
3970,28.455963894049713,77.16000137407956,40.47,Low Usability
3971,28.460474020376463,77.16009309956267,41.75,Low Usability
3972,28.464984143440248,77.16018484615546,43.65,Low Usability
3973,28.469494263240694,77.1602766138617,44.21,Low Usability
3974,28.47400437977741,77.16036840268522,50.01,Moderate Usability
3975,28.478514493050035,77.1604602126298,52.41,Moderate Usability
3976,28.483024603058176,77.16055204369928,51.69,Moderate Usability
3977,28.487534709801455,77.16064389589746,50.56,Moderate Usability
3978,28.492044813279517,77.16073576922814,44.57,Low Usability
3979,28.496554913491945,77.16082766369517,47.87,Low Usability
3980,28.501065010438406,77.16091957930233,53.79,Moderate Usability
3981,28.505575104118513,77.16101151605345,47.24,Low Usability
3982,28.510085194531857,77.16110347395235,52.49,Moderate Usability
3983,28.51459528167808,77.16119545300283,54.32,Moderate Usability
3984,28.519105365556822,77.16128745320877,50.95,Moderate Usability
3985,28.523615446167685,77.16137947457392,50.84,Moderate Usability
3986,28.528125523510283,77.1614715171021,57.67,Moderate Usability
3987,28.532635597584278,77.16156358079722,43.08,Low Usability
3988,28.53714566838926,77.16165566566302,45.92,Low Usability
3989,28.541655735924856,77.16174777170338,50.28,Moderate Usability
3990,28.546165800190703,77.1618398989221,63.84,Moderate Usability
3991,28.55067586118641,77.16193204732299,58.85,Moderate Usability
3992,28.555185918911597,77.16202421690994,60.26,Moderate Usability
3993,28.559695973365923,77.16211640768672,67.38,Moderate Usability
3994,28.564206024548955,77.1622086196572,55.14,Moderate Usability
3995,28.568716072460372,77.16230085282523,56.54,Moderate Usability
3996,28.57322611709976,77.16239310719459,51.43,Moderate Usability
3997,28.577736158466756,77.16248538276918,55.01,Moderate Usability
3998,28.582246196560984,77.16257767955277,49.31,Low Usability
3999,28.58675623138207,77.16266999754923,57.38,Moderate Usability
4000,28.591266262929633,77.16276233676244,71.53,Moderate Usability
4001,28.59577629120329,77.16285469719618,52.79,Moderate Usability
4002,28.600286316202673,77.16294707885432,57.51,Moderate Usability
4003,28.604796337927414,77.16303948174071,55.9,Moderate Usability
4004,28.60930635637713,77.1631319058592,56.08,Moderate Usability
4005,28.613816371551437,77.16322435121359,57.77,Moderate Usability
4006,28.618326383449972,77.16331681780783,58.49,Moderate Usability
4007,28.622836392072347,77.16340930564564,60.32,Moderate Usability
4008,28.62734639741819,77.16350181473096,60.07,Moderate Usability
4009,28.631856399487138,77.16359434506761,46.18,Low Usability
4010,28.636366398278806,77.16368689665947,53.11,Moderate Usability
4011,28.640876393792816,77.16377946951036,49.74,Low Usability
4012,28.64538638602879,77.16387206362413,46.09,Low Usability
4013,28.649896374986366,77.16396467900468,46.34,Low Usability
4014,28.65440636066515,77.16405731565584,50.66,Moderate Usability
4015,28.658916343064767,77.16414997358146,43.83,Low Usability
4016,28.66342632218487,77.16424265278543,47.01,Low Usability
4017,28.667936298025058,77.16433535327161,59.57,Moderate Usability
4018,28.67244627058496,77.16442807504383,45.11,Low Usability
4019,28.676956239864214,77.16452081810598,45.42,Low Usability
4020,28.681466205862417,77.16461358246191,51.76,Moderate Usability
4021,28.685976168579217,77.1647063681155,60.46,Moderate Usability
4022,28.69048612801424,77.16479917507064,58.73,Moderate Usability
4023,28.694996084167098,77.16489200333116,59.52,Moderate Usability
4024,28.699506037037423,77.16498485290094,45.08,Low Usability
4025,28.70401598662485,77.16507772378385,59.67,Moderate Usability
4026,28.708525932928982,77.16517061598377,57.64,Moderate Usability
4027,28.713035875949455,77.1652635295046,58.2,Moderate Usability
4028,28.71754581568591,77.1653564643502,53.45,Moderate Usability
4029,28.72205575213794,77.16544942052441,52.02,Moderate Usability
4030,28.726565685305204,77.16554239803115,60.0,Moderate Usability
4031,28.73107561518731,77.16563539687428,49.35,Low Usability
4032,28.735585541783873,77.1657284170577,55.72,Moderate Usability
4033,28.740095465094548,77.16582145858527,48.74,Low Usability
4034,28.744605385118934,77.16591452146088,46.84,Low Usability
4035,28.74911530185667,77.16600760568843,45.52,Low Usability
4036,28.753625215307377,77.1661007112718,40.93,Low Usability
4037,28.75813512547069,77.16619383821484,45.65,Low Usability
4038,28.762645032346224,77.16628698652151,48.72,Low Usability
4039,28.76715493593361,77.16638015619563,46.51,Low Usability
4040,28.771664836232464,77.16647334724115,43.74,Low Usability
4041,28.77617473324242,77.16656655966192,44.61,Low Usability
4042,28.780684626963108,77.16665979346185,40.82,Low Usability
4043,28.78519451739417,77.16675304864484,47.88,Low Usability
4044,28.789704404535183,77.16684632521476,42.92,Low Usability
4045,28.794214288385817,77.16693962317554,43.78,Low Usability
4046,28.798724168945697,77.16703294253107,44.31,Low Usability
4047,28.80323404621443,77.16712628328523,44.78,Low Usability
4048,28.80774392019166,77.16721964544197,41.43,Low Usability
4049,28.812253790876984,77.16731302900511,42.11,Low Usability
4050,28.816763658270062,77.16740643397864,44.38,Low Usability
4051,28.821273522370497,77.16749986036642,44.09,Low Usability
4052,28.82578338317794,77.16759330817239,41.77,Low Usability
4053,28.83029324069199,77.16768677740042,42.91,Low Usability
4054,28.834803094912285,77.16778026805443,43.04,Low Usability
4055,28.839312945838458,77.16787378013834,46.58,Low Usability
4056,28.843822793470142,77.16796731365604,39.86,Low Usability
4057,28.84833263780694,77.16806086861145,37.93,Low Usability
4058,28.852842478848505,77.16815444500848,38.77,Low Usability
4059,28.85735231659445,77.1682480428511,39.72,Low Usability
4060,28.860276657991555,77.16848330628576,39.04,Low Usability
4061,28.411320853453706,77.16499284257488,48.95,Low Usability
4062,28.415291599255806,77.16427816113783,42.26,Low Usability
4063,28.419801737471605,77.164369909996,41.0,Low Usability
4064,28.424311874721187,77.1644616826434,40.5,Low Usability
4065,28.42882200870956,77.16455347641974,40.5,Low Usability
4066,28.433332139436363,77.16464529132878,45.5,Low Usability
4067,28.437842266901203,77.16473712737434,49.67,Low Usability
4068,28.44235239110372,77.16482898456022,46.81,Low Usability
4069,28.44686251204352,77.16492086289023,46.72,Low Usability
4070,28.45137262972024,77.16501276236816,46.77,Low Usability
4071,28.455882744133497,77.16510468299786,44.18,Low Usability
4072,28.460392855282887,77.16519662478314,43.17,Low Usability
4073,28.46490296316808,77.16528858772779,48.38,Low Usability
4074,28.46941306778865,77.16538057183563,47.66,Low Usability
4075,28.47392316914425,77.16547257711046,50.39,Moderate Usability
4076,28.47843326723448,77.16556460355616,51.02,Moderate Usability
4077,28.482943362058997,77.1656566511765,46.9,Low Usability
4078,28.487453453617384,77.16574871997533,50.94,Moderate Usability
4079,28.49196354190927,77.16584080995642,52.24,Moderate Usability
4080,28.496473626934314,77.16593292112364,48.59,Low Usability
4081,28.500983708692107,77.16602505348081,48.21,Low Usability
4082,28.505493787182264,77.16611720703172,46.68,Low Usability
4083,28.510003862404425,77.16620938178028,58.56,Moderate Usability
4084,28.51451393435821,77.16630157773022,58.38,Moderate Usability
4085,28.519024003043235,77.16639379488542,47.13,Low Usability
4086,28.523534068459128,77.16648603324971,51.04,Moderate Usability
4087,28.528044130605505,77.1665782928269,50.16,Moderate Usability
4088,28.532554189482006,77.16667057362085,46.72,Low Usability
4089,28.53706424508823,77.16676287563537,49.42,Low Usability
4090,28.541574297423814,77.1668551988743,50.63,Moderate Usability
4091,28.546084346488385,77.1669475433415,53.89,Moderate Usability
4092,28.550594392281553,77.16703990904081,63.75,Moderate Usability
4093,28.55510443480294,77.16713229597602,70.34,Moderate Usability
4094,28.55961447405219,77.16722470415104,61.39,Moderate Usability
4095,28.564124510028904,77.16731713356964,50.38,Moderate Usability
4096,28.568634542732713,77.16740958423573,48.67,Low Usability
4097,28.573144572163244,77.16750205615308,55.63,Moderate Usability
4098,28.577654598320116,77.16759454932561,58.16,Moderate Usability
4099,28.582164621202956,77.16768706375713,55.26,Moderate Usability
4100,28.58667464081139,77.16777959945148,67.58,Moderate Usability
4101,28.591184657145032,77.16787215641256,72.55,Moderate Usability
4102,28.595694670203503,77.16796473464413,56.83,Moderate Usability
4103,28.600204679986437,77.16805733415015,60.67,Moderate Usability
4104,28.604714686493455,77.16814995493438,58.78,Moderate Usability
4105,28.609224689724183,77.16824259700073,55.47,Moderate Usability
4106,28.613734689678235,77.16833526035303,55.48,Moderate Usability
4107,28.618244686355247,77.16842794499516,55.38,Moderate Usability
4108,28.62275467975484,77.16852065093096,56.05,Moderate Usability
4109,28.627264669876627,77.1686133781643,58.31,Moderate Usability
4110,28.631774656720232,77.16870612669904,63.36,Moderate Usability
4111,28.63628464028531,77.16879889653903,51.39,Moderate Usability
4112,28.640794620571448,77.16889168768814,51.01,Moderate Usability
4113,28.64530459757829,77.16898450015024,52.39,Moderate Usability
4114,28.649814571305445,77.1690773339292,59.77,Moderate Usability
4115,28.65432454175255,77.16917018902888,47.28,Low Usability
4116,28.658834508919234,77.16926306545312,41.67,Low Usability
4117,28.663344472805115,77.16935596320585,42.35,Low Usability
4118,28.667854433409815,77.1694488822909,45.14,Low Usability
4119,28.67236439073295,77.16954182271213,62.8,Moderate Usability
4120,28.676874344774156,77.16963478447344,57.65,Moderate Usability
4121,28.68138429553305,77.16972776757872,59.09,Moderate Usability
4122,28.685894243009276,77.16982077203185,57.25,Moderate Usability
4123,28.690404187202425,77.16991379783661,56.46,Moderate Usability
4124,28.69491412811217,77.170006844997,58.32,Moderate Usability
4125,28.699424065738086,77.17009991351685,58.49,Moderate Usability
4126,28.703934000079826,77.17019300340003,51.69,Moderate Usability
4127,28.708443931137023,77.17028611465047,56.46,Moderate Usability
4128,28.71295385890927,77.17037924727197,50.23,Moderate Usability
4129,28.71746378339621,77.17047240126848,61.07,Moderate Usability
4130,28.721973704597463,77.1705655766439,49.76,Low Usability
4131,28.726483622512664,77.17065877340205,52.19,Moderate Usability
4132,28.73099353714143,77.17075199154688,55.19,Moderate Usability
4133,28.735503448483385,77.17084523108225,53.33,Moderate Usability
4134,28.740013356538178,77.17093849201203,44.09,Low Usability
4135,28.7445232613054,77.17103177434018,41.34,Low Usability
4136,28.749033162784695,77.17112507807055,43.05,Low Usability
4137,28.75354306097568,77.17121840320704,44.9,Low Usability
4138,28.75805295587797,77.17131174975354,46.84,Low Usability
4139,28.76256284749124,77.17140511771396,41.99,Low Usability
4140,28.76707273581506,77.17149850709217,38.25,Low Usability
4141,28.771582620849074,77.1715919178921,43.96,Low Usability
4142,28.77609250259291,77.17168535011767,43.68,Low Usability
4143,28.780602381046204,77.17177880377274,41.42,Low Usability
4144,28.785112256208574,77.17187227886126,45.57,Low Usability
4145,28.789622128079635,77.17196577538706,41.8,Low Usability
4146,28.794131996659026,77.17205929335412,39.97,Low Usability
4147,28.798641861946376,77.17215283276632,38.32,Low Usability
4148,28.80315172394131,77.17224639362756,40.13,Low Usability
4149,28.807661582643426,77.17233997594178,42.18,Low Usability
4150,28.81217143805239,77.17243357971289,46.82,Low Usability
4151,28.816681290167804,77.17252720494476,47.49,Low Usability
4152,28.821191138989306,77.17262085164134,49.08,Low Usability
4153,28.82570098451652,77.17271451980655,46.89,Low Usability
4154,28.83021082674907,77.17280820944427,42.97,Low Usability
4155,28.83472066568657,77.17290192055844,44.31,Low Usability
4156,28.839230501328665,77.17299565315302,44.29,Low Usability
4157,28.84374033367498,77.17308940723188,41.93,Low Usability
4158,28.848250162725137,77.17318318279892,40.34,Low Usability
4159,28.852759988478763,77.17327697985813,39.65,Low Usability
4160,28.857269810935477,77.1733707984134,41.28,Low Usability
4161,28.86046328521531,77.17356115650016,40.08,Low Usability
4162,28.41119504995344,77.16910858679721,49.09,Low Usability
4163,28.415210392706673,77.16937950178766,41.24,Low Usability
4164,28.419720518015293,77.16947146916121,42.16,Low Usability
4165,28.424230640061833,77.16956345770947,44.15,Low Usability
4166,28.428740758845922,77.16965546743627,42.68,Low Usability
4167,28.43325087436718,77.16974749834546,44.88,Low Usability
4168,28.43776098662524,77.16983955044086,46.8,Low Usability
4169,28.44227109561969,77.16993162372624,45.97,Low Usability
4170,28.446781201350184,77.17002371820546,46.32,Low Usability
4171,28.45129130381633,77.17011583388229,47.5,Low Usability
4172,28.45580140301774,77.1702079707606,47.46,Low Usability
4173,28.46031149895406,77.17030012884419,46.8,Low Usability
4174,28.464821591624887,77.1703923081369,48.28,Low Usability
4175,28.469331681029853,77.17048450864252,47.68,Low Usability
4176,28.473841767168587,77.17057673036491,51.46,Moderate Usability
4177,28.4783518500407,77.17066897330785,48.39,Low Usability
4178,28.482861929645814,77.17076123747525,45.58,Low Usability
4179,28.487372005983563,77.17085352287089,48.79,Low Usability
4180,28.491882079053546,77.17094582949859,48.3,Low Usability
4181,28.496392148855403,77.17103815736218,45.88,Low Usability
4182,28.50090221538876,77.17113050646552,49.16,Low Usability
4183,28.50541227865322,77.17122287681242,52.03,Moderate Usability
4184,28.50992233864843,77.17131526840676,61.65,Moderate Usability
4185,28.51443239537399,77.17140768125233,54.54,Moderate Usability
4186,28.518942448829545,77.17150011535301,60.78,Moderate Usability
4187,28.52345249901467,77.17159257071258,45.5,Low Usability
4188,28.527962545929043,77.17168504733493,48.96,Low Usability
4189,28.532472589572276,77.1717775452239,52.53,Moderate Usability
4190,28.53698262994396,77.17187006438331,51.41,Moderate Usability
4191,28.541492667043734,77.17196260481701,50.38,Moderate Usability
4192,28.546002700871234,77.17205516652885,49.94,Low Usability
4193,28.550512731426064,77.17214774952268,57.29,Moderate Usability
4194,28.555022758707864,77.17224035380237,54.34,Moderate Usability
4195,28.55953278271624,77.17233297937172,54.09,Moderate Usability
4196,28.564042803450814,77.17242562623463,49.7,Low Usability
4197,28.568552820911226,77.1725182943949,48.63,Low Usability
4198,28.57306283509708,77.17261098385644,49.05,Low Usability
4199,28.577572846008017,77.17270369462307,52.73,Moderate Usability
4200,28.582082853643655,77.17279642669865,56.26,Moderate Usability
4201,28.586592858003613,77.17288918008707,63.01,Moderate Usability
4202,28.59110285908751,77.17298195479212,50.64,Moderate Usability
4203,28.595612856894967,77.17307475081772,60.59,Moderate Usability
4204,28.600122851425624,77.17316756816771,58.67,Moderate Usability
4205,28.604632842679088,77.17326040684597,59.27,Moderate Usability
4206,28.609142830654996,77.17335326685632,59.6,Moderate Usability
4207,28.61365281535296,77.17344614820266,59.42,Moderate Usability
4208,28.618162796772598,77.17353905088883,59.39,Moderate Usability
4209,28.622672774913564,77.17363197491876,55.24,Moderate Usability
4210,28.627182749775447,77.17372492029625,57.55,Moderate Usability
4211,28.631692721357886,77.17381788702521,58.92,Moderate Usability
4212,28.636202689660497,77.17391087510948,51.57,Moderate Usability
4213,28.640712654682915,77.17400388455296,51.89,Moderate Usability
4214,28.645222616424764,77.1740969153595,44.73,Low Usability
4215,28.64973257488565,77.174189967533,48.35,Low Usability
4216,28.65424253006522,77.17428304107733,45.92,Low Usability
4217,28.658752481963084,77.17437613599631,44.88,Low Usability
4218,28.66326243057887,77.17446925229392,43.08,Low Usability
4219,28.6677723759122,77.17456238997394,48.26,Low Usability
4220,28.672282317962708,77.17465554904037,58.25,Moderate Usability
4221,28.67679225672999,77.17474872949698,58.49,Moderate Usability
4222,28.68130219221369,77.17484193134771,59.36,Moderate Usability
4223,28.685812124413445,77.17493515459644,61.42,Moderate Usability
4224,28.69032205332887,77.17502839924704,61.24,Moderate Usability
4225,28.694831978959584,77.17512166530342,55.56,Moderate Usability
4226,28.699341901305203,77.17521495276942,60.93,Moderate Usability
4227,28.703851820365372,77.17530826164901,47.98,Low Usability
4228,28.708361736139693,77.17540159194601,41.49,Low Usability
4229,28.71287164862781,77.17549494366435,46.67,Low Usability
4230,28.717381557829334,77.17558831680792,49.09,Low Usability
4231,28.721891463743912,77.1756817113806,49.77,Low Usability
4232,28.72640136637114,77.1757751273863,47.08,Low Usability
4233,28.73091126571066,77.17586856482893,52.47,Moderate Usability
4234,28.735421161762087,77.17596202371237,49.47,Low Usability
4235,28.739931054525062,77.1760555040405,46.62,Low Usability
4236,28.744440943999194,77.17614900581728,43.52,Low Usability
4237,28.748950830184118,77.17624252904656,43.69,Low Usability
4238,28.75346071307944,77.17633607373227,41.31,Low Usability
4239,28.757970592684817,77.17642963987831,41.67,Low Usability
4240,28.762480468999858,77.17652322748857,41.01,Low Usability
4241,28.766990342024183,77.17661683656699,48.8,Low Usability
4242,28.77150021175742,77.17671046711746,44.61,Low Usability
4243,28.7760100781992,77.17680411914391,45.39,Low Usability
4244,28.78051994134914,77.17689779265022,43.59,Low Usability
4245,28.78502980120688,77.17699148764034,43.76,Low Usability
4246,28.78953965777202,77.17708520411814,41.68,Low Usability
4247,28.794049511044218,77.17717894208756,42.25,Low Usability
4248,28.79855936102308,77.17727270155252,45.37,Low Usability
4249,28.80306920770824,77.17736648251696,43.83,Low Usability
4250,28.807579051099307,77.17746028498476,44.32,Low Usability
4251,28.81208889119592,77.17755410895984,44.99,Low Usability
4252,28.8165987279977,77.17764795444619,42.23,Low Usability
4253,28.821108561504282,77.17774182144763,46.54,Low Usability
4254,28.825618391715288,77.17783570996816,47.64,Low Usability
4255,28.830128218630357,77.17792962001168,45.82,Low Usability
4256,28.834638042249082,77.17802355158213,44.46,Low Usability
4257,28.83914786257111,77.17811750468343,45.97,Low Usability
4258,28.843657679596078,77.17821147931949,42.53,Low Usability
4259,28.848167493323583,77.17830547549426,42.67,Low Usability
4260,28.852677303753275,77.1783994932117,44.43,Low Usability
4261,28.85718711088478,77.17849353247571,43.45,Low Usability
4262,28.860650557167457,77.17866181115913,47.98,Low Usability
4263,28.411864465201276,77.17407371018682,40.24,Low Usability
4264,28.415128997577025,77.17448082393076,40.04,Low Usability
4265,28.419639107648152,77.17457300715168,42.39,Low Usability
4266,28.42414921445595,77.17466521159696,41.19,Low Usability
4267,28.428659318000047,77.17475743727047,44.31,Low Usability
4268,28.433169418280052,77.17484968417598,45.55,Low Usability
4269,28.437679515295578,77.17494195231738,46.98,Low Usability
4270,28.44218960904625,77.17503424169846,44.39,Low Usability
4271,28.4466996995317,77.17512655232304,42.01,Low Usability
4272,28.45120978675154,77.17521888419495,44.52,Low Usability
4273,28.45571987070539,77.17531123731806,48.23,Low Usability
4274,28.46022995139288,77.17540361169615,46.45,Low Usability
4275,28.464740028813623,77.17549600733305,49.4,Low Usability
4276,28.469250102967244,77.17558842423264,48.05,Low Usability
4277,28.473760173853357,77.17568086239874,51.47,Moderate Usability
4278,28.478270241471595,77.17577332183518,49.82,Low Usability
4279,28.482780305821574,77.17586580254576,49.05,Low Usability
4280,28.487290366902908,77.17595830453438,50.83,Moderate Usability
4281,28.49180042471524,77.17605082780483,47.07,Low Usability
4282,28.496310479258163,77.17614337236098,47.04,Low Usability
4283,28.500820530531325,77.17623593820667,56.08,Moderate Usability
4284,28.50533057853433,77.17632852534575,65.06,Moderate Usability
4285,28.50984062326681,77.17642113378203,61.66,Moderate Usability
4286,28.51435066472838,77.17651376351938,57.77,Moderate Usability
4287,28.51886070291867,77.17660641456166,60.71,Moderate Usability
4288,28.523370737837286,77.1766990869127,49.59,Low Usability
4289,28.527880769483858,77.17679178057637,47.02,Low Usability
4290,28.532390797858017,77.1768844955565,48.52,Low Usability
4291,28.53690082295938,77.17697723185694,49.67,Low Usability
4292,28.541410844787567,77.17706998948157,53.38,Moderate Usability
4293,28.5459208633422,77.1771627684342,54.71,Moderate Usability
4294,28.550430878622898,77.17725556871872,53.87,Moderate Usability
4295,28.554940890629297,77.177348390339,52.12,Moderate Usability
4296,28.559450899361003,77.17744123329888,53.48,Moderate Usability
4297,28.56396090481764,77.1775340976022,55.94,Moderate Usability
4298,28.56847090699884,77.17762698325285,61.31,Moderate Usability
4299,28.572980905904224,77.1777198902547,64.71,Moderate Usability
4300,28.577490901533405,77.17781281861159,57.02,Moderate Usability
4301,28.58200089388602,77.17790576832736,47.68,Low Usability
4302,28.586510882961676,77.17799873940594,62.37,Moderate Usability
4303,28.591020868760005,77.17809173185117,61.25,Moderate Usability
4304,28.59553085128064,77.1781847456669,60.71,Moderate Usability
4305,28.60004083052317,77.17827778085702,62.82,Moderate Usability
4306,28.604550806487268,77.1783708374254,57.38,Moderate Usability
4307,28.609060779172523,77.17846391537591,55.59,Moderate Usability
4308,28.613570748578557,77.17855701471245,57.66,Moderate Usability
4309,28.618080714705,77.1786501354388,61.92,Moderate Usability
4310,28.622590677551475,77.178743277559,59.08,Moderate Usability
4311,28.6271006371176,77.17883644107675,55.15,Moderate Usability
4312,28.631610593403018,77.17892962599603,60.48,Moderate Usability
4313,28.63612054640734,77.17902283232074,50.06,Moderate Usability
4314,28.64063049613018,77.1791160600547,52.49,Moderate Usability
4315,28.64514044257118,77.17920930920181,51.06,Moderate Usability
4316,28.64965038572994,77.17930257976596,57.7,Moderate Usability
4317,28.6541603256061,77.17939587175104,48.64,Low Usability
4318,28.65867026219928,77.17948918516093,46.43,Low Usability
4319,28.663180195509106,77.17958251999953,42.31,Low Usability
4320,28.667690125535195,77.17967587627071,48.47,Low Usability
4321,28.672200052277173,77.17976925397838,60.86,Moderate Usability
4322,28.67670997573467,77.17986265312642,60.01,Moderate Usability
4323,28.681219895907304,77.17995607371873,64.93,Moderate Usability
4324,28.685729812794698,77.18004951575917,62.16,Moderate Usability
4325,28.690239726396488,77.18014297925168,62.38,Moderate Usability
4326,28.694749636712288,77.18023646420016,65.37,Moderate Usability
4327,28.69925954374172,77.18032997060848,57.0,Moderate Usability
4328,28.703769447484415,77.18042349848052,52.23,Moderate Usability
4329,28.708279347939985,77.18051704782026,58.11,Moderate Usability
4330,28.712789245108066,77.18061061863152,41.75,Low Usability
4331,28.717299138988288,77.18070421091824,50.39,Moderate Usability
4332,28.721809029580253,77.18079782468432,46.71,Low Usability
4333,28.726318916883603,77.18089145993365,44.79,Low Usability
4334,28.730828800897957,77.18098511667019,45.93,Low Usability
4335,28.735338681622935,77.18107879489776,47.47,Low Usability
4336,28.739848559058185,77.18117249462036,39.77,Low Usability
4337,28.7443584332033,77.18126621584186,39.76,Low Usability
4338,28.74886830405793,77.18135995856615,42.54,Low Usability
4339,28.753378171621687,77.18145372279716,43.04,Low Usability
4340,28.757888035894187,77.18154750853884,44.43,Low Usability
4341,28.762397896875072,77.18164131579506,40.68,Low Usability
4342,28.766907754563963,77.18173514456977,44.96,Low Usability
4343,28.771417608960473,77.18182899486688,43.77,Low Usability
4344,28.775927460064253,77.18192286669027,49.68,Low Usability
4345,28.780437307874884,77.18201676004391,44.69,Low Usability
4346,28.784947152392036,77.18211067493172,49.17,Low Usability
4347,28.789456993615328,77.18220461135759,46.87,Low Usability
4348,28.793966831544356,77.18229856932545,45.43,Low Usability
4349,28.79847666617878,77.18239254883927,45.75,Low Usability
4350,28.802986497518194,77.18248654990295,42.17,Low Usability
4351,28.807496325562244,77.18258057252042,42.55,Low Usability
4352,28.812006150310552,77.1826746166956,40.17,Low Usability
4353,28.81651597176273,77.18276868243244,41.06,Low Usability
4354,28.821025789918426,77.18286276973485,45.79,Low Usability
4355,28.82553560477724,77.18295687860677,44.44,Low Usability
4356,28.830045416338844,77.18305100905216,41.86,Low Usability
4357,28.834555224602806,77.18314516107493,43.3,Low Usability
4358,28.839065029568783,77.183239334679,42.62,Low Usability
4359,28.84357483123641,77.18333352986838,47.89,Low Usability
4360,28.848084629605285,77.18342774664696,47.97,Low Usability
4361,28.852594424675043,77.18352198501869,45.35,Low Usability
4362,28.857104216445318,77.18361624498749,50.94,Moderate Usability
4363,28.861204716814452,77.18400490033811,48.48,Low Usability
4364,28.864584161802906,77.18580806837765,40.14,Low Usability
4365,28.412461180333874,77.17882952675886,40.39,Low Usability
4366,28.41504741157519,77.17958212485328,40.48,Low Usability
4367,28.419557506373124,77.17967452391775,43.96,Low Usability
4368,28.424067597906486,77.17976694425624,45.03,Low Usability
4369,28.428577686174847,77.17985938587262,44.12,Low Usability
4370,28.433087771177874,77.17995184877066,46.6,Low Usability
4371,28.43759785291516,77.18004433295424,44.9,Low Usability
4372,28.442107931386328,77.18013683842716,42.95,Low Usability
4373,28.446618006591013,77.1802293651933,45.22,Low Usability
4374,28.45112807852881,77.18032191325646,42.41,Low Usability
4375,28.455638147199373,77.18041448262052,44.48,Low Usability
4376,28.4601482126023,77.18050707328928,42.68,Low Usability
4377,28.464658274737218,77.18059968526659,42.34,Low Usability
4378,28.469168333603747,77.18069231855628,46.33,Low Usability
4379,28.47367838920151,77.18078497316226,46.38,Low Usability
4380,28.478188441530126,77.18087764908829,48.32,Low Usability
4381,28.482698490589208,77.18097034633827,44.87,Low Usability
4382,28.487208536378393,77.18106306491602,49.92,Low Usability
4383,28.491718578897295,77.18115580482537,45.66,Low Usability
4384,28.49622861814554,77.18124856607024,48.59,Low Usability
4385,28.500738654122735,77.18134134865441,56.91,Moderate Usability
4386,28.50524868682852,77.18143415258182,46.42,Low Usability
4387,28.50975871626251,77.18152697785624,60.23,Moderate Usability
4388,28.51426874242431,77.18161982448152,56.76,Moderate Usability
4389,28.518778765313556,77.18171269246157,63.84,Moderate Usability
4390,28.52328878492987,77.18180558180022,71.28,Moderate Usability
4391,28.527798801272876,77.18189849250133,47.13,Low Usability
4392,28.532308814342198,77.18199142456876,47.09,Low Usability
4393,28.53681882413744,77.18208437800641,54.47,Moderate Usability
4394,28.54132883065824,77.18217735281807,53.76,Moderate Usability
4395,28.545838833904234,77.18227034900767,53.59,Moderate Usability
4396,28.550348833875002,77.18236336657903,57.72,Moderate Usability
4397,28.554858830570197,77.18245640553603,48.36,Low Usability
4398,28.559368823989434,77.18254946588256,52.66,Moderate Usability
4399,28.56387881413233,77.18264254762246,47.38,Low Usability
4400,28.568388800998516,77.18273565075962,57.78,Moderate Usability
4401,28.57289878458762,77.1828287752979,59.4,Moderate Usability
4402,28.577408764899232,77.18292192124117,55.48,Moderate Usability
4403,28.581918741933002,77.18301508859332,56.28,Moderate Usability
4404,28.58642871568855,77.18310827735819,56.62,Moderate Usability
4405,28.590938686165497,77.18320148753969,55.29,Moderate Usability
4406,28.595448653363462,77.1832947191417,53.21,Moderate Usability
4407,28.59995861728208,77.18338797216808,61.18,Moderate Usability
4408,28.604468577920947,77.18348124662273,62.01,Moderate Usability
4409,28.608978535279714,77.18357454250953,55.44,Moderate Usability
4410,28.61348848935798,77.18366785983234,55.3,Moderate Usability
4411,28.61799844015538,77.18376119859504,55.2,Moderate Usability
4412,28.622508387671534,77.18385455880154,57.46,Moderate Usability
4413,28.627018331906086,77.18394794045572,56.75,Moderate Usability
4414,28.631528272858617,77.18404134356149,57.44,Moderate Usability
4415,28.63603821052879,77.18413476812272,60.88,Moderate Usability
4416,28.640548144916206,77.18422821414327,47.04,Low Usability
4417,28.645058076020476,77.18432168162708,44.99,Low Usability
4418,28.64956800384125,77.184415170578,43.68,Low Usability
4419,28.654077928378143,77.18450868099998,45.95,Low Usability
4420,28.658587849630777,77.18460221289685,47.74,Low Usability
4421,28.663097767598764,77.18469576627254,47.99,Low Usability
4422,28.667607682281748,77.18478934113097,48.78,Low Usability
4423,28.67211759367934,77.18488293747602,59.59,Moderate Usability
4424,28.676627501791156,77.18497655531156,63.58,Moderate Usability
4425,28.681137406616852,77.18507019464155,59.83,Moderate Usability
4426,28.685647308156014,77.18516385546985,60.79,Moderate Usability
4427,28.69015720640828,77.1852575378004,58.46,Moderate Usability
4428,28.694667101373266,77.18535124163705,58.5,Moderate Usability
4429,28.69917699305062,77.18544496698377,53.67,Moderate Usability
4430,28.70368688143995,77.18553871384441,49.48,Low Usability
4431,28.708196766540862,77.18563248222291,53.19,Moderate Usability
4432,28.712706648353002,77.1857262721232,44.09,Low Usability
4433,28.717216526876,77.18582008354917,50.8,Moderate Usability
4434,28.72172640210947,77.18591391650476,34.2,Low Usability
4435,28.726236274053022,77.18600777099384,44.61,Low Usability
4436,28.730746142706302,77.18610164702032,44.79,Low Usability
4437,28.73525600806893,77.1861955445882,40.03,Low Usability
4438,28.739765870140527,77.1862894637013,40.23,Low Usability
4439,28.74427572892071,77.18638340436361,39.02,Low Usability
4440,28.748785584409116,77.186477366579,40.56,Low Usability
4441,28.753295436605356,77.18657135035143,42.07,Low Usability
4442,28.75780528550907,77.18666535568481,44.81,Low Usability
4443,28.762315131119866,77.18675938258309,43.63,Low Usability
4444,28.76682497343738,77.18685343105015,30.85,Low Usability
4445,28.77133481246123,77.18694750108996,43.92,Low Usability
4446,28.775844648191043,77.1870415927064,45.04,Low Usability
4447,28.780354480626446,77.18713570590344,41.06,Low Usability
4448,28.78486430976707,77.187229840685,42.68,Low Usability
4449,28.789374135612526,77.18732399705502,40.33,Low Usability
4450,28.793883958162453,77.18741817501746,48.58,Low Usability
4451,28.79839377741647,77.18751237457617,47.48,Low Usability
4452,28.802903593374182,77.18760659573515,48.02,Low Usability
4453,28.807413406035245,77.18770083849836,51.8,Moderate Usability
4454,28.811923215399272,77.1877951028697,33.38,Low Usability
4455,28.816433021465883,77.18788938885312,45.31,Low Usability
4456,28.82094282423471,77.18798369645255,46.73,Low Usability
4457,28.82545262370539,77.18807802567197,47.12,Low Usability
4458,28.82996241987753,77.18817237651527,47.52,Low Usability
4459,28.834472212750754,77.18826674898641,46.89,Low Usability
4460,28.83898200232469,77.18836114308938,48.93,Low Usability
4461,28.843491788598964,77.1884555588281,49.18,Low Usability
4462,28.84800157157322,77.1885499962065,44.93,Low Usability
4463,28.852511351247067,77.18864445522857,46.12,Low Usability
4464,28.857021127620122,77.18873893589823,36.07,Low Usability
4465,28.861530900692017,77.18883343821946,43.39,Low Usability
4466,28.86506591860048,77.1887740709917,42.61,Low Usability
4467,28.412641911262156,77.18364880738962,41.35,Low Usability
4468,28.414966085899646,77.1846829385056,40.41,Low Usability
4469,28.419475714193158,77.18477601940981,42.56,Low Usability
4470,28.42398579041635,77.18486865563769,42.01,Low Usability
4471,28.42849586337328,77.18496131319304,43.78,Low Usability
4472,28.433005933063605,77.18505399207979,44.74,Low Usability
4473,28.437515999486937,77.18514669230171,44.01,Low Usability
4474,28.44202606264288,77.18523941386267,42.12,Low Usability
4475,28.44653612253107,77.18533215676652,47.53,Low Usability
4476,28.451046179151106,77.18542492101712,50.71,Moderate Usability
4477,28.455556232502634,77.18551770661827,39.49,Low Usability
4478,28.460066282585263,77.18561051357385,52.55,Moderate Usability
4479,28.464576329398618,77.18570334188772,49.8,Low Usability
4480,28.46908637294232,77.1857961915637,49.55,Low Usability
4481,28.47359641321598,77.18588906260568,51.16,Moderate Usability
4482,28.47810645021922,77.18598195501747,51.51,Moderate Usability
4483,28.482616483951674,77.18607486880298,49.35,Low Usability
4484,28.48712651441295,77.18616780396603,59.77,Moderate Usability
4485,28.491636541602677,77.18626076051046,51.28,Moderate Usability
4486,28.496146565520462,77.18635373844016,50.18,Moderate Usability
4487,28.50065658616594,77.18644673775901,35.94,Low Usability
4488,28.505166603538736,77.18653975847084,47.89,Low Usability
4489,28.50967661763845,77.1866328005795,51.81,Moderate Usability
4490,28.51418662846473,77.18672586408888,55.76,Moderate Usability
4491,28.51869663601718,77.18681894900286,61.03,Moderate Usability
4492,28.523206640295413,77.18691205532524,63.3,Moderate Usability
4493,28.527716641299065,77.18700518305997,60.62,Moderate Usability
4494,28.532226639027762,77.18709833221087,48.56,Low Usability
4495,28.53673663348111,77.18719150278183,60.8,Moderate Usability
4496,28.541246624658744,77.18728469477668,59.85,Moderate Usability
4497,28.545756612560286,77.18737790819935,51.64,Moderate Usability
4498,28.550266597185335,77.18747114305368,64.15,Moderate Usability
4499,28.55477657853352,77.18756439934359,64.25,Moderate Usability
4500,28.559286556604494,77.18765767707288,62.0,Moderate Usability
4501,28.563796531397852,77.18775097624548,57.84,Moderate Usability
4502,28.568306502913213,77.18784429686526,64.9,Moderate Usability
4503,28.57281647115021,77.1879376389361,58.99,Moderate Usability
4504,28.57732643610845,77.18803100246188,55.2,Moderate Usability
4505,28.58183639778758,77.18812438744652,54.67,Moderate Usability
4506,28.586346356187207,77.18821779389383,60.59,Moderate Usability
4507,28.590856311306936,77.18831122180772,54.38,Moderate Usability
4508,28.59536626314642,77.18840467119213,55.27,Moderate Usability
4509,28.599876211705272,77.18849814205089,57.31,Moderate Usability
4510,28.604386156983104,77.18859163438795,61.61,Moderate Usability
4511,28.608896098979542,77.1886851482071,60.79,Moderate Usability
4512,28.61340603769421,77.18877868351233,57.65,Moderate Usability
4513,28.617915973126724,77.18887224030748,58.23,Moderate Usability
4514,28.622425905276735,77.18896581859646,54.4,Moderate Usability
4515,28.626935834143826,77.18905941838317,58.93,Moderate Usability
4516,28.631445759727654,77.1891530396715,60.22,Moderate Usability
4517,28.63595568202781,77.18924668246532,53.03,Moderate Usability
4518,28.64046560104394,77.18934034676862,62.0,Moderate Usability
4519,28.644975516775652,77.18943403258523,63.69,Moderate Usability
4520,28.64948542922258,77.18952773991901,44.53,Low Usability
4521,28.653995338384334,77.18962146877398,46.25,Low Usability
4522,28.658505244260557,77.18971521915394,46.23,Low Usability
4523,28.663015146850853,77.18980899106286,47.91,Low Usability
4524,28.66752504615486,77.18990278450461,51.42,Moderate Usability
4525,28.67203494217217,77.18999659948312,59.46,Moderate Usability
4526,28.67654483490246,77.19009043600231,56.86,Moderate Usability
4527,28.681054724345305,77.19018429406607,53.68,Moderate Usability
4528,28.685564610500347,77.19027817367831,48.33,Low Usability
4529,28.690074493367216,77.19037207484294,58.69,Moderate Usability
4530,28.694584372945517,77.19046599756392,55.95,Moderate Usability
4531,28.699094249234893,77.19055994184511,56.4,Moderate Usability
4532,28.70360412223495,77.19065390769043,59.38,Moderate Usability
4533,28.708113991945318,77.19074789510385,59.72,Moderate Usability
4534,28.71262385836562,77.19084190408925,49.0,Low Usability
4535,28.717133721495497,77.19093593465055,49.09,Low Usability
4536,28.721643581334547,77.19102998679168,57.57,Moderate Usability
4537,28.72615343788241,77.19112406051659,57.12,Moderate Usability
4538,28.7306632911387,77.19121815582916,45.77,Low Usability
4539,28.735173141103047,77.19131227273336,39.56,Low Usability
4540,28.739682987775073,77.19140641123305,39.79,Low Usability
4541,28.74419283115441,77.19150057133227,39.87,Low Usability
4542,28.74870267124066,77.19159475303483,39.52,Low Usability
4543,28.753212508033457,77.19168895634473,39.62,Low Usability
4544,28.75772234153244,77.19178318126592,42.73,Low Usability
4545,28.76223217173722,77.19187742780228,42.18,Low Usability
4546,28.766741998647426,77.19197169595779,41.83,Low Usability
4547,28.77125182226267,77.19206598573636,44.68,Low Usability
4548,28.775761642582584,77.19216029714192,43.74,Low Usability
4549,28.780271459606805,77.19225463017845,43.4,Low Usability
4550,28.784781273334946,77.19234898484984,50.45,Moderate Usability
4551,28.78929108376662,77.19244336116007,49.59,Low Usability
4552,28.793800890901483,77.19253775911308,45.28,Low Usability
4553,28.798305759189947,77.19262602631495,40.16,Low Usability
4554,28.80277510682134,77.19235532807805,39.21,Low Usability
4555,28.807335361165038,77.19236862687019,45.55,Low Usability
4556,28.81184535139893,77.19245024444128,47.17,Low Usability
4557,28.816441715356834,77.19289552057852,40.25,Low Usability
4558,28.820859664456158,77.19310460155029,45.16,Low Usability
4559,28.8253694485027,77.1931991511132,41.8,Low Usability
4560,28.829879229249418,77.1932937223505,45.71,Low Usability
4561,28.8343890066959,77.1933883152661,42.45,Low Usability
4562,28.838898780841816,77.19348292986398,44.23,Low Usability
4563,28.84340855168678,77.1935775661481,45.39,Low Usability
4564,28.847918319230413,77.19367222412241,43.94,Low Usability
4565,28.85242808347233,77.19376690379084,44.62,Low Usability
4566,28.856937844412183,77.19386160515744,48.73,Low Usability
4567,28.86144760204956,77.19395632822608,42.72,Low Usability
4568,28.864507148911965,77.19373607493976,42.44,Low Usability
4569,28.414963325192556,77.18975936142574,42.48,Low Usability
4570,28.41939373111117,77.1898774935782,46.28,Low Usability
4571,28.423903791988486,77.18997034569159,45.12,Low Usability
4572,28.428413849598282,77.19006321918214,45.22,Low Usability
4573,28.432923903940186,77.19015611405372,42.78,Low Usability
4574,28.43743395501383,77.19024903031016,44.49,Low Usability
4575,28.44194400281883,77.1903419679553,50.42,Moderate Usability
4576,28.4464540473548,77.19043492699303,51.46,Moderate Usability
4577,28.45096408862136,77.19052790742717,44.8,Low Usability
4578,28.455474126618125,77.1906209092616,44.82,Low Usability
4579,28.45998416134472,77.19071393250015,46.41,Low Usability
4580,28.464494192800775,77.19080697714669,45.58,Low Usability
4581,28.469004220985898,77.19090004320512,44.63,Low Usability
4582,28.473514245899707,77.19099313067926,45.88,Low Usability
4583,28.478024267541844,77.19108623957298,44.78,Low Usability
4584,28.482534285911907,77.19117936989015,45.24,Low Usability
4585,28.48704430100952,77.19127252163463,52.8,Moderate Usability
4586,28.491554312834314,77.1913656948103,55.06,Moderate Usability
4587,28.49606432138591,77.19145888942099,46.66,Low Usability
4588,28.500574326663898,77.19155210547062,43.59,Low Usability
4589,28.505084328667937,77.19164534296303,44.46,Low Usability
4590,28.509594327397632,77.19173860190207,44.66,Low Usability
4591,28.51410432285261,77.19183188229168,56.71,Moderate Usability
4592,28.51861431503247,77.19192518413567,62.02,Moderate Usability
4593,28.52312430393686,77.19201850743798,67.47,Moderate Usability
4594,28.527634289565384,77.19211185220243,58.06,Moderate Usability
4595,28.532144271917666,77.19220521843289,50.37,Moderate Usability
4596,28.536654250993337,77.19229860613329,53.26,Moderate Usability
4597,28.54116422679201,77.1923920153075,54.12,Moderate Usability
4598,28.54567419931331,77.19248544595938,64.83,Moderate Usability
4599,28.550184168556846,77.1925788980928,59.7,Moderate Usability
4600,28.554694134522254,77.19267237171168,62.46,Moderate Usability
4601,28.55920409720916,77.19276586681988,69.32,Moderate Usability
4602,28.56371405661716,77.19285938342131,56.32,Moderate Usability
4603,28.568224012745898,77.19295292151986,61.55,Moderate Usability
4604,28.572733965594992,77.1930464811194,59.07,Moderate Usability
4605,28.577243915164054,77.1931400622238,58.96,Moderate Usability
4606,28.581753861452704,77.19323366483698,52.26,Moderate Usability
4607,28.58626380446059,77.19332728896286,63.13,Moderate Usability
4608,28.590773744187302,77.19342093460529,63.17,Moderate Usability
4609,28.595283680632473,77.19351460176819,62.13,Moderate Usability
4610,28.599793613795736,77.19360829045543,62.13,Moderate Usability
4611,28.604303543676703,77.19370200067095,57.21,Moderate Usability
4612,28.60881347027499,77.19379573241864,50.47,Moderate Usability
4613,28.61332339359021,77.19388948570239,55.43,Moderate Usability
4614,28.617833313622025,77.19398326052607,60.32,Moderate Usability
4615,28.62234323037002,77.19407705689365,62.27,Moderate Usability
4616,28.626853143833838,77.19417087480896,60.55,Moderate Usability
4617,28.63136305401309,77.19426471427597,54.55,Moderate Usability
4618,28.6358729609074,77.19435857529857,56.07,Moderate Usability
4619,28.64038286451639,77.19445245788063,58.37,Moderate Usability
4620,28.644892764839682,77.19454636202612,67.17,Moderate Usability
4621,28.649402661876895,77.1946402877389,40.06,Low Usability
4622,28.65391255562766,77.19473423502293,61.96,Moderate Usability
4623,28.658422446091603,77.1948282038821,52.42,Moderate Usability
4624,28.66293233326834,77.19492219432033,48.14,Low Usability
4625,28.667442217157493,77.1950162063415,46.54,Low Usability
4626,28.67195209775869,77.1951102399496,59.47,Moderate Usability
4627,28.67646197507153,77.19520429514847,64.11,Moderate Usability
4628,28.680971849095663,77.19529837194209,55.59,Moderate Usability
4629,28.68548171983072,77.19539247033435,45.15,Low Usability
4630,28.68999158727629,77.19548659032921,45.65,Low Usability
4631,28.694501451432004,77.19558073193053,50.7,Moderate Usability
4632,28.69901131229751,77.19567489514229,58.54,Moderate Usability
4633,28.70352116987242,77.19576907996839,56.22,Moderate Usability
4634,28.708031024156337,77.19586328641276,46.74,Low Usability
4635,28.712540875148907,77.19595751447933,51.39,Moderate Usability
4636,28.717050722849745,77.19605176417205,48.6,Low Usability
4637,28.72156056725848,77.19614603549485,60.84,Moderate Usability
4638,28.726070408374746,77.19624032845164,58.36,Moderate Usability
4639,28.730580246198127,77.19633464304637,43.34,Low Usability
4640,28.735090080728273,77.19642897928296,46.46,Low Usability
4641,28.73959991196481,77.19652333716536,40.83,Low Usability
4642,28.744109739907373,77.1966177166975,42.0,Low Usability
4643,28.748619564555547,77.19671211788335,42.46,Low Usability
4644,28.753129385908984,77.19680654072681,45.24,Low Usability
4645,28.7576392039673,77.19690098523184,44.8,Low Usability
4646,28.762149018730128,77.19699545140239,47.23,Low Usability
4647,28.766658830197088,77.19708993924237,47.41,Low Usability
4648,28.771168638367797,77.19718444875576,42.56,Low Usability
4649,28.77567844324187,77.1972789799465,42.72,Low Usability
4650,28.780188244818966,77.19737353281859,45.09,Low Usability
4651,28.78469804309867,77.19746810737588,47.13,Low Usability
4652,28.789207838080628,77.19756270362237,45.65,Low Usability
4653,28.793255667850353,77.19699696403248,45.64,Low Usability
4654,28.79732853069336,77.19567549928476,38.32,Low Usability
4655,28.81678249650102,77.19819413603915,47.63,Low Usability
4656,28.820776310585767,77.19822548497763,44.19,Low Usability
4657,28.825286079172198,77.1983202548801,42.88,Low Usability
4658,28.829795844457497,77.19841504650742,45.64,Low Usability
4659,28.834305606441287,77.19850985986352,44.98,Low Usability
4660,28.838815365123192,77.19860469495235,44.12,Low Usability
4661,28.843325120502854,77.19869955177793,45.81,Low Usability
4662,28.84783487257987,77.19879443034414,47.95,Low Usability
4663,28.852344621353883,77.19888933065504,47.79,Low Usability
4664,28.85685436682451,77.19898425271455,46.34,Low Usability
4665,28.8613641089914,77.19907919652668,42.77,Low Usability
4666,28.86397587729089,77.19828175164285,41.92,Low Usability
4667,28.415018949155836,77.19486162184205,40.9,Low Usability
4668,28.419311557130133,77.19497894637327,40.61,Low Usability
4669,28.423821602625857,77.19507201436835,41.44,Low Usability
4670,28.428331644852797,77.19516510379023,40.81,Low Usability
4671,28.432841683810576,77.19525821464279,43.83,Low Usability
4672,28.437351719498828,77.1953513469299,47.85,Low Usability
4673,28.441861751917145,77.19544450065536,47.96,Low Usability
4674,28.44637178106516,77.19553767582309,44.65,Low Usability
4675,28.4508818069425,77.19563087243694,48.26,Low Usability
4676,28.455391829548777,77.19572409050076,47.0,Low Usability
4677,28.459901848883614,77.19581733001846,47.95,Low Usability
4678,28.464411864946644,77.19591059099383,45.81,Low Usability
4679,28.46892187773745,77.19600387343081,44.84,Low Usability
4680,28.473431887255682,77.19609717733327,45.81,Low Usability
4681,28.47794189350096,77.19619050270504,45.82,Low Usability
4682,28.48245189647289,77.19628384955,47.94,Low Usability
4683,28.486961896171085,77.19637721787205,48.76,Low Usability
4684,28.4914718925952,77.19647060767507,45.14,Low Usability
4685,28.495981885744815,77.19656401896289,44.99,Low Usability
4686,28.500491875619574,77.19665745173941,46.3,Low Usability
4687,28.505001862219096,77.19675090600855,49.69,Low Usability
4688,28.509511845543003,77.19684438177414,47.3,Low Usability
4689,28.514021825590895,77.19693787904008,61.25,Moderate Usability
4690,28.518531802362418,77.19703139781025,61.41,Moderate Usability
4691,28.523041775857177,77.19712493808855,63.39,Moderate Usability
4692,28.527551746074785,77.19721849987884,57.71,Moderate Usability
4693,28.532061713014894,77.19731208318503,54.1,Moderate Usability
4694,28.53657167667709,77.19740568801099,58.4,Moderate Usability
4695,28.541081637061023,77.19749931436063,55.16,Moderate Usability
4696,28.545591594166297,77.1975929622378,70.15,Moderate Usability
4697,28.550101547992533,77.19768663164646,62.47,Moderate Usability
4698,28.554611498539362,77.19778032259045,63.15,Moderate Usability
4699,28.55912144580639,77.19787403507367,62.95,Moderate Usability
4700,28.563631389793237,77.19796776910003,53.33,Moderate Usability
4701,28.568141330499557,77.1980615246734,54.27,Moderate Usability
4702,28.572651267924932,77.19815530179775,48.28,Low Usability
4703,28.577161202068993,77.19824910047691,58.1,Moderate Usability
4704,28.581671132931373,77.19834292071481,54.94,Moderate Usability
4705,28.586181060511684,77.19843676251534,50.72,Moderate Usability
4706,28.59069098480956,77.19853062588238,53.37,Moderate Usability
4707,28.59520090582459,77.19862451081988,50.67,Moderate Usability
4708,28.59971082355645,77.19871841733172,50.7,Moderate Usability
4709,28.604220738004717,77.19881234542184,54.31,Moderate Usability
4710,28.60873064916901,77.1989062950941,52.95,Moderate Usability
4711,28.613240557048993,77.19900026635247,63.17,Moderate Usability
4712,28.617750461644246,77.1990942592008,61.29,Moderate Usability
4713,28.6222603629544,77.19918827364303,64.95,Moderate Usability
4714,28.62677026097909,77.19928230968308,64.78,Moderate Usability
4715,28.63128015571791,77.19937636732485,61.06,Moderate Usability
4716,28.63579004717052,77.19947044657226,60.92,Moderate Usability
4717,28.64029993533653,77.19956454742925,56.6,Moderate Usability
4718,28.644809820215553,77.19965866989972,70.95,Moderate Usability
4719,28.649319701807194,77.1997528139876,60.95,Moderate Usability
4720,28.65382958011111,77.19984697969677,61.65,Moderate Usability
4721,28.658339455126907,77.19994116703121,46.15,Low Usability
4722,28.662849326854218,77.2000353759948,48.21,Low Usability
4723,28.66735919529265,77.20012960659152,48.79,Low Usability
4724,28.67186906044183,77.20022385882524,61.1,Moderate Usability
4725,28.676378922301378,77.20031813269992,57.55,Moderate Usability
4726,28.680888780870923,77.20041242821947,62.21,Moderate Usability
4727,28.685398636150083,77.20050674538784,51.96,Moderate Usability
4728,28.689908488138474,77.20060108420897,45.94,Low Usability
4729,28.694418336835724,77.20069544468673,48.75,Low Usability
4730,28.69892818224148,77.20078982682512,55.61,Moderate Usability
4731,28.703438024355343,77.20088423062805,53.72,Moderate Usability
4732,28.707947863176912,77.20097865609947,52.68,Moderate Usability
4733,28.71245769870585,77.2010731032433,48.26,Low Usability
4734,28.716967530941762,77.20116757206353,52.11,Moderate Usability
4735,28.72147735988427,77.20126206256401,61.19,Moderate Usability
4736,28.72598718553301,77.20135657474876,64.66,Moderate Usability
4737,28.730497007887593,77.2014511086217,46.99,Low Usability
4738,28.735006826947625,77.20154566418675,43.69,Low Usability
4739,28.739516642712758,77.20164024144789,39.88,Low Usability
4740,28.74402645518261,77.20173484040909,40.79,Low Usability
4741,28.748536264356797,77.20182946107421,40.61,Low Usability
4742,28.75304607023494,77.20192410344728,44.45,Low Usability
4743,28.757555872816678,77.20201876753224,43.58,Low Usability
4744,28.762065672101613,77.20211345333301,44.36,Low Usability
4745,28.766575468089396,77.20220816085356,43.8,Low Usability
4746,28.771085260779614,77.20230289009783,38.08,Low Usability
4747,28.775595050171926,77.20239764106981,42.47,Low Usability
4748,28.780104836265938,77.20249241377344,47.24,Low Usability
4749,28.784614619061262,77.20258720821268,40.65,Low Usability
4750,28.788491588624076,77.20218724452106,39.79,Low Usability
4751,28.791598505739792,77.20035766379513,42.24,Low Usability
4752,28.81648554883346,77.20330454630518,47.03,Low Usability
4753,28.820692762626535,77.20334634668407,41.7,Low Usability
4754,28.825202515716885,77.2034413369222,40.66,Low Usability
4755,28.829712265504806,77.20353634893554,46.61,Low Usability
4756,28.834222011989905,77.20363138272818,42.67,Low Usability
4757,28.838731755171825,77.20372643830402,44.52,Low Usability
4758,28.843241495050187,77.20382151566704,43.55,Low Usability
4759,28.84775123162462,77.20391661482125,49.3,Low Usability
4760,28.852260964894715,77.2040117357706,47.53,Low Usability
4761,28.85677069486014,77.20410687851908,42.3,Low Usability
4762,28.86094075360023,77.20388080788392,44.11,Low Usability
4763,28.86357747616581,77.20168985920209,45.0,Low Usability
4764,28.4150743786978,77.19996360959425,39.66,Low Usability
4765,28.41922919225299,77.2000803777454,40.92,Low Usability
4766,28.42373922233142,77.2001736616183,42.25,Low Usability
4767,28.428249249139785,77.20026696696766,44.78,Low Usability
4768,28.432759272677725,77.20036029379736,43.34,Low Usability
4769,28.437269292944848,77.20045364211124,49.63,Low Usability
4770,28.441779309940777,77.20054701191316,41.79,Low Usability
4771,28.446289323665134,77.20064040320703,44.7,Low Usability
4772,28.45079933411753,77.20073381599673,43.71,Low Usability
4773,28.455309341297593,77.2008272502861,46.83,Low Usability
4774,28.459819345204938,77.20092070607903,48.51,Low Usability
4775,28.464329345839182,77.20101418337937,44.84,Low Usability
4776,28.46883934319994,77.20110768219106,47.05,Low Usability
4777,28.473349337286848,77.20120120251795,47.09,Low Usability
4778,28.477859328099516,77.20129474436388,45.18,Low Usability
4779,28.482369315637563,77.20138830773278,48.75,Low Usability
4780,28.486879299900604,77.20148189262852,44.37,Low Usability
4781,28.491389280888264,77.201575499055,46.62,Low Usability
4782,28.495899258600183,77.20166912701609,48.53,Low Usability
4783,28.50040923303593,77.20176277651565,47.91,Low Usability
4784,28.504919204195176,77.2018564475576,49.04,Low Usability
4785,28.509429172077507,77.20195014014585,57.95,Moderate Usability
4786,28.513939136682577,77.20204385428427,60.79,Moderate Usability
4787,28.518449098009977,77.20213758997672,63.84,Moderate Usability
4788,28.52295905605933,77.20223134722711,60.39,Moderate Usability
4789,28.52746901083027,77.20232512603938,66.99,Moderate Usability
4790,28.531978962322405,77.2024189264174,69.3,Moderate Usability
4791,28.536488910535358,77.202512748365,61.13,Moderate Usability
4792,28.540998855468757,77.20260659188621,66.49,Moderate Usability
4793,28.54550879712221,77.20270045698483,55.1,Moderate Usability
4794,28.550018735495353,77.20279434366476,63.66,Moderate Usability
4795,28.554528670587803,77.20288825192998,62.19,Moderate Usability
4796,28.55903860239916,77.20298218178434,57.09,Moderate Usability
4797,28.563548530929076,77.20307613323175,51.88,Moderate Usability
4798,28.56805845617715,77.20317010627608,55.69,Moderate Usability
4799,28.572568378143004,77.2032641009213,48.95,Low Usability
4800,28.57707829682627,77.2033581171713,51.65,Moderate Usability
4801,28.581588212226556,77.20345215502998,52.98,Moderate Usability
4802,28.586098124343494,77.20354621450124,38.85,Low Usability
4803,28.59060803317669,77.20364029558903,45.17,Low Usability
4804,28.595117938725796,77.20373439829724,48.31,Low Usability
4805,28.599627840990404,77.20382852262976,53.18,Moderate Usability
4806,28.60413773997013,77.20392266859054,51.19,Moderate Usability
4807,28.608647635664628,77.20401683618351,50.69,Moderate Usability
4808,28.6131575280735,77.20411102541257,60.09,Moderate Usability
4809,28.617667417196355,77.20420523628162,54.57,Moderate Usability
4810,28.622177303032846,77.20429946879462,52.37,Moderate Usability
4811,28.62668718558255,77.20439372295549,55.84,Moderate Usability
4812,28.63119706484513,77.20448799876812,55.08,Moderate Usability
4813,28.635706940820185,77.20458229623642,54.76,Moderate Usability
4814,28.640216813507358,77.20467661536438,68.34,Moderate Usability
4815,28.644726682906253,77.20477095615591,57.4,Moderate Usability
4816,28.64923654901647,77.20486531861494,57.11,Moderate Usability
4817,28.65374641183767,77.20495970274537,55.27,Moderate Usability
4818,28.658256271369467,77.20505410855115,54.85,Moderate Usability
4819,28.662766127611476,77.20514853603622,52.42,Moderate Usability
4820,28.667275980563314,77.20524298520449,48.9,Low Usability
4821,28.671785830224618,77.20533745605992,47.08,Low Usability
4822,28.67629567659499,77.20543194860649,46.91,Low Usability
4823,28.680805519674056,77.20552646284804,54.33,Moderate Usability
4824,28.685315359461455,77.20562099878858,62.93,Moderate Usability
4825,28.6898251959568,77.20571555643203,54.99,Moderate Usability
4826,28.694335029159703,77.20581013578233,55.79,Moderate Usability
4827,28.69884485906981,77.20590473684341,65.36,Moderate Usability
4828,28.70335468568672,77.20599935961926,54.3,Moderate Usability
4829,28.707864509010054,77.20609400411375,51.8,Moderate Usability
4830,28.712374329039456,77.20618867033092,47.35,Low Usability
4831,28.716884145774536,77.20628335827466,46.59,Low Usability
4832,28.721393959214915,77.20637806794895,50.07,Moderate Usability
4833,28.725903769360226,77.20647279935771,48.78,Low Usability
4834,28.73041357621006,77.2065675525049,42.66,Low Usability
4835,28.734923379764105,77.2066623273945,56.75,Moderate Usability
4836,28.739433180021916,77.20675712403042,54.38,Moderate Usability
4837,28.743942976983146,77.20685194241668,59.82,Moderate Usability
4838,28.74845277064741,77.20694678255717,59.96,Moderate Usability
4839,28.75296256101434,77.2070416444559,48.93,Low Usability
4840,28.757472348083564,77.2071365281168,48.47,Low Usability
4841,28.76198213185469,77.20723143354384,47.66,Low Usability
4842,28.76649191232734,77.20732636074096,48.22,Low Usability
4843,28.771001689501137,77.2074213097122,48.55,Low Usability
4844,28.775511463375732,77.20751628046146,47.97,Low Usability
4845,28.780021233950723,77.20761127299272,42.53,Low Usability
4846,28.78453100122573,77.20770628730993,39.06,Low Usability
4847,28.787296619826307,77.20711657395765,38.13,Low Usability
4848,28.813794254682776,77.2107617959924,47.5,Low Usability
4849,28.816188955664813,77.20841545250072,49.55,Low Usability
4850,28.820609020581514,77.20846718661925,49.56,Low Usability
4851,28.825118758139805,77.20856239718898,48.23,Low Usability
4852,28.829628492394356,77.20865762958445,51.27,Moderate Usability
4853,28.834138223344798,77.2087528838096,43.34,Low Usability
4854,28.838647950990747,77.20884815986847,50.82,Moderate Usability
4855,28.843101255467506,77.20886981257502,52.58,Moderate Usability
4856,28.84770207454558,77.20865007072656,45.9,Low Usability
4857,28.852207132975632,77.20890871299616,40.73,Low Usability
4858,28.856270994879416,77.20849886840035,39.36,Low Usability
4859,28.85950572677444,77.2071880917644,40.97,Low Usability
4860,28.41515674059357,77.20503098734568,38.8,Low Usability
4861,28.419146636482704,77.20518178764492,38.4,Low Usability
4862,28.423656651108125,77.20527528739179,41.31,Low Usability
4863,28.42816666246222,77.20536880866474,43.04,Low Usability
4864,28.432676670544602,77.2054623514677,43.52,Low Usability
4865,28.437186675354894,77.2055559158045,49.24,Low Usability
4866,28.441696676892718,77.20564950167903,44.74,Low Usability
4867,28.446206675157672,77.2057431090952,42.77,Low Usability
4868,28.45071667014941,77.20583673805685,45.22,Low Usability
4869,28.455226661867524,77.20593038856786,46.39,Low Usability
4870,28.45973665031163,77.20602406063216,47.08,Low Usability
4871,28.464246635481373,77.20611775425361,43.82,Low Usability
4872,28.468756617376343,77.2062114694361,42.24,Low Usability
4873,28.473266595996193,77.20630520618353,43.17,Low Usability
4874,28.477776571340506,77.2063989644998,45.59,Low Usability
4875,28.482286543408915,77.20649274438874,46.34,Low Usability
4876,28.486796512201042,77.20658654585428,56.0,Moderate Usability
4877,28.491306477716524,77.20668036890034,59.42,Moderate Usability
4878,28.49581643995495,77.20677421353078,46.71,Low Usability
4879,28.500326398915952,77.20686807974948,48.34,Low Usability
4880,28.50483635459915,77.20696196756039,50.2,Moderate Usability
4881,28.50934630700417,77.20705587696736,48.97,Low Usability
4882,28.513856256130612,77.20714980797435,53.41,Moderate Usability
4883,28.51836620197812,77.20724376058519,52.56,Moderate Usability
4884,28.522876144546313,77.20733773480383,65.48,Moderate Usability
4885,28.527386083834784,77.20743173063416,65.31,Moderate Usability
4886,28.53189601984319,77.20752574808009,60.91,Moderate Usability
4887,28.53640595257112,77.20761978714552,71.43,Moderate Usability
4888,28.540915882018194,77.20771384783434,63.81,Moderate Usability
4889,28.545425808184053,77.20780793015048,65.37,Moderate Usability
4890,28.54993573106831,77.20790203409786,59.54,Moderate Usability
4891,28.554445650670573,77.20799615968038,57.96,Moderate Usability
4892,28.55895556699048,77.20809030690195,64.36,Moderate Usability
4893,28.563465480027638,77.20818447576649,55.86,Moderate Usability
4894,28.567975389781672,77.20827866627788,70.42,Moderate Usability
4895,28.572485296252207,77.20837287844009,69.07,Moderate Usability
4896,28.576995199438855,77.20846711225698,49.27,Low Usability
4897,28.581505099341243,77.20856136773256,50.06,Moderate Usability
4898,28.586014995958987,77.20865564487067,57.04,Moderate Usability
4899,28.590524889291707,77.20874994367526,62.11,Moderate Usability
4900,28.595034779339038,77.20884426415024,52.5,Moderate Usability
4901,28.599544666100584,77.20893860629954,51.81,Moderate Usability
4902,28.604054549575974,77.20903297012708,52.72,Moderate Usability
4903,28.608564429764822,77.20912735563684,59.4,Moderate Usability
4904,28.61307430666675,77.20922176283266,61.25,Moderate Usability
4905,28.617584180281387,77.20931619171854,60.73,Moderate Usability
4906,28.622094050608336,77.20941064229835,48.07,Low Usability
4907,28.626603917647255,77.20950511457607,56.67,Moderate Usability
4908,28.63111378139773,77.20959960855562,61.04,Moderate Usability
4909,28.63562364185939,77.20969412424095,55.83,Moderate Usability
4910,28.640133499031865,77.20978866163598,56.09,Moderate Usability
4911,28.644643352914773,77.20988322074463,50.65,Moderate Usability
4912,28.649153203507726,77.20997780157086,50.14,Moderate Usability
4913,28.65366305081036,77.21007240411859,44.95,Low Usability
4914,28.658172894822282,77.21016702839181,43.86,Low Usability
4915,28.662682735543118,77.21026167439437,41.78,Low Usability
4916,28.667192572972507,77.21035634213032,50.37,Moderate Usability
4917,28.671702407110054,77.21045103160355,48.12,Low Usability
4918,28.676212237955376,77.210545742818,53.95,Moderate Usability
4919,28.6807220655081,77.21064047577764,61.48,Moderate Usability
4920,28.685231889767852,77.21073523048639,64.41,Moderate Usability
4921,28.689741710734253,77.21083000694823,65.94,Moderate Usability
4922,28.69425152840693,77.21092480516711,63.11,Moderate Usability
4923,28.698761342785474,77.21101962514695,56.76,Moderate Usability
4924,28.703271153869558,77.21111446689174,53.1,Moderate Usability
4925,28.707780961658774,77.21120933040544,49.89,Low Usability
4926,28.712290766152726,77.21130421569195,47.21,Low Usability
4927,28.716800567351076,77.2113991227553,55.78,Moderate Usability
4928,28.721310365253427,77.21149405159937,52.73,Moderate Usability
4929,28.7258201598594,77.21158900222821,45.94,Low Usability
4930,28.730329951168628,77.2116839746457,55.7,Moderate Usability
4931,28.734839739180703,77.2117789688559,57.56,Moderate Usability
4932,28.739349523895285,77.21187398486265,58.42,Moderate Usability
4933,28.743859305311982,77.21196902266999,55.75,Moderate Usability
4934,28.748369083430415,77.21206408228193,52.56,Moderate Usability
4935,28.752878858250202,77.21215916370231,43.19,Low Usability
4936,28.75738862977098,77.21225426693522,42.38,Low Usability
4937,28.761898397992354,77.21234939198456,41.98,Low Usability
4938,28.766408162913958,77.21244453885436,45.43,Low Usability
4939,28.770917924535393,77.21253970754854,42.55,Low Usability
4940,28.775427682856332,77.2126348980711,40.74,Low Usability
4941,28.779937437876363,77.21273011042601,40.54,Low Usability
4942,28.78444718959509,77.21282534461724,42.29,Low Usability
4943,28.787005872364563,77.2130275678397,41.33,Low Usability
4944,28.813687084641938,77.21261273413567,33.99,Low Usability
4945,28.816113066354664,77.21248655393818,36.31,Low Usability
4946,28.82060291431468,77.21291455147501,37.86,Low Usability
4947,28.825097098049973,77.2133430130734,45.31,Low Usability
4948,28.829572913077932,77.21373296676671,52.16,Moderate Usability
4949,28.834054240508976,77.21387436305736,50.44,Moderate Usability
4950,28.838257400545036,77.21336813372085,51.45,Moderate Usability
4951,28.84187041483438,77.21219206879151,41.47,Low Usability
4952,28.41560129831053,77.2099701653261,39.52,Low Usability
4953,28.419063889822255,77.21028317602223,39.81,Low Usability
4954,28.423573888958977,77.21037689163919,40.91,Low Usability
4955,28.42808388482308,77.21047062883187,41.22,Low Usability
4956,28.432593877414185,77.2105643876042,45.78,Low Usability
4957,28.43710386673193,77.21065816796003,45.73,Low Usability
4958,28.441613852775912,77.2107519699033,43.21,Low Usability
4959,28.44612383554577,77.21084579343784,44.57,Low Usability
4960,28.450633815041098,77.21093963856757,45.43,Low Usability
4961,28.45514379126153,77.21103350529636,45.9,Low Usability
4962,28.45965376420669,77.21112739362816,46.41,Low Usability
4963,28.464163733876187,77.21122130356682,46.41,Low Usability
4964,28.468673700269644,77.21131523511625,42.51,Low Usability
4965,28.473183663386667,77.21140918828033,48.4,Low Usability
4966,28.477693623226894,77.21150316306296,51.07,Moderate Usability
4967,28.482203579789935,77.21159715946807,42.85,Low Usability
4968,28.48671353307541,77.21169117749953,53.43,Moderate Usability
4969,28.491223483082926,77.21178521716125,56.37,Moderate Usability
4970,28.495733429812137,77.21187927845718,46.1,Low Usability
4971,28.500243373262613,77.21197336139114,50.39,Moderate Usability
4972,28.504753313434023,77.2120674659671,49.04,Low Usability
4973,28.50926325032595,77.21216159218892,49.67,Low Usability
4974,28.513773183938028,77.21225574006058,48.56,Low Usability
4975,28.518283114269874,77.21234990958591,52.94,Moderate Usability
4976,28.522793041321115,77.21244410076886,60.42,Moderate Usability
4977,28.527302965091355,77.21253831361336,64.08,Moderate Usability
4978,28.531812885580226,77.21263254812328,54.43,Moderate Usability
4979,28.53632280278734,77.21272680430259,58.63,Moderate Usability
4980,28.540832716712334,77.21282108215517,50.19,Moderate Usability
4981,28.545342627354795,77.21291538168492,67.99,Moderate Usability
4982,28.549852534714372,77.21300970289579,54.52,Moderate Usability
4983,28.554362438790672,77.21310404579171,55.61,Moderate Usability
4984,28.55887233958333,77.21319841037658,56.62,Moderate Usability
4985,28.563382237091922,77.21329279665433,45.44,Low Usability
4986,28.567892131316125,77.21338720462889,48.09,Low Usability
4987,28.572402022255527,77.21348163430416,51.79,Moderate Usability
4988,28.576911909909754,77.21357608568407,55.89,Moderate Usability
4989,28.58142179427843,77.21367055877259,63.82,Moderate Usability
4990,28.58593167536117,77.21376505357361,69.64,Moderate Usability
4991,28.5904415531576,77.21385957009109,59.35,Moderate Usability
4992,28.594951427667326,77.21395410832892,55.64,Moderate Usability
4993,28.599461298889995,77.21404866829107,53.07,Moderate Usability
4994,28.603971166825207,77.21414324998146,53.11,Moderate Usability
4995,28.608481031472582,77.21423785340403,56.14,Moderate Usability
4996,28.612990892831753,77.21433247856272,71.09,Moderate Usability
4997,28.617500750902323,77.21442712546147,53.4,Moderate Usability
4998,28.62201060568393,77.2145217941042,50.86,Moderate Usability
4999,28.62652045717618,77.21461648449487,51.13,Moderate Usability
5000,28.63103030537871,77.2147111966374,56.14,Moderate Usability
5001,28.635540150291124,77.21480593053579,60.56,Moderate Usability
5002,28.64004999191307,77.21490068619391,46.91,Low Usability
5003,28.644559830244138,77.21499546361576,45.85,Low Usability
5004,28.64906966528396,77.21509026280528,45.06,Low Usability
5005,28.65357949703216,77.21518508376637,48.09,Low Usability
5006,28.65808932548835,77.21527992650306,48.29,Low Usability
5007,28.662599150652177,77.21537479101923,48.14,Low Usability
5008,28.66710897252323,77.21546967731888,49.59,Low Usability
5009,28.671618791101142,77.21556458540593,52.31,Moderate Usability
5010,28.676128606385557,77.21565951528436,52.95,Moderate Usability
5011,28.68063841837605,77.21575446695812,49.42,Low Usability
5012,28.685148227072286,77.21584944043114,53.29,Moderate Usability
5013,28.689658032473872,77.21594443570741,57.68,Moderate Usability
5014,28.6941678345804,77.21603945279092,61.02,Moderate Usability
5015,28.698677633391533,77.21613449168558,50.4,Moderate Usability
5016,28.703187428906883,77.21622955239536,51.08,Moderate Usability
5017,28.70769722112607,77.21632463492423,47.88,Low Usability
5018,28.71220701004871,77.21641973927616,50.3,Moderate Usability
5019,28.716716795674415,77.21651486545512,54.82,Moderate Usability
5020,28.72122657800283,77.21661001346509,47.26,Low Usability
5021,28.72573635703357,77.21670518331003,41.09,Low Usability
5022,28.730246132766236,77.21680037499388,58.57,Moderate Usability
5023,28.734755905200476,77.21689558852066,54.35,Moderate Usability
5024,28.7392656743359,77.2169908238943,57.6,Moderate Usability
5025,28.743775440172143,77.2170860811188,55.71,Moderate Usability
5026,28.748285202708814,77.21718136019813,54.63,Moderate Usability
5027,28.752794961945543,77.21727666113627,41.35,Low Usability
5028,28.757304717881937,77.2173719839372,42.37,Low Usability
5029,28.76181447051763,77.21746732860488,42.83,Low Usability
5030,28.76632421985225,77.21756269514333,45.1,Low Usability
5031,28.770833965885416,77.2176580835565,41.06,Low Usability
5032,28.77534370861675,77.21775349384839,41.33,Low Usability
5033,28.77948538530045,77.21742045404632,43.58,Low Usability
5034,28.784466107589907,77.217852965734,41.96,Low Usability
5035,28.787026979141764,77.21811076073078,41.3,Low Usability
5036,28.831057145082788,77.2164759715683,43.54,Low Usability
5037,28.834160605754754,77.21674195105443,43.42,Low Usability
5038,28.836347728090526,77.21654167178602,45.15,Low Usability
5039,28.41612551586734,77.21437667947903,41.31,Low Usability
5040,28.418992905432578,77.21537198581744,42.75,Low Usability
5041,28.423490935886917,77.21547847431083,43.52,Low Usability
5042,28.428000916225315,77.21557242741936,44.46,Low Usability
5043,28.43251089328945,77.21566640215718,41.76,Low Usability
5044,28.437020867078935,77.21576039852818,43.13,Low Usability
5045,28.441530837593366,77.21585441653622,43.77,Low Usability
5046,28.44604080483237,77.21594845618526,43.72,Low Usability
5047,28.450550768795587,77.21604251747921,41.86,Low Usability
5048,28.455060729482618,77.21613660042189,44.19,Low Usability
5049,28.459570686893088,77.21623070501728,45.43,Low Usability
5050,28.464080641026612,77.21632483126925,43.17,Low Usability
5051,28.4685905918828,77.2164189791817,42.41,Low Usability
5052,28.473100539461278,77.21651314875854,45.62,Low Usability
5053,28.477610483761676,77.21660734000368,46.12,Low Usability
5054,28.4821204247836,77.21670155292104,52.18,Moderate Usability
5055,28.486630362526657,77.21679578751453,53.96,Moderate Usability
5056,28.491140296990487,77.21689004378804,54.39,Moderate Usability
5057,28.495650228174707,77.2169843217455,45.02,Low Usability
5058,28.50016015607892,77.21707862139081,47.99,Low Usability
5059,28.504670080702766,77.2171729427279,47.5,Low Usability
5060,28.50918000204584,77.21726728576068,47.37,Low Usability
5061,28.51368992010778,77.21736165049309,46.91,Low Usability
5062,28.518199834888208,77.21745603692901,48.93,Low Usability
5063,28.522709746386727,77.21755044507238,53.5,Moderate Usability
5064,28.527219654602966,77.21764487492712,49.79,Low Usability
5065,28.531729559536526,77.21773932649714,54.68,Moderate Usability
5066,28.536239461187055,77.2178337997864,59.53,Moderate Usability
5067,28.540749359554145,77.21792829479878,68.51,Moderate Usability
5068,28.545259254637443,77.21802281153825,65.79,Moderate Usability
5069,28.54976914643655,77.21811735000873,64.22,Moderate Usability
5070,28.554279034951094,77.2182119102141,62.65,Moderate Usability
5071,28.558788920180685,77.21830649215835,55.21,Moderate Usability
5072,28.563298802124955,77.21840109584538,45.65,Low Usability
5073,28.567808680783514,77.21849572127915,64.36,Moderate Usability
5074,28.572318556155977,77.21859036846355,59.28,Moderate Usability
5075,28.57682842824198,77.21868503740257,50.63,Moderate Usability
5076,28.58133829704113,77.21877972810012,53.03,Moderate Usability
5077,28.585848162553045,77.2188744405601,57.31,Moderate Usability
5078,28.59035802477737,77.21896917478652,63.62,Moderate Usability
5079,28.594867883713682,77.21906393078329,65.08,Moderate Usability
5080,28.599377739361643,77.21915870855435,48.29,Low Usability
5081,28.603887591720856,77.21925350810365,53.65,Moderate Usability
5082,28.60839744079093,77.21934832943514,54.57,Moderate Usability
5083,28.612907286571502,77.21944317255272,63.58,Moderate Usability
5084,28.61741712906218,77.21953803746038,47.49,Low Usability
5085,28.621926968262585,77.2196329241621,49.73,Low Usability
5086,28.626436804172357,77.21972783266179,53.65,Moderate Usability
5087,28.630946636791084,77.21982276296336,65.87,Moderate Usability
5088,28.63545646611842,77.21991771507084,66.02,Moderate Usability
5089,28.639966292153975,77.22001268898815,48.06,Low Usability
5090,28.644476114897362,77.22010768471924,51.33,Moderate Usability
5091,28.648985934348193,77.22020270226807,49.22,Low Usability
5092,28.6534957505061,77.2202977416386,45.14,Low Usability
5093,28.65800556337072,77.2203928028348,47.09,Low Usability
5094,28.66251537294163,77.2204878858606,49.56,Low Usability
5095,28.667025179218502,77.22058299071999,53.98,Moderate Usability
5096,28.67153498220094,77.22067811741692,50.99,Moderate Usability
5097,28.67604478188853,77.22077326595537,48.15,Low Usability
5098,28.680554578280933,77.22086843633927,53.77,Moderate Usability
5099,28.68506437137777,77.22096362857266,54.14,Moderate Usability
5100,28.68957416117863,77.22105884265942,59.6,Moderate Usability
5101,28.694083947683172,77.22115407860356,51.14,Moderate Usability
5102,28.69859373089099,77.22124933640904,49.72,Low Usability
5103,28.70310351080172,77.22134461607986,52.79,Moderate Usability
5104,28.707613287414976,77.22143991761997,54.62,Moderate Usability
5105,28.712123060730384,77.22153524103338,57.68,Moderate Usability
5106,28.71663283074758,77.22163058632401,58.78,Moderate Usability
5107,28.721142597466155,77.22172595349585,47.19,Low Usability
5108,28.725652360885736,77.2218213425529,41.51,Low Usability
5109,28.730162121005964,77.22191675349913,59.24,Moderate Usability
5110,28.734671877826433,77.22201218633855,58.59,Moderate Usability
5111,28.73918163134681,77.2221076410751,47.49,Low Usability
5112,28.74369138156667,77.22220311771277,55.7,Moderate Usability
5113,28.748201128485665,77.22229861625556,53.0,Moderate Usability
5114,28.752710872103396,77.22239413670742,42.89,Low Usability
5115,28.757220612419502,77.2224896790724,45.83,Low Usability
5116,28.761730349433584,77.22258524335446,46.65,Low Usability
5117,28.76624008314529,77.22268082955756,44.06,Low Usability
5118,28.77074981355423,77.22277643768575,40.24,Low Usability
5119,28.775000482384147,77.2225933341954,41.73,Low Usability
5120,28.778068280900442,77.22106684914235,41.48,Low Usability
5121,28.785173805179525,77.22178158776936,41.39,Low Usability
5122,28.787062950796855,77.22250442593709,42.03,Low Usability
5123,28.419667213533675,77.22007304962304,45.95,Low Usability
5124,28.42340779189496,77.2205800353571,42.7,Low Usability
5125,28.427917756671956,77.22067420437756,45.04,Low Usability
5126,28.43242771817339,77.22076839507697,43.63,Low Usability
5127,28.436937676398877,77.22086260745922,41.56,Low Usability
5128,28.441447631348055,77.22095684152822,43.93,Low Usability
5129,28.445957583020505,77.22105109728787,41.1,Low Usability
5130,28.450467531415878,77.22114537474208,43.49,Low Usability
5131,28.454977476533784,77.22123967389476,45.22,Low Usability
5132,28.45948741837383,77.22133399474983,47.3,Low Usability
5133,28.46399735693565,77.2214283373112,45.85,Low Usability
5134,28.468507292218835,77.22152270158277,46.07,Low Usability
5135,28.47301722422303,77.22161708756849,44.86,Low Usability
5136,28.477527152947847,77.2217114952722,41.72,Low Usability
5137,28.482037078392906,77.2218059246979,41.93,Low Usability
5138,28.486547000557806,77.22190037584947,42.96,Low Usability
5139,28.491056919442205,77.22199484873086,42.87,Low Usability
5140,28.495566835045683,77.22208934334598,46.62,Low Usability
5141,28.500076747367874,77.22218385969873,48.34,Low Usability
5142,28.504586656408392,77.22227839779302,47.02,Low Usability
5143,28.50909656216686,77.22237295763286,47.84,Low Usability
5144,28.513606464642898,77.22246753922208,47.65,Low Usability
5145,28.51811636383612,77.22256214256466,53.66,Moderate Usability
5146,28.522626259746144,77.2226567676645,47.88,Low Usability
5147,28.527136152372595,77.22275141452559,48.79,Low Usability
5148,28.531646041715092,77.22284608315177,58.6,Moderate Usability
5149,28.536155927773244,77.22294077354704,68.22,Moderate Usability
5150,28.54066581054667,77.22303548571534,68.89,Moderate Usability
5151,28.545175690035002,77.22313021966058,65.16,Moderate Usability
5152,28.549685566237855,77.2232249753867,63.79,Moderate Usability
5153,28.554195439154853,77.22331975289762,61.5,Moderate Usability
5154,28.558705308785587,77.22341455219733,59.25,Moderate Usability
5155,28.563215175129713,77.2235093732897,56.75,Moderate Usability
5156,28.567725038186833,77.22360421617873,52.05,Moderate Usability
5157,28.572234897956566,77.22369908086837,45.15,Low Usability
5158,28.576744754438526,77.22379396736251,47.79,Low Usability
5159,28.58125460763234,77.22388887566515,53.98,Moderate Usability
5160,28.58576445753763,77.2239838057802,57.11,Moderate Usability
5161,28.59027430415401,77.22407875771162,50.42,Moderate Usability
5162,28.59478414748111,77.22417373146338,68.03,Moderate Usability
5163,28.599293987518546,77.2242687270394,61.3,Moderate Usability
5164,28.603803824265924,77.22436374444366,52.55,Moderate Usability
5165,28.608313657722874,77.2244587836801,52.54,Moderate Usability
5166,28.612823487889017,77.22455384475265,63.94,Moderate Usability
5167,28.61733331476396,77.22464892766533,47.91,Low Usability
5168,28.621843138347355,77.22474403242204,54.06,Moderate Usability
5169,28.626352958638787,77.22483915902676,47.11,Low Usability
5170,28.630862775637894,77.22493430748345,56.37,Moderate Usability
5171,28.6353725893443,77.22502947779606,46.2,Low Usability
5172,28.639882399757603,77.22512466996858,53.38,Moderate Usability
5173,28.644392206877445,77.22521988400497,57.61,Moderate Usability
5174,28.648902010703434,77.22531511990917,50.45,Moderate Usability
5175,28.653411811235205,77.22541037768515,45.41,Low Usability
5176,28.657921608472368,77.22550565733691,55.29,Moderate Usability
5177,28.662431402414548,77.2256009588684,51.64,Moderate Usability
5178,28.666941193061344,77.22569628228356,63.55,Moderate Usability
5179,28.67145098041241,77.22579162758642,64.93,Moderate Usability
5180,28.675960764467344,77.22588699478091,58.06,Moderate Usability
5181,28.680470545225777,77.22598238387103,60.19,Moderate Usability
5182,28.684980322687323,77.22607779486076,46.98,Low Usability
5183,28.689490096851618,77.22617322775402,48.65,Low Usability
5184,28.69399986771826,77.22626868255486,51.49,Moderate Usability
5185,28.69850963528688,77.22636415926722,48.83,Low Usability
5186,28.7030193995571,77.22645965789509,52.44,Moderate Usability
5187,28.707529160528544,77.22655517844247,60.21,Moderate Usability
5188,28.712038918200818,77.22665072091333,59.45,Moderate Usability
5189,28.716548672573584,77.22674628531163,49.54,Low Usability
5190,28.72105842364641,77.2268418716414,44.43,Low Usability
5191,28.725568171418956,77.22693747990662,47.31,Low Usability
5192,28.730077915890828,77.22703311011124,48.42,Low Usability
5193,28.734587657061635,77.2271287622593,46.44,Low Usability
5194,28.739097394931022,77.22722443635475,40.96,Low Usability
5195,28.743607129498596,77.2273201324016,37.33,Low Usability
5196,28.748116860763975,77.22741585040386,38.36,Low Usability
5197,28.75262658872681,77.22751159036548,37.35,Low Usability
5198,28.75713631338668,77.22760735229053,40.48,Low Usability
5199,28.76164603474323,77.22770313618295,42.95,Low Usability
5200,28.766155752796095,77.22779894204675,43.01,Low Usability
5201,28.77049941944989,77.22766178841047,39.82,Low Usability
5202,28.773688648433616,77.22638565521055,40.15,Low Usability
5203,28.420642809462972,77.22390994115507,40.46,Low Usability
5204,28.42348110906405,77.22553905624979,40.89,Low Usability
5205,28.427834406165957,77.22577595965684,50.74,Moderate Usability
5206,28.43234435206899,77.22587036631393,45.95,Low Usability
5207,28.436854294694772,77.22596479470353,45.16,Low Usability
5208,28.441364234042968,77.22605924482954,49.57,Low Usability
5209,28.445874170113143,77.22615371669589,48.9,Low Usability
5210,28.450384102904952,77.22624821030645,48.75,Low Usability
5211,28.454894032418,77.22634272566523,47.96,Low Usability
5212,28.459077051023925,77.22616180727043,44.63,Low Usability
5213,28.463970621819765,77.224993009401,41.49,Low Usability
5214,28.46863500489398,77.22568663789225,44.34,Low Usability
5215,28.4729767791746,77.22667082584725,42.58,Low Usability
5216,28.477443630788418,77.22681562881876,41.68,Low Usability
5217,28.481953540620857,77.22691027474889,42.14,Low Usability
5218,28.48646344717186,77.22700494245464,46.35,Low Usability
5219,28.49097335044105,77.22709963193998,46.5,Low Usability
5220,28.49548325042804,77.2271943432088,40.57,Low Usability
5221,28.49999314713245,77.22728907626507,42.25,Low Usability
5222,28.5045030405539,77.22738383111266,44.8,Low Usability
5223,28.50901293069199,77.22747860775556,46.96,Low Usability
5224,28.513522817546352,77.2275734061977,46.94,Low Usability
5225,28.51803270111662,77.227668226443,47.09,Low Usability
5226,28.522542581402384,77.22776306849542,52.74,Moderate Usability
5227,28.527052458403272,77.2278579323589,51.65,Moderate Usability
5228,28.531562332118913,77.22795281803732,54.82,Moderate Usability
5229,28.53607220254892,77.22804772553471,60.18,Moderate Usability
5230,28.540582069692903,77.22814265485495,63.67,Moderate Usability
5231,28.545091933550488,77.22823760600203,69.05,Moderate Usability
5232,28.549601794121298,77.22833257897985,65.71,Moderate Usability
5233,28.554111651404945,77.2284275737924,66.47,Moderate Usability
5234,28.558621505401042,77.2285225904436,56.17,Moderate Usability
5235,28.56313135610922,77.22861762893739,59.86,Moderate Usability
5236,28.567641203529103,77.22871268927776,61.95,Moderate Usability
5237,28.572151047660288,77.22880777146865,59.08,Moderate Usability
5238,28.57666088850241,77.22890287551398,49.8,Low Usability
5239,28.58117072605509,77.22899800141776,45.7,Low Usability
5240,28.585680560317943,77.22909314918392,56.73,Moderate Usability
5241,28.59019039129058,77.22918831881641,52.12,Moderate Usability
5242,28.594700218972633,77.2292835103192,58.2,Moderate Usability
5243,28.59921004336372,77.22937872369623,61.15,Moderate Usability
5244,28.60371986446344,77.22947395895149,58.59,Moderate Usability
5245,28.60822968227144,77.22956921608892,60.08,Moderate Usability
5246,28.612739496787327,77.2296644951125,65.63,Moderate Usability
5247,28.617249308010717,77.22975979602619,59.5,Moderate Usability
5248,28.621759115941238,77.22985511883395,49.79,Low Usability
5249,28.626268920578518,77.22995046353978,53.57,Moderate Usability
5250,28.63077872192215,77.2300458301476,56.75,Moderate Usability
5251,28.63528851997177,77.2301412186614,48.73,Low Usability
5252,28.639798314727,77.23023662908517,53.17,Moderate Usability
5253,28.64430810618744,77.23033206142287,43.75,Low Usability
5254,28.64881789435273,77.23042751567847,46.38,Low Usability
5255,28.653327679222496,77.23052299185595,42.18,Low Usability
5256,28.657837460796355,77.2306184899593,56.21,Moderate Usability
5257,28.662347239073917,77.23071400999248,54.01,Moderate Usability
5258,28.666857014054802,77.23080955195948,55.7,Moderate Usability
5259,28.671366785738638,77.23090511586425,69.68,Moderate Usability
5260,28.67587655412504,77.23100070171084,43.54,Low Usability
5261,28.68038631921361,77.23109630950319,38.57,Low Usability
5262,28.684896081004002,77.23119193924525,44.1,Low Usability
5263,28.68940583949582,77.2312875909411,44.8,Low Usability
5264,28.69391559468869,77.23138326459461,46.01,Low Usability
5265,28.69842534658224,77.23147896020988,45.68,Low Usability
5266,28.702935095176052,77.23157467779085,47.12,Low Usability
5267,28.70744484046979,77.23167041734149,39.65,Low Usability
5268,28.711954582463054,77.23176617886581,36.37,Low Usability
5269,28.716464321155474,77.23186196236782,46.23,Low Usability
5270,28.720974056546684,77.23195776785151,43.33,Low Usability
5271,28.725483788636257,77.23205359532089,37.17,Low Usability
5272,28.729993517423857,77.23214944477992,39.48,Low Usability
5273,28.73450324290909,77.23224531623262,32.97,Low Usability
5274,28.739012965091586,77.232341209683,34.63,Low Usability
5275,28.74352268397096,77.23243712513504,38.61,Low Usability
5276,28.748032399546815,77.23253306259275,44.29,Low Usability
5277,28.752542111818798,77.23262902206017,40.4,Low Usability
5278,28.757051820786533,77.23272500354128,35.63,Low Usability
5279,28.761543155118588,77.23279830719856,38.13,Low Usability
5280,28.76567975913,77.23197496154891,44.67,Low Usability
5281,28.76899762951747,77.23087231925372,42.05,Low Usability
5282,28.424464158759964,77.23011883940447,41.52,Low Usability
5283,28.42775086471035,77.23087769320752,43.16,Low Usability
5284,28.43226079497925,77.2309723158184,43.5,Low Usability
5285,28.436770721969634,77.23106696021144,41.63,Low Usability
5286,28.441280645681115,77.23116162639054,43.65,Low Usability
5287,28.445790566113306,77.23125631435967,42.08,Low Usability
5288,28.450300483265824,77.2313510241227,44.39,Low Usability
5289,28.454810397138278,77.23144575568361,40.96,Low Usability
5290,28.45832435719553,77.2313552273689,50.8,Moderate Usability
5291,28.474016356778293,77.2301411946512,50.25,Moderate Usability
5292,28.477613125686553,77.23163279132082,50.59,Moderate Usability
5293,28.481869811470467,77.23201460302424,51.35,Moderate Usability
5294,28.486379702371828,77.23210948728024,45.82,Low Usability
5295,28.490889589990072,77.23220439336559,44.57,Low Usability
5296,28.495399474324827,77.23229932128419,43.95,Low Usability
5297,28.49990935537568,77.23239427104,33.3,Low Usability
5298,28.504419233142293,77.23248924263702,44.95,Low Usability
5299,28.508929107624255,77.23258423607908,43.4,Low Usability
5300,28.513438978821195,77.23267925137017,47.91,Low Usability
5301,28.517948846732715,77.23277428851426,46.52,Low Usability
5302,28.522458711358453,77.23286934751529,46.36,Low Usability
5303,28.526968572698024,77.23296442837723,53.88,Moderate Usability
5304,28.531478430751022,77.23305953110395,58.36,Moderate Usability
5305,28.535988285517107,77.23315465569951,65.58,Moderate Usability
5306,28.54049813699586,77.23324980216776,69.04,Moderate Usability
5307,28.545007985186917,77.2333449705127,49.77,Low Usability
5308,28.549517830089883,77.2334401607383,55.09,Moderate Usability
5309,28.5540276717044,77.2335353728485,56.75,Moderate Usability
5310,28.558537510030078,77.23363060684726,69.75,Moderate Usability
5311,28.56304734506651,77.23372586273852,56.45,Moderate Usability
5312,28.567557176813345,77.23382114052627,55.23,Moderate Usability
5313,28.572067005270195,77.23391644021444,58.89,Moderate Usability
5314,28.57657683043667,77.23401176180705,54.32,Moderate Usability
5315,28.5810866523124,77.23410710530801,51.41,Moderate Usability
5316,28.585596470897006,77.23420247072131,50.58,Moderate Usability
5317,28.59010628619008,77.2342978580509,48.79,Low Usability
5318,28.594616098191267,77.23439326730076,58.39,Moderate Usability
5319,28.599125906900184,77.23448869847485,59.68,Moderate Usability
5320,28.603635712316432,77.23458415157714,53.98,Moderate Usability
5321,28.608145514439656,77.23467962661161,61.33,Moderate Usability
5322,28.61265531326945,77.23477512358224,65.52,Moderate Usability
5323,28.61716510880545,77.234870642493,60.66,Moderate Usability
5324,28.62167490104727,77.23496618334784,53.41,Moderate Usability
5325,28.626184689994545,77.23506174615078,62.79,Moderate Usability
5326,28.630694475646866,77.23515733090576,51.94,Moderate Usability
5327,28.635204258003867,77.23525293761678,50.86,Moderate Usability
5328,28.63971403706516,77.23534856628783,54.34,Moderate Usability
5329,28.644223812830376,77.23544421692289,45.05,Low Usability
5330,28.64873358529913,77.2355398895259,62.48,Moderate Usability
5331,28.65324335447103,77.2356355841009,60.12,Moderate Usability
5332,28.65775312034572,77.23573130065186,67.06,Moderate Usability
5333,28.6622628829228,77.23582703918275,51.08,Moderate Usability
5334,28.66677264220189,77.23592279969758,46.71,Low Usability
5335,28.671282398182626,77.23601858220033,41.39,Low Usability
5336,28.67579215086462,77.236114386695,42.46,Low Usability
5337,28.68030190024747,77.23621021318557,44.08,Low Usability
5338,28.684811646330832,77.23630606167605,45.31,Low Usability
5339,28.689321389114312,77.23640193217041,48.13,Low Usability
5340,28.69383112859752,77.23649782467267,49.89,Low Usability
5341,28.698340864780096,77.23659373918683,47.99,Low Usability
5342,28.70285059766163,77.23668967571687,53.46,Moderate Usability
5343,28.70736032724177,77.2367856342668,48.13,Low Usability
5344,28.71187005352012,77.23688161484064,45.94,Low Usability
5345,28.716379776496314,77.23697761744234,36.13,Low Usability
5346,28.720889496169963,77.23707364207594,46.39,Low Usability
5347,28.725399212540694,77.23716968874547,39.99,Low Usability
5348,28.72990892560812,77.23726575745492,34.58,Low Usability
5349,28.734418635371863,77.2373618482083,39.87,Low Usability
5350,28.73892834183156,77.23745796100957,40.37,Low Usability
5351,28.743438044986814,77.23755409586282,39.65,Low Usability
5352,28.747947744837244,77.23765025277201,42.01,Low Usability
5353,28.752457441382468,77.23774643174117,41.76,Low Usability
5354,28.75692214388512,77.23780525217829,43.1,Low Usability
5355,28.760493904035535,77.23624313223101,40.7,Low Usability
5356,28.42534311902244,77.23357689750532,41.3,Low Usability
5357,28.42812710599658,77.2356575189381,42.68,Low Usability
5358,28.432177046907185,77.23607424354071,41.29,Low Usability
5359,28.436686958226442,77.23616910393325,41.29,Low Usability
5360,28.44119686626551,77.23626398616153,44.5,Low Usability
5361,28.445706771023982,77.23635889022951,44.24,Low Usability
5362,28.450216672501487,77.23645381614108,42.66,Low Usability
5363,28.454419333648595,77.23620546226262,44.5,Low Usability
5364,28.457527559318738,77.23468147982294,42.04,Low Usability
5365,28.478894568227872,77.23525627140516,40.93,Low Usability
5366,28.482052952399027,77.23682707801345,50.96,Moderate Usability
5367,28.486295766160715,77.23721401027652,50.01,Moderate Usability
5368,28.490805638092258,77.23730913295793,43.51,Low Usability
5369,28.49531550673902,77.23740427752242,43.19,Low Usability
5370,28.499825372100588,77.23749944397385,44.62,Low Usability
5371,28.504335234176597,77.23759463231625,41.51,Low Usability
5372,28.50884509296668,77.23768984255355,49.6,Low Usability
5373,28.51335494847041,77.23778507468967,47.95,Low Usability
5374,28.517864800687448,77.23788032872861,44.47,Low Usability
5375,28.522374649617383,77.23797560467429,47.76,Low Usability
5376,28.526884495259843,77.23807090253071,59.77,Moderate Usability
5377,28.531394337614447,77.2381662223018,64.93,Moderate Usability
5378,28.535904176680816,77.23826156399154,55.5,Moderate Usability
5379,28.540414012458566,77.23835692760387,62.16,Moderate Usability
5380,28.544923844947306,77.23845231314274,50.5,Moderate Usability
5381,28.549433674146652,77.23854772061215,51.85,Moderate Usability
5382,28.55394350005625,77.23864315001606,61.0,Moderate Usability
5383,28.558453322675692,77.23873860135839,61.45,Moderate Usability
5384,28.5629631420046,77.23883407464318,59.44,Moderate Usability
5385,28.5674729580426,77.23892956987437,59.28,Moderate Usability
5386,28.571982770789315,77.2390250870559,66.74,Moderate Usability
5387,28.576492580244334,77.23912062619176,54.26,Moderate Usability
5388,28.581002386407302,77.23921618728593,57.05,Moderate Usability
5389,28.585512189277846,77.2393117703424,54.06,Moderate Usability
5390,28.590021988855543,77.2394073753651,48.34,Low Usability
5391,28.594531785140052,77.23950300235808,61.53,Moderate Usability
5392,28.59904157813098,77.23959865132525,53.9,Moderate Usability
5393,28.603551367827947,77.23969432227061,56.33,Moderate Usability
5394,28.608061154230548,77.23979001519814,58.67,Moderate Usability
5395,28.61257093733844,77.23988573011184,63.97,Moderate Usability
5396,28.617080717151218,77.23998146701568,52.01,Moderate Usability
5397,28.621590493668506,77.24007722591364,51.1,Moderate Usability
5398,28.62610026688994,77.24017300680971,60.8,Moderate Usability
5399,28.630610036815092,77.2402688097079,57.09,Moderate Usability
5400,28.635119803443636,77.24036463461215,56.35,Moderate Usability
5401,28.639629566775163,77.24046048152648,63.67,Moderate Usability
5402,28.64413932680928,77.24055635045491,59.21,Moderate Usability
5403,28.648649083545635,77.24065224140138,71.34,Moderate Usability
5404,28.653158836983835,77.24074815436991,64.32,Moderate Usability
5405,28.65766858712348,77.24084408936449,58.52,Moderate Usability
5406,28.662178333964235,77.24094004638911,45.58,Low Usability
5407,28.666688077505682,77.2410360254478,43.22,Low Usability
5408,28.67119781774744,77.2411320265445,46.92,Low Usability
5409,28.675707554689147,77.24122804968327,52.0,Moderate Usability
5410,28.680217288330415,77.24132409486808,43.74,Low Usability
5411,28.68472701867088,77.24142016210294,46.28,Low Usability
5412,28.68923674571013,77.24151625139186,51.01,Moderate Usability
5413,28.6937464694478,77.24161236273883,51.62,Moderate Usability
5414,28.69825618988351,77.24170849614788,47.89,Low Usability
5415,28.70276590701689,77.24180465162301,48.28,Low Usability
5416,28.707275620847533,77.24190082916823,50.0,Low Usability
5417,28.711785331375083,77.24199702878754,51.6,Moderate Usability
5418,28.716295038599153,77.24209325048494,47.31,Low Usability
5419,28.720804742519352,77.24218949426448,42.84,Low Usability
5420,28.725314443135332,77.24228576013017,42.45,Low Usability
5421,28.72982414044668,77.24238204808601,42.27,Low Usability
5422,28.734333834453025,77.24247835813603,44.68,Low Usability
5423,28.738843525153996,77.24257469028423,43.81,Low Usability
5424,28.743353212549206,77.24267104453463,45.18,Low Usability
5425,28.74786289663828,77.24276742089128,51.08,Moderate Usability
5426,28.75237257742083,77.24286381935818,49.14,Low Usability
5427,28.75651706883751,77.24286844777107,50.67,Moderate Usability
5428,28.42911156476314,77.23954889029834,45.77,Low Usability
5429,28.432332372107336,77.24052558501866,44.8,Low Usability
5430,28.436644778363604,77.24115962668547,40.47,Low Usability
5431,28.44111289579916,77.24136632409284,43.23,Low Usability
5432,28.4455544906982,77.24127215225529,44.4,Low Usability
5433,28.449800056886396,77.24051489592951,41.43,Low Usability
5434,28.453100712111098,77.23961337225155,43.97,Low Usability
5435,28.483326033255747,77.24044953179796,40.76,Low Usability
5436,28.48637912356951,77.24220361368077,50.19,Moderate Usability
5437,28.490721494750648,77.24241385066723,47.88,Low Usability
5438,28.495231347673666,77.2425092118736,41.4,Low Usability
5439,28.499741197310186,77.24260459501673,42.17,Low Usability
5440,28.504251043659853,77.24270000010058,43.3,Low Usability
5441,28.508760886722275,77.24279542712915,56.51,Moderate Usability
5442,28.513270726497055,77.24289087610633,60.24,Moderate Usability
5443,28.517780562983823,77.24298634703618,48.93,Low Usability
5444,28.522290396182193,77.24308183992258,55.45,Moderate Usability
5445,28.52680022609179,77.24317735476956,59.34,Moderate Usability
5446,28.53131005271221,77.24327289158101,66.25,Moderate Usability
5447,28.5358198760431,77.24336845036099,58.76,Moderate Usability
5448,28.540329696084058,77.24346403111342,54.36,Moderate Usability
5449,28.5448395128347,77.24355963384225,56.77,Moderate Usability
5450,28.549349326294642,77.24365525855153,64.08,Moderate Usability
5451,28.553859136463522,77.24375090524515,64.47,Moderate Usability
5452,28.558368943340945,77.24384657392713,54.53,Moderate Usability
5453,28.562878746926533,77.24394226460144,50.27,Moderate Usability
5454,28.56738854721989,77.24403797727207,58.38,Moderate Usability
5455,28.571898344220656,77.24413371194296,48.7,Low Usability
5456,28.57640813792843,77.24422946861814,46.83,Low Usability
5457,28.58091792834283,77.24432524730156,57.04,Moderate Usability
5458,28.5854277154635,77.24442104799722,51.5,Moderate Usability
5459,28.589937499290023,77.2445168707091,55.11,Moderate Usability
5460,28.594447279822035,77.24461271544118,63.77,Moderate Usability
5461,28.59895705705916,77.24470858219746,64.17,Moderate Usability
5462,28.603466831001,77.2448044709819,54.85,Moderate Usability
5463,28.60797660164719,77.24490038179852,62.54,Moderate Usability
5464,28.612486368997338,77.2449963146513,60.12,Moderate Usability
5465,28.616996133051064,77.24509226954424,44.55,Low Usability
5466,28.621505893807985,77.24518824648133,49.35,Low Usability
5467,28.62601565126772,77.24528424546655,54.25,Moderate Usability
5468,28.6305254054299,77.24538026650393,53.25,Moderate Usability
5469,28.635035156294123,77.24547630959745,59.79,Moderate Usability
5470,28.639544903860028,77.24557237475108,65.19,Moderate Usability
5471,28.644054648127224,77.24566846196885,64.62,Moderate Usability
5472,28.648564389095313,77.24576457125477,60.16,Moderate Usability
5473,28.653074126763947,77.24586070261284,59.77,Moderate Usability
5474,28.657583861132725,77.24595685604704,61.89,Moderate Usability
5475,28.662093592201266,77.2460530315614,43.25,Low Usability
5476,28.6666033199692,77.24614922915991,46.73,Low Usability
5477,28.671113044436147,77.24624544884662,43.52,Low Usability
5478,28.675622765601698,77.24634169062547,45.08,Low Usability
5479,28.6801324834655,77.24643795450054,41.49,Low Usability
5480,28.68464219802717,77.24653424047577,40.66,Low Usability
5481,28.689151909286327,77.24663054855523,51.89,Moderate Usability
5482,28.693661617242572,77.24672687874292,51.8,Moderate Usability
5483,28.698171321895533,77.24682323104285,45.12,Low Usability
5484,28.702681023244853,77.24691960545907,47.33,Low Usability
5485,28.70719072129012,77.24701600199555,49.59,Low Usability
5486,28.711700416030975,77.24711242065632,46.07,Low Usability
5487,28.71621010746702,77.24720886144544,46.12,Low Usability
5488,28.720719795597894,77.24730532436689,42.63,Low Usability
5489,28.725229480423195,77.2474018094247,44.72,Low Usability
5490,28.72973916194257,77.24749831662292,45.1,Low Usability
5491,28.734248840155622,77.24759484596557,49.49,Low Usability
5492,28.738758515061964,77.24769139745666,50.18,Moderate Usability
5493,28.743268186661222,77.24778797110022,50.32,Moderate Usability
5494,28.747777854953018,77.2478845669003,49.15,Low Usability
5495,28.752287519936992,77.24798118486092,45.91,Low Usability
5496,28.755977088171683,77.24768421554043,46.55,Low Usability
5497,28.43871968820401,77.24387900476495,45.0,Low Usability
5498,28.441274037367805,77.24404631298837,43.42,Low Usability
5499,28.443419537204093,77.24398533603868,45.0,Low Usability
5500,28.486676336300647,77.24737321216674,51.1,Moderate Usability
5501,28.490637159968273,77.24751854644374,45.08,Low Usability
5502,28.495146997131787,77.24761412428802,39.95,Low Usability
5503,28.49965683100752,77.24770972411888,43.77,Low Usability
5504,28.504166661595086,77.24780534594025,46.71,Low Usability
5505,28.508676488894086,77.2479009897561,55.89,Moderate Usability
5506,28.513186312904146,77.24799665557042,64.83,Moderate Usability
5507,28.517696133624884,77.24809234338717,55.8,Moderate Usability
5508,28.522205951055923,77.24818805321031,54.66,Moderate Usability
5509,28.526715765196872,77.24828378504385,63.03,Moderate Usability
5510,28.531225576047344,77.24837953889174,61.32,Moderate Usability
5511,28.535735383606973,77.24847531475795,66.74,Moderate Usability
5512,28.540245187875367,77.24857111264653,51.16,Moderate Usability
5513,28.54475498885213,77.24866693256136,60.88,Moderate Usability
5514,28.549264786536888,77.2487627745065,67.35,Moderate Usability
5515,28.55377458092927,77.24885863848588,55.96,Moderate Usability
5516,28.55828437202889,77.24895452450352,45.84,Low Usability
5517,28.562794159835345,77.2490504325634,51.15,Moderate Usability
5518,28.567303944348268,77.24914636266948,71.64,Moderate Usability
5519,28.57181372556729,77.24924231482579,58.49,Moderate Usability
5520,28.576323503492006,77.24933828903627,47.36,Low Usability
5521,28.580833278122054,77.24943428530499,42.98,Low Usability
5522,28.585343049457023,77.24953030363584,51.34,Moderate Usability
5523,28.589852817496556,77.24962634403288,57.68,Moderate Usability
5524,28.594362582240258,77.2497224065001,61.63,Moderate Usability
5525,28.598872343687756,77.24981849104148,61.98,Moderate Usability
5526,28.60338210183866,77.24991459766103,58.55,Moderate Usability
5527,28.607891856692596,77.25001072636273,61.95,Moderate Usability
5528,28.61240160824918,77.2501068771506,59.29,Moderate Usability
5529,28.616911356508023,77.25020305002867,47.31,Low Usability
5530,28.621421101468744,77.25029924500089,47.33,Low Usability
5531,28.62593084313097,77.25039546207127,45.83,Low Usability
5532,28.63044058149432,77.25049170124383,46.36,Low Usability
5533,28.634950316558395,77.25058796252257,46.86,Low Usability
5534,28.639460048322835,77.25068424591153,62.72,Moderate Usability
5535,28.64396977678724,77.25078055141468,59.9,Moderate Usability
5536,28.648479501951243,77.25087687903604,61.47,Moderate Usability
5537,28.65298922381444,77.25097322877963,59.26,Moderate Usability
5538,28.657498942376485,77.25106960064947,43.79,Low Usability
5539,28.662008657636974,77.25116599464954,39.43,Low Usability
5540,28.66651836959554,77.2512624107839,50.6,Moderate Usability
5541,28.671028078251776,77.25135884905654,51.73,Moderate Usability
5542,28.675537783605325,77.2514553094715,41.95,Low Usability
5543,28.680047485655784,77.25155179203277,39.33,Low Usability
5544,28.684557184402788,77.2516482967444,44.06,Low Usability
5545,28.68906687984596,77.2517448236104,45.72,Low Usability
5546,28.693576571984906,77.25184137263477,41.74,Low Usability
5547,28.698086260819256,77.25193794382159,37.04,Low Usability
5548,28.702595946348627,77.25203453717485,42.4,Low Usability
5549,28.707105628572624,77.2521311526986,46.98,Low Usability
5550,28.71161530749088,77.2522277903968,43.6,Low Usability
5551,28.716124983103015,77.25232445027358,47.45,Low Usability
5552,28.72063465540866,77.25242113233294,45.29,Low Usability
5553,28.72514432440741,77.25251783657886,41.92,Low Usability
5554,28.729653990098882,77.2526145630154,46.48,Low Usability
5555,28.734163652482717,77.25271131164666,46.69,Low Usability
5556,28.738673311558518,77.2528080824766,47.06,Low Usability
5557,28.742789750890203,77.25217107226929,47.59,Low Usability
5558,28.7478625061404,77.2513821507577,47.27,Low Usability
5559,28.752064442136213,77.25167623969675,44.94,Low Usability
5560,28.754792244117894,77.25090379608251,42.61,Low Usability
5561,28.48685517481446,77.25243751326829,42.99,Low Usability
5562,28.490552633748155,77.25262322023764,42.68,Low Usability
5563,28.49506245511643,77.25271901471592,44.76,Low Usability
5564,28.499572273195614,77.25281483123051,41.9,Low Usability
5565,28.504082087985317,77.25291066978542,46.45,Low Usability
5566,28.50859189948515,77.2530065303846,49.19,Low Usability
5567,28.51310170769473,77.25310241303205,56.49,Moderate Usability
5568,28.517611512613687,77.25319831773173,54.2,Moderate Usability
5569,28.52212131424162,77.25329424448766,60.49,Moderate Usability
5570,28.52663111257815,77.2533901933038,58.14,Moderate Usability
5571,28.531140907622902,77.25348616418412,60.29,Moderate Usability
5572,28.535650699375502,77.25358215713266,53.23,Moderate Usability
5573,28.540160487835543,77.25367817215334,62.3,Moderate Usability
5574,28.544670273002648,77.25377420925021,54.2,Moderate Usability
5575,28.549180054876437,77.25387026842722,68.28,Moderate Usability
5576,28.553689833456517,77.25396634968837,62.67,Moderate Usability
5577,28.558199608742544,77.25406245303769,60.47,Moderate Usability
5578,28.562709380734084,77.25415857847912,57.37,Moderate Usability
5579,28.56721914943078,77.25425472601668,56.49,Moderate Usability
5580,28.571728914832264,77.25435089565438,49.48,Low Usability
5581,28.576238676938132,77.2544470873962,45.41,Low Usability
5582,28.580748435747996,77.25454330124619,49.63,Low Usability
5583,28.58525819126148,77.25463953720828,50.21,Moderate Usability
5584,28.589767943478197,77.25473579528649,71.83,Moderate Usability
5585,28.59427769239778,77.25483207548486,59.43,Moderate Usability
5586,28.59878743801984,77.25492837780736,59.12,Moderate Usability
5587,28.603297180343986,77.25502470225798,58.83,Moderate Usability
5588,28.607806919369846,77.25512104884079,51.43,Moderate Usability
5589,28.612316655097032,77.25521741755976,40.78,Low Usability
5590,28.616826387525165,77.25531380841892,42.39,Low Usability
5591,28.62133611665386,77.25541022142227,42.28,Low Usability
5592,28.62584584248273,77.2555066565738,39.63,Low Usability
5593,28.630355565011413,77.25560311387754,40.05,Low Usability
5594,28.6348652842395,77.25569959333754,43.59,Low Usability
5595,28.63937500016663,77.25579609495777,58.79,Moderate Usability
5596,28.643884712792406,77.25589261874228,46.46,Low Usability
5597,28.64839442211645,77.2559891646951,45.9,Low Usability
5598,28.65290412813839,77.25608573282021,44.91,Low Usability
5599,28.65741383085784,77.25618232312162,40.53,Low Usability
5600,28.661923530274418,77.25627893560342,48.18,Low Usability
5601,28.666433226387728,77.25637557026958,45.26,Low Usability
5602,28.670942919197415,77.25647222712418,43.35,Low Usability
5603,28.675452608703075,77.2565689061712,46.06,Low Usability
5604,28.67996229490433,77.25666560741467,45.68,Low Usability
5605,28.684471977800808,77.25676233085865,37.03,Low Usability
5606,28.68898165739212,77.25685907650715,38.66,Low Usability
5607,28.69349133367788,77.2569558443642,40.31,Low Usability
5608,28.698001006657734,77.25705263443386,39.66,Low Usability
5609,28.702510676331265,77.25714944672016,42.17,Low Usability
5610,28.70702034269811,77.2572462812271,40.44,Low Usability
5611,28.711530005757893,77.25734313795877,46.95,Low Usability
5612,28.71603966551022,77.25744001691915,46.17,Low Usability
5613,28.72054932195471,77.25753691811235,46.64,Low Usability
5614,28.725058975091006,77.25763384154236,49.36,Low Usability
5615,28.729568624918688,77.25773078721322,48.12,Low Usability
5616,28.7340782714374,77.25782775512904,45.42,Low Usability
5617,28.737835337224162,77.25752277278839,45.14,Low Usability
5618,28.74089733377835,77.25542473851503,45.0,Low Usability
5619,28.487483106382136,77.25661525023901,39.67,Low Usability
5620,28.490476572181283,77.25771872782924,40.14,Low Usability
5621,28.494977721630637,77.25782388310748,40.78,Low Usability
5622,28.49948752387751,77.25791991630184,43.99,Low Usability
5623,28.5039973228336,77.2580159715863,47.63,Low Usability
5624,28.508507118498514,77.25811204896483,45.3,Low Usability
5625,28.51301691087186,77.25820814844144,50.58,Moderate Usability
5626,28.51752669995326,77.2583042700201,47.06,Low Usability
5627,28.522036485742333,77.25840041370479,43.55,Low Usability
5628,28.526546268238683,77.25849657949954,52.43,Moderate Usability
5629,28.531056047441936,77.25859276740832,51.63,Moderate Usability
5630,28.53556582335172,77.25868897743516,43.02,Low Usability
5631,28.540075595967632,77.25878520958402,58.24,Moderate Usability
5632,28.544585365289297,77.25888146385888,59.25,Moderate Usability
5633,28.549095131316335,77.2589777402638,64.43,Moderate Usability
5634,28.55360489404836,77.25907403880274,61.2,Moderate Usability
5635,28.55811465348498,77.2591703594797,58.96,Moderate Usability
5636,28.56262440962582,77.2592667022987,49.79,Low Usability
5637,28.56713416247049,77.25936306726379,52.36,Moderate Usability
5638,28.571643912018622,77.25945945437888,55.06,Moderate Usability
5639,28.57615365826983,77.25955586364803,50.37,Moderate Usability
5640,28.58066340122371,77.25965229507527,49.49,Low Usability
5641,28.58517314087991,77.25974874866458,49.65,Low Usability
5642,28.589682877238,77.25984522441998,68.55,Moderate Usability
5643,28.59419261029765,77.25994172234546,59.54,Moderate Usability
5644,28.598702340058463,77.26003824244505,50.26,Moderate Usability
5645,28.603212066520026,77.26013478472278,42.31,Low Usability
5646,28.607721789681985,77.26023134918267,39.78,Low Usability
5647,28.612231509543957,77.26032793582874,47.03,Low Usability
5648,28.61674122610555,77.26042454466497,48.84,Low Usability
5649,28.621250939366377,77.26052117569544,47.67,Low Usability
5650,28.62576064932608,77.26061782892413,48.38,Low Usability
5651,28.63027035598424,77.26071450435504,51.41,Moderate Usability
5652,28.634780059340503,77.26081120199223,38.96,Low Usability
5653,28.639289759394487,77.26090792183977,41.93,Low Usability
5654,28.643799456145782,77.2610046639016,44.78,Low Usability
5655,28.648309149594034,77.2611014281818,39.99,Low Usability
5656,28.65281883973885,77.26119821468441,43.96,Low Usability
5657,28.657328526579843,77.26129502341344,46.5,Low Usability
5658,28.661838210116645,77.2613918543729,40.7,Low Usability
5659,28.666347890348867,77.26148870756685,42.25,Low Usability
5660,28.670857567276126,77.26158558299936,43.22,Low Usability
5661,28.67536724089803,77.26168248067442,55.17,Moderate Usability
5662,28.679876911214205,77.26177940059607,46.04,Low Usability
5663,28.684386578224288,77.26187634276837,39.03,Low Usability
5664,28.688896241927875,77.26197330719536,38.61,Low Usability
5665,28.693405902324578,77.26207029388105,38.53,Low Usability
5666,28.697915559414028,77.26216730282952,42.16,Low Usability
5667,28.702425213195855,77.26226433404479,43.65,Low Usability
5668,28.70693486366966,77.26236138753093,40.03,Low Usability
5669,28.71144451083506,77.26245846329195,46.9,Low Usability
5670,28.715954154691683,77.26255556133194,43.35,Low Usability
5671,28.720463795239144,77.26265268165496,41.32,Low Usability
5672,28.724973432477064,77.262749824265,41.52,Low Usability
5673,28.72948306640507,77.26284698916615,39.92,Low Usability
5674,28.733992697022767,77.26294417636247,42.52,Low Usability
5675,28.737479377943362,77.26320066886659,46.16,Low Usability
5676,28.491261347691637,77.26201076972391,40.52,Low Usability
5677,28.494892796677455,77.26292872941292,41.96,Low Usability
5678,28.499402583056288,77.26302497928309,45.28,Low Usability
5679,28.503912366143012,77.26312125129309,45.55,Low Usability
5680,28.508422145937228,77.26321754544699,53.9,Moderate Usability
5681,28.51293192243858,77.26331386174877,51.3,Moderate Usability
5682,28.517441695646667,77.26341020020239,44.11,Low Usability
5683,28.521951465561102,77.26350656081188,45.84,Low Usability
5684,28.526461232181514,77.26360294358126,57.21,Moderate Usability
5685,28.53097099550751,77.26369934851449,56.28,Moderate Usability
5686,28.535480755538696,77.26379577561562,43.41,Low Usability
5687,28.539990512274706,77.26389222488864,58.32,Moderate Usability
5688,28.544500265715158,77.26398869633753,69.11,Moderate Usability
5689,28.549010015859643,77.26408518996635,61.44,Moderate Usability
5690,28.55351976270782,77.26418170577907,63.48,Moderate Usability
5691,28.55802950625926,77.2642782437797,62.3,Moderate Usability
5692,28.562539246513598,77.26437480397227,50.54,Moderate Usability
5693,28.567048983470453,77.26447138636081,53.25,Moderate Usability
5694,28.571558717129445,77.2645679909493,58.33,Moderate Usability
5695,28.576068447490183,77.26466461774179,54.66,Moderate Usability
5696,28.58057817455229,77.26476126674228,48.61,Low Usability
5697,28.585087898315372,77.26485793795477,48.17,Low Usability
5698,28.589597618779045,77.26495463138333,45.92,Low Usability
5699,28.594107335942955,77.26505134703194,53.76,Moderate Usability
5700,28.598617049806688,77.26514808490465,42.43,Low Usability
5701,28.60312676036986,77.26524484500545,52.58,Moderate Usability
5702,28.6076364676321,77.2653416273384,46.13,Low Usability
5703,28.61214617159303,77.26543843190751,47.09,Low Usability
5704,28.616655872252256,77.26553525871684,47.46,Low Usability
5705,28.621165569609396,77.26563210777037,47.15,Low Usability
5706,28.625675263664068,77.26572897907216,48.07,Low Usability
5707,28.630184954415896,77.26582587262625,49.59,Low Usability
5708,28.634694641864492,77.26592278843665,45.61,Low Usability
5709,28.639204326009477,77.26601972650742,48.22,Low Usability
5710,28.643714006850466,77.26611668684257,42.35,Low Usability
5711,28.648223684387066,77.26621366944613,42.0,Low Usability
5712,28.652733358618892,77.2663106743222,49.46,Low Usability
5713,28.6572430295456,77.26640770147479,44.0,Low Usability
5714,28.66175269716676,77.26650475090791,39.6,Low Usability
5715,28.666262361482026,77.26660182262563,40.37,Low Usability
5716,28.670772022490986,77.26669891663198,45.03,Low Usability
5717,28.675281680193283,77.26679603293104,43.03,Low Usability
5718,28.679791334588515,77.26689317152685,40.54,Low Usability
5719,28.68430098567631,77.2669903324234,38.27,Low Usability
5720,28.68881063345629,77.26708751562484,38.41,Low Usability
5721,28.693320277928063,77.26718472113511,41.72,Low Usability
5722,28.697829919091244,77.26728194895834,49.95,Low Usability
5723,28.70233955694548,77.26737919909858,56.26,Moderate Usability
5724,28.706849191490353,77.26747647155985,42.4,Low Usability
5725,28.711358822725487,77.26757376634622,43.83,Low Usability
5726,28.715868450650518,77.26767108346175,43.9,Low Usability
5727,28.72037807526505,77.26776842291049,46.43,Low Usability
5728,28.72488769656872,77.26786578469654,45.84,Low Usability
5729,28.72939731456112,77.2679631688239,40.73,Low Usability
5730,28.733906929241893,77.26806057529669,41.88,Low Usability
5731,28.737529213210554,77.26798534604487,42.53,Low Usability
5732,28.492586501063037,77.26544350273159,45.0,Low Usability
5733,28.495552319607935,77.26733340247539,49.39,Low Usability
5734,28.49931745073499,77.26813002012445,45.19,Low Usability
5735,28.50382721791659,77.26822650885602,47.63,Low Usability
5736,28.508336981804373,77.26832301978129,63.4,Moderate Usability
5737,28.512846742397958,77.26841955290423,46.66,Low Usability
5738,28.517356499696973,77.26851610822882,42.23,Low Usability
5739,28.52186625370102,77.26861268575911,44.32,Low Usability
5740,28.52637600440971,77.26870928549909,56.83,Moderate Usability
5741,28.530885751822662,77.26880590745279,56.51,Moderate Usability
5742,28.53539549593949,77.26890255162421,47.22,Low Usability
5743,28.53990523675983,77.26899921801737,47.93,Low Usability
5744,28.544414974283274,77.26909590663627,63.02,Moderate Usability
5745,28.54892470850945,77.26919261748499,49.57,Low Usability
5746,28.553434439437964,77.26928935056746,50.85,Moderate Usability
5747,28.557944167068445,77.26938610588778,48.83,Low Usability
5748,28.562453891400487,77.26948288344988,63.22,Moderate Usability
5749,28.56696361243374,77.26957968325787,49.15,Low Usability
5750,28.571473330167798,77.26967650531576,47.18,Low Usability
5751,28.575983044602268,77.26977334962753,51.74,Moderate Usability
5752,28.580492755736785,77.26987021619726,49.02,Low Usability
5753,28.585002463570966,77.26996710502894,51.71,Moderate Usability
5754,28.58951216810441,77.27006401612664,47.68,Low Usability
5755,28.594021869336753,77.27016094949433,44.81,Low Usability
5756,28.5985315672676,77.27025790513609,47.86,Low Usability
5757,28.603041261896557,77.27035488305597,55.09,Moderate Usability
5758,28.607550953223264,77.27045188325796,48.11,Low Usability
5759,28.612060641247325,77.27054890574611,48.16,Low Usability
5760,28.616570325968357,77.27064595052445,51.06,Moderate Usability
5761,28.621080007385974,77.27074301759706,46.83,Low Usability
5762,28.625589685499815,77.27084010696794,51.81,Moderate Usability
5763,28.630099360309462,77.27093721864114,50.01,Moderate Usability
5764,28.63460903181454,77.27103435262069,47.37,Low Usability
5765,28.639118700014684,77.27113150891067,56.1,Moderate Usability
5766,28.643628364909507,77.27122868751508,53.55,Moderate Usability
5767,28.648138026498614,77.27132588843801,49.24,Low Usability
5768,28.65264768478162,77.27142311168349,48.14,Low Usability
5769,28.657157339758164,77.27152035725558,48.33,Low Usability
5770,28.661666991427843,77.27161762515831,42.05,Low Usability
5771,28.66617663979029,77.27171491539575,43.01,Low Usability
5772,28.67068628484511,77.27181222797195,45.45,Low Usability
5773,28.67519592659192,77.27190956289094,43.09,Low Usability
5774,28.67970556503034,77.27200692015684,42.37,Low Usability
5775,28.684215200159983,77.27210429977363,40.68,Low Usability
5776,28.688724831980483,77.27220170174543,46.64,Low Usability
5777,28.693234460491436,77.27229912607626,39.74,Low Usability
5778,28.697744085692477,77.2723965727702,53.6,Moderate Usability
5779,28.70225370758323,77.27249404183131,51.2,Moderate Usability
5780,28.706763326163276,77.27259153326365,41.84,Low Usability
5781,28.711272941432263,77.27268904707131,43.09,Low Usability
5782,28.715782553389815,77.27278658325831,42.26,Low Usability
5783,28.720292162035523,77.27288414182875,39.81,Low Usability
5784,28.724801767369033,77.27298172278671,45.11,Low Usability
5785,28.729311369389944,77.27307932613625,42.22,Low Usability
5786,28.733767186976923,77.27311739154133,43.2,Low Usability
5787,28.736864790212632,77.27192685934115,41.3,Low Usability
5788,28.496887496253567,77.27079296831538,40.49,Low Usability
5789,28.499404492314063,77.27315027169878,41.85,Low Usability
5790,28.503741878157406,77.2733317442253,47.51,Low Usability
5791,28.508251626102997,77.27342847191792,47.97,Low Usability
5792,28.512761370753076,77.27352522185802,43.51,Low Usability
5793,28.51727111210725,77.27362199404958,43.25,Low Usability
5794,28.52178085016513,77.27371878849664,49.14,Low Usability
5795,28.52629058492634,77.27381560520323,49.67,Low Usability
5796,28.530800316390483,77.27391244417335,44.47,Low Usability
5797,28.535310044557182,77.27400930541106,47.38,Low Usability
5798,28.539819769426074,77.27410618892036,56.27,Moderate Usability
5799,28.544329490996745,77.27420309470526,69.53,Moderate Usability
5800,28.548839209268806,77.27430002276981,52.5,Moderate Usability
5801,28.553348924241902,77.27439697311806,51.57,Moderate Usability
5802,28.557858635915622,77.274493945754,57.91,Moderate Usability
5803,28.5623683442896,77.27459094068163,62.21,Moderate Usability
5804,28.56687804936343,77.27468795790504,60.81,Moderate Usability
5805,28.571387751136747,77.2747849974283,61.58,Moderate Usability
5806,28.575897449609172,77.27488205925536,58.72,Moderate Usability
5807,28.580407144780295,77.27497914339027,50.16,Moderate Usability
5808,28.58491683664976,77.27507624983713,48.52,Low Usability
5809,28.589426525217164,77.27517337859993,33.54,Low Usability
5810,28.593936210482134,77.2752705296827,52.57,Moderate Usability
5811,28.59844589244428,77.27536770308949,56.32,Moderate Usability
5812,28.60295557110321,77.27546489882437,53.09,Moderate Usability
5813,28.607465246458556,77.27556211689136,54.26,Moderate Usability
5814,28.611974918509926,77.27565935729449,49.91,Low Usability
5815,28.61648458725693,77.27575662003784,56.41,Moderate Usability
5816,28.620994252699205,77.27585390512544,49.84,Low Usability
5817,28.625503914836358,77.27595121256137,55.09,Moderate Usability
5818,28.630013573667995,77.27604854234964,64.14,Moderate Usability
5819,28.63452322919374,77.27614589449432,32.79,Low Usability
5820,28.639032881413215,77.27624326899945,44.77,Low Usability
5821,28.643542530326012,77.2763406658691,44.44,Low Usability
5822,28.648052175931774,77.27643808510734,49.56,Low Usability
5823,28.652561818230126,77.27653552671819,48.56,Low Usability
5824,28.657071457220653,77.27663299070574,45.8,Low Usability
5825,28.661581092902992,77.27673047707403,42.27,Low Usability
5826,28.666090725276757,77.27682798582708,46.38,Low Usability
5827,28.670600354341566,77.27692551696907,63.02,Moderate Usability
5828,28.67510998009703,77.27702307050397,57.02,Moderate Usability
5829,28.67961960254276,77.27712064643588,46.18,Low Usability
5830,28.6841292216784,77.27721824476886,45.59,Low Usability
5831,28.688638837503543,77.27731586550696,44.08,Low Usability
5832,28.693148450017812,77.27741350865426,42.57,Low Usability
5833,28.697658059220824,77.27751117421488,48.13,Low Usability
5834,28.702167665112203,77.27760886219282,56.83,Moderate Usability
5835,28.70667726769155,77.27770657259217,48.18,Low Usability
5836,28.711186866958503,77.27780430541702,41.26,Low Usability
5837,28.715696462912668,77.27790206067144,40.73,Low Usability
5838,28.720206055553668,77.2779998383595,41.84,Low Usability
5839,28.724715644881112,77.27809763848532,31.02,Low Usability
5840,28.729076824933976,77.27798677411009,40.18,Low Usability
5841,28.732834916920666,77.27686739314304,45.7,Low Usability
5842,28.499617269399526,77.27837796407621,32.7,Low Usability
5843,28.503656346868535,77.27843695735113,61.41,Moderate Usability
5844,28.508166078836183,77.2785339018071,59.2,Moderate Usability
5845,28.51267580750698,77.2786308685603,45.77,Low Usability
5846,28.517185532880568,77.27872785761483,49.8,Low Usability
5847,28.521695254956526,77.27882486897462,48.9,Low Usability
5848,28.526204973734476,77.27892190264379,45.5,Low Usability
5849,28.53071468921405,77.27901895862634,44.54,Low Usability
5850,28.53522440139486,77.27911603692631,45.92,Low Usability
5851,28.53973411027651,77.2792131375477,53.52,Moderate Usability
5852,28.54424381585862,77.27931026049458,43.21,Low Usability
5853,28.548753518140806,77.27940740577097,47.65,Low Usability
5854,28.553263217122687,77.27950457338092,46.54,Low Usability
5855,28.557772912803873,77.27960176332847,51.27,Moderate Usability
5856,28.56228260518397,77.2796989756176,59.72,Moderate Usability
5857,28.56679229426261,77.27979621025244,56.83,Moderate Usability
5858,28.5713019800394,77.27989346723699,59.41,Moderate Usability
5859,28.575811662513956,77.2799907465753,54.28,Moderate Usability
5860,28.58032134168591,77.28008804827142,48.79,Low Usability
5861,28.584831017554848,77.28018537232936,40.45,Low Usability
5862,28.58934069012041,77.28028271875321,43.42,Low Usability
5863,28.593850359382184,77.280380087547,51.35,Moderate Usability
5864,28.598360025339815,77.28047747871481,54.39,Moderate Usability
5865,28.602869687992904,77.28057489226063,52.48,Moderate Usability
5866,28.607379347341066,77.28067232818857,52.48,Moderate Usability
5867,28.611889003383926,77.28076978650267,53.28,Moderate Usability
5868,28.616398656121095,77.28086726720697,55.39,Moderate Usability
5869,28.620908305552184,77.28096477030554,49.51,Low Usability
5870,28.625417951676827,77.28106229580247,51.89,Moderate Usability
5871,28.629927594494625,77.28115984370177,42.85,Low Usability
5872,28.634437234005187,77.28125741400748,49.99,Low Usability
5873,28.638946870208137,77.28135500672373,49.19,Low Usability
5874,28.643456503103092,77.28145262185457,43.44,Low Usability
5875,28.64796613268966,77.28155025940401,44.29,Low Usability
5876,28.652475758967487,77.2816479193762,44.88,Low Usability
5877,28.65698538193615,77.28174560177511,47.26,Low Usability
5878,28.661495001595295,77.2818433066049,52.12,Moderate Usability
5879,28.666004617944534,77.28194103386959,48.32,Low Usability
5880,28.67051423098346,77.28203878357327,45.64,Low Usability
5881,28.675023840711727,77.28213655572002,57.48,Moderate Usability
5882,28.679533447128907,77.28223435031389,41.61,Low Usability
5883,28.68404305023465,77.28233216735894,42.95,Low Usability
5884,28.68855265002856,77.28243000685931,42.15,Low Usability
5885,28.693062246510266,77.28252786881905,41.78,Low Usability
5886,28.697571839679377,77.2826257532422,45.85,Low Usability
5887,28.702081429535507,77.28272366013289,55.55,Moderate Usability
5888,28.706591016078267,77.28282158949519,42.36,Low Usability
5889,28.711055029185033,77.28286031711467,41.11,Low Usability
5890,28.715591169134818,77.28261262580168,43.08,Low Usability
5891,28.720101339301802,77.28256258689814,42.56,Low Usability
5892,28.724334087267515,77.28226766768877,44.33,Low Usability
5893,28.727613001956826,77.28123695642527,40.82,Low Usability
5894,28.496609353114536,77.28518342891941,43.76,Low Usability
5895,28.499138778625948,77.28350882518575,43.4,Low Usability
5896,28.50357062405306,77.28354214818374,60.68,Moderate Usability
5897,28.508080340007012,77.283639309399,50.78,Moderate Usability
5898,28.512590052662784,77.28373649296134,42.42,Low Usability
5899,28.51709976202,77.28383369887473,42.95,Low Usability
5900,28.52160946807828,77.28393092714329,47.51,Low Usability
5901,28.526119170837216,77.284028177771,45.97,Low Usability
5902,28.53062887029645,77.28412545076193,46.77,Low Usability
5903,28.535138566455586,77.28422274612012,44.56,Low Usability
5904,28.539648259314237,77.28432006384959,64.26,Moderate Usability
5905,28.544157948872012,77.2844174039544,50.44,Moderate Usability
5906,28.548667635128535,77.2845147664386,43.03,Low Usability
5907,28.55317731808342,77.28461215130623,59.58,Moderate Usability
5908,28.557686997736283,77.2847095585613,59.79,Moderate Usability
5909,28.562196674086714,77.28480698820792,64.23,Moderate Usability
5910,28.56670634713436,77.28490444025012,46.4,Low Usability
5911,28.571216016878832,77.28500191469193,44.83,Low Usability
5912,28.575725683319742,77.28509941153744,53.93,Moderate Usability
5913,28.580235346456696,77.28519693079069,42.93,Low Usability
5914,28.584745006289307,77.2852944724557,38.52,Low Usability
5915,28.589254662817208,77.28539203653656,50.97,Moderate Usability
5916,28.59376431604,77.28548962303734,50.63,Moderate Usability
5917,28.598273965957308,77.28558723196205,53.54,Moderate Usability
5918,28.602783612568736,77.2856848633148,51.29,Moderate Usability
5919,28.607293255873902,77.28578251709963,55.9,Moderate Usability
5920,28.611802895872437,77.28588019332064,52.9,Moderate Usability
5921,28.61631253256393,77.28597789198183,67.14,Moderate Usability
5922,28.62082216594802,77.28607561308733,58.56,Moderate Usability
5923,28.625331796024312,77.28617335664117,48.63,Low Usability
5924,28.629841422792428,77.28627112264742,52.78,Moderate Usability
5925,28.63435104625198,77.28636891111015,59.78,Moderate Usability
5926,28.638860666402568,77.28646672203347,51.54,Moderate Usability
5927,28.643370283243833,77.28656455542139,46.92,Low Usability
5928,28.647879896775382,77.28666241127802,42.66,Low Usability
5929,28.652389506996816,77.2867602896074,40.75,Low Usability
5930,28.65689911390778,77.28685819041368,43.38,Low Usability
5931,28.661408717507868,77.28695611370088,49.44,Low Usability
5932,28.665918317796702,77.28705405947309,46.99,Low Usability
5933,28.67042791477391,77.28715202773442,41.71,Low Usability
5934,28.67493750843909,77.2872500184889,48.4,Low Usability
5935,28.679447098791872,77.28734803174066,39.01,Low Usability
5936,28.683956685831856,77.28744606749376,40.51,Low Usability
5937,28.688466269558674,77.2875441257523,43.82,Low Usability
5938,28.692975849971933,77.28764220652035,45.84,Low Usability
5939,28.697485427071264,77.28774030980202,44.31,Low Usability
5940,28.70199500085626,77.28783843560137,50.43,Moderate Usability
5941,28.706504571326562,77.2879365839225,43.33,Low Usability
5942,28.710144733324757,77.28775677329124,42.33,Low Usability
5943,28.495700718510715,77.28907044771861,47.6,Low Usability
5944,28.49897500651047,77.28854996109558,41.43,Low Usability
5945,28.50348470971407,77.2886473166733,58.92,Moderate Usability
5946,28.50799440961857,77.28874469464385,44.27,Low Usability
5947,28.512504106223552,77.28884209501125,40.15,Low Usability
5948,28.517013799528662,77.28893951777954,41.38,Low Usability
5949,28.521523489533486,77.28903696295278,43.95,Low Usability
5950,28.526033176237654,77.28913443053501,58.58,Moderate Usability
5951,28.53054285964078,77.28923192053028,61.35,Moderate Usability
5952,28.53505253974247,77.28932943294264,54.06,Moderate Usability
5953,28.53956221654234,77.28942696777614,59.23,Moderate Usability
5954,28.54407189004001,77.28952452503484,49.94,Low Usability
5955,28.548581560235082,77.28962210472278,45.14,Low Usability
5956,28.553091227127194,77.28971970684404,42.76,Low Usability
5957,28.557600890715943,77.28981733140265,52.52,Moderate Usability
5958,28.56211055100093,77.28991497840266,62.12,Moderate Usability
5959,28.566620207981806,77.29001264784817,49.87,Low Usability
5960,28.571129861658157,77.29011033974321,44.29,Low Usability
5961,28.575639512029607,77.29020805409185,46.45,Low Usability
5962,28.58014915909577,77.29030579089816,42.43,Low Usability
5963,28.58465880285627,77.29040355016619,43.05,Low Usability
5964,28.589168443310694,77.2905013319,48.55,Low Usability
5965,28.59367808045869,77.29059913610368,53.23,Moderate Usability
5966,28.59818771429986,77.29069696278131,54.81,Moderate Usability
5967,28.60269734483381,77.2907948119369,58.66,Moderate Usability
5968,28.60720697206017,77.29089268357457,60.33,Moderate Usability
5969,28.61171659597855,77.29099057769841,65.53,Moderate Usability
5970,28.616226216588558,77.29108849431243,60.97,Moderate Usability
5971,28.620735833889807,77.29118643342076,71.38,Moderate Usability
5972,28.625245447881923,77.29128439502746,54.26,Moderate Usability
5973,28.629755058564527,77.2913823791366,44.11,Low Usability
5974,28.634264665937213,77.29148038575227,60.57,Moderate Usability
5975,28.638774269999626,77.29157841487853,57.49,Moderate Usability
5976,28.643283870751354,77.29167646651946,53.47,Moderate Usability
5977,28.64779346819202,77.2917745406792,41.69,Low Usability
5978,28.65230306232125,77.29187263736179,43.25,Low Usability
5979,28.65681265313864,77.2919707565713,49.36,Low Usability
5980,28.66132224064383,77.29206889831187,44.34,Low Usability
5981,28.66583182483641,77.2921670625875,45.62,Low Usability
5982,28.670341405716034,77.29226524940238,44.78,Low Usability
5983,28.674850983282276,77.29236345876055,46.49,Low Usability
5984,28.679360557534775,77.29246169066609,44.1,Low Usability
5985,28.68387012847314,77.29255994512312,41.86,Low Usability
5986,28.688379696096987,77.29265822213574,52.13,Moderate Usability
5987,28.69288926040593,77.29275652170804,53.12,Moderate Usability
5988,28.697398821399595,77.29285484384411,58.2,Moderate Usability
5989,28.701908379077594,77.29295318854804,53.45,Moderate Usability
5990,28.706417933439532,77.29305155582395,44.51,Low Usability
5991,28.70973733032988,77.2935023820869,43.87,Low Usability
5992,28.491806876040368,77.29545350133786,41.55,Low Usability
5993,28.49459489169325,77.29374523906665,42.56,Low Usability
5994,28.498888916734924,77.29365489049088,41.76,Low Usability
5995,28.503398603854656,77.29375246277004,48.19,Low Usability
5996,28.50790828767394,77.29385005749184,44.5,Low Usability
5997,28.512417968192395,77.29394767466025,43.79,Low Usability
5998,28.51692764540963,77.29404531427937,48.2,Low Usability
5999,28.52143731932526,77.29414297635326,49.81,Low Usability
6000,28.525946989938888,77.29424066088596,62.08,Moderate Usability
6001,28.530456657250124,77.29433836788152,57.39,Moderate Usability
6002,28.53496632125859,77.29443609734402,53.64,Moderate Usability
6003,28.53947598196392,77.2945338492775,61.05,Moderate Usability
6004,28.54398563936571,77.29463162368603,56.2,Moderate Usability
6005,28.54849529346356,77.29472942057366,53.67,Moderate Usability
6006,28.553004944257108,77.29482723994448,42.71,Low Usability
6007,28.557436687128092,77.294824030898,52.3,Moderate Usability
6008,28.5617899995794,77.2938335151365,47.62,Low Usability
6009,28.56635910054013,77.29327621660602,51.97,Moderate Usability
6010,28.571018837130875,77.29319848019315,42.54,Low Usability
6011,28.575518962076774,77.29321264594579,41.22,Low Usability
6012,28.58067063521156,77.29370235055197,42.09,Low Usability
6013,28.584810505829445,77.29517785832776,46.86,Low Usability
6014,28.589082031603983,77.29561060479361,49.78,Low Usability
6015,28.59359165264136,77.29570862669611,54.11,Moderate Usability
6016,28.598101270370584,77.29580667112252,58.14,Moderate Usability
6017,28.602610884791247,77.29590473807691,62.06,Moderate Usability
6018,28.60712049590297,77.29600282756337,66.6,Moderate Usability
6019,28.611630103705373,77.29610093958595,64.03,Moderate Usability
6020,28.616139708198062,77.29619907414873,60.22,Moderate Usability
6021,28.62064930938066,77.29629723125582,72.51,Moderate Usability
6022,28.625158907252786,77.29639541091132,48.65,Low Usability
6023,28.62966850181404,77.29649361311925,49.85,Low Usability
6024,28.634178093064047,77.29659183788378,54.21,Moderate Usability
6025,28.638687681002413,77.29669008520892,60.26,Moderate Usability
6026,28.643197265628764,77.29678835509883,64.7,Moderate Usability
6027,28.64770684694271,77.29688664755754,51.57,Moderate Usability
6028,28.652216424943873,77.29698496258924,54.45,Moderate Usability
6029,28.656725999631853,77.2970833001979,47.24,Low Usability
6030,28.661235571006294,77.2971816603877,54.98,Moderate Usability
6031,28.66574513906678,77.29728004316271,50.1,Moderate Usability
6032,28.67025470381293,77.29737844852706,43.18,Low Usability
6033,28.674764265244395,77.29747687648478,46.53,Low Usability
6034,28.67927382336075,77.29757532704005,44.46,Low Usability
6035,28.683783378161607,77.29767380019693,44.49,Low Usability
6036,28.688292929646618,77.29777229595953,42.82,Low Usability
6037,28.692802477815373,77.29787081433199,41.59,Low Usability
6038,28.6973120226675,77.29796935531836,42.83,Low Usability
6039,28.701821564202618,77.29806791892275,42.99,Low Usability
6040,28.70633110242031,77.29816650514933,43.14,Low Usability
6041,28.710781803344695,77.29832864355656,41.47,Low Usability
6042,28.714140514404612,77.29961613543703,42.84,Low Usability
6043,28.491525764286994,77.29865348862448,43.6,Low Usability
6044,28.494292961176285,77.29866203095938,46.67,Low Usability
6045,28.498802635477805,77.29875979744764,46.77,Low Usability
6046,28.503312306477927,77.29885758642422,50.11,Moderate Usability
6047,28.507821974176252,77.29895539789317,47.75,Low Usability
6048,28.51233163857242,77.29905323185857,49.51,Low Usability
6049,28.516841299666023,77.29915108832448,47.44,Low Usability
6050,28.521350957456676,77.29924896729494,40.42,Low Usability
6051,28.525860611944,77.29934686877405,43.55,Low Usability
6052,28.530370263127597,77.29944479276583,50.1,Moderate Usability
6053,28.5348799110071,77.29954273927439,43.99,Low Usability
6054,28.539389555582098,77.29964070830378,50.2,Moderate Usability
6055,28.543899196852216,77.2997386998581,48.01,Low Usability
6056,28.548408834817074,77.29983671394139,44.73,Low Usability
6057,28.552617370911197,77.29943725794541,45.82,Low Usability
6058,28.55616360265478,77.29818936362132,52.28,Moderate Usability
6059,28.586322442172598,77.2984494312817,46.76,Low Usability
6060,28.589480554867343,77.29971542068745,49.74,Low Usability
6061,28.59353222210353,77.30078691367497,49.84,Low Usability
6062,28.598014634172586,77.30091635693582,55.47,Moderate Usability
6063,28.60252423244415,77.30101464168489,53.18,Moderate Usability
6064,28.607033827405427,77.30111294901602,54.61,Moderate Usability
6065,28.611543419056034,77.30121127893325,59.76,Moderate Usability
6066,28.616053007395593,77.30130963144074,60.41,Moderate Usability
6067,28.620562592423713,77.3014080065425,66.53,Moderate Usability
6068,28.62507217414001,77.30150640424267,49.84,Low Usability
6069,28.62958175254408,77.30160482454534,45.73,Low Usability
6070,28.63409132763556,77.30170326745461,50.05,Moderate Usability
6071,28.63860089941407,77.30180173297457,59.97,Moderate Usability
6072,28.6431104678792,77.30190022110932,55.45,Moderate Usability
6073,28.647620033030584,77.30199873186297,58.14,Moderate Usability
6074,28.652129594867834,77.30209726523964,46.62,Low Usability
6075,28.656639153390554,77.30219582124339,48.65,Low Usability
6076,28.66114870859839,77.30229439987832,55.14,Moderate Usability
6077,28.66565826049091,77.3023930011486,55.48,Moderate Usability
6078,28.67016780906776,77.30249162505828,47.63,Low Usability
6079,28.674677354328555,77.30259027161152,44.57,Low Usability
6080,28.6791868962729,77.30268894081239,51.78,Moderate Usability
6081,28.68369643490041,77.30278763266497,47.5,Low Usability
6082,28.688205970210706,77.30288634717348,48.36,Low Usability
6083,28.6927155022034,77.30298508434197,42.61,Low Usability
6084,28.697225030878123,77.30308384417455,46.04,Low Usability
6085,28.701734556234467,77.30318262667531,41.91,Low Usability
6086,28.70624407827205,77.30328143184842,43.09,Low Usability
6087,28.710753596990497,77.303380259698,40.01,Low Usability
6088,28.715064439693396,77.30359867112304,41.64,Low Usability
6089,28.71754675062396,77.30579543135256,38.97,Low Usability
6090,28.491385277297812,77.30374533387905,44.53,Low Usability
6091,28.494206504594743,77.30376669878427,45.17,Low Usability
6092,28.498716162742223,77.30386468191607,47.53,Low Usability
6093,28.503225817586983,77.30396268758601,45.19,Low Usability
6094,28.507735469128605,77.30406071579807,50.28,Moderate Usability
6095,28.512245117366714,77.3041587665564,55.35,Moderate Usability
6096,28.516754762300927,77.304256839865,46.38,Low Usability
6097,28.521264403930854,77.30435493572799,42.35,Low Usability
6098,28.525774042256113,77.30445305414943,57.17,Moderate Usability
6099,28.530283677276316,77.3045511951334,58.87,Moderate Usability
6100,28.534793308991055,77.30464935868393,45.87,Low Usability
6101,28.539302937399967,77.30474754480518,45.12,Low Usability
6102,28.543812562502655,77.30484575350118,45.98,Low Usability
6103,28.54774983225311,77.3043826156444,48.45,Low Usability
6104,28.55086783670395,77.30263787352314,45.03,Low Usability
6105,28.59450046635942,77.30430003654767,50.59,Moderate Usability
6106,28.59815026053334,77.30579646657755,49.22,Low Usability
6107,28.602437387795653,77.30612452271083,47.48,Low Usability
6108,28.606946966570668,77.30622304788255,46.72,Low Usability
6109,28.611456542033668,77.30632159569038,58.43,Moderate Usability
6110,28.615966114184264,77.30642016613841,54.47,Moderate Usability
6111,28.62047568302208,77.30651875923077,57.84,Moderate Usability
6112,28.624985248546714,77.30661737497152,59.52,Moderate Usability
6113,28.62949481075778,77.30671601336483,55.35,Moderate Usability
6114,28.63400436965491,77.30681467441477,54.86,Moderate Usability
6115,28.63851392523772,77.30691335812541,53.32,Moderate Usability
6116,28.643023477505796,77.30701206450092,44.76,Low Usability
6117,28.647533026458767,77.30711079354539,48.89,Low Usability
6118,28.652042572096263,77.30720954526295,49.63,Low Usability
6119,28.65655211441788,77.30730831965765,59.61,Moderate Usability
6120,28.66106165342324,77.30740711673363,55.78,Moderate Usability
6121,28.66557118911196,77.30750593649508,50.05,Moderate Usability
6122,28.670080721483647,77.30760477894601,52.6,Moderate Usability
6123,28.674590250537918,77.30770364409061,42.62,Low Usability
6124,28.679099776274395,77.30780253193295,51.96,Moderate Usability
6125,28.683609298692677,77.3079014424772,57.48,Moderate Usability
6126,28.6881188177924,77.30800037572747,59.22,Moderate Usability
6127,28.69262833357316,77.30809933168787,50.18,Moderate Usability
6128,28.69713784603458,77.3081983103625,53.76,Moderate Usability
6129,28.701647355176295,77.30829731175554,42.44,Low Usability
6130,28.70615686099788,77.3083963358711,42.76,Low Usability
6131,28.710666363498973,77.30849538271328,42.16,Low Usability
6132,28.715152617905353,77.3085749137393,37.91,Low Usability
6133,28.717536805566937,77.30700406458499,39.77,Low Usability
6134,28.491415227773135,77.30717510418016,39.46,Low Usability
6135,28.49428010567293,77.3087193907274,43.36,Low Usability
6136,28.49862949853129,77.30896954384643,42.84,Low Usability
6137,28.503139137184935,77.30906776620563,40.48,Low Usability
6138,28.507648772534107,77.30916601115676,41.73,Low Usability
6139,28.51215840457842,77.30926427870392,54.09,Moderate Usability
6140,28.516668033317494,77.30936256885117,57.28,Moderate Usability
6141,28.52117765875094,77.30946088160258,57.63,Moderate Usability
6142,28.525687280878362,77.30955921696228,54.87,Moderate Usability
6143,28.53019689969939,77.30965757493435,54.04,Moderate Usability
6144,28.53470651521362,77.30975595552283,45.66,Low Usability
6145,28.539216127420673,77.30985435873184,46.37,Low Usability
6146,28.54333040114856,77.30954183602076,45.68,Low Usability
6147,28.546352740435616,77.30789635091135,45.87,Low Usability
6148,28.599209891766822,77.31054669199969,51.46,Moderate Usability
6149,28.602350350848887,77.31123438110477,56.8,Moderate Usability
6150,28.606859913401827,77.31133312411296,44.96,Low Usability
6151,28.611369472641396,77.31143188980727,65.0,Moderate Usability
6152,28.61587902856722,77.3115306781918,61.67,Moderate Usability
6153,28.62038858117889,77.31162948927062,54.54,Moderate Usability
6154,28.624898130476048,77.3117283230479,54.12,Moderate Usability
6155,28.629407676458285,77.31182717952771,64.09,Moderate Usability
6156,28.63391721912523,77.31192605871419,62.48,Moderate Usability
6157,28.63842675847649,77.31202496061144,45.94,Low Usability
6158,28.642478936867864,77.31154325626767,45.93,Low Usability
6159,28.647760926997556,77.31138081808132,44.44,Low Usability
6160,28.65198001169546,77.31229262754854,44.1,Low Usability
6161,28.656464882716964,77.31242079539062,51.09,Moderate Usability
6162,28.66097440548401,77.31251981090354,52.62,Moderate Usability
6163,28.665483924933056,77.31261884915202,62.03,Moderate Usability
6164,28.669993441063724,77.3127179101401,56.52,Moderate Usability
6165,28.67450295387562,77.31281699387192,49.93,Low Usability
6166,28.67901246336836,77.31291610035164,60.11,Moderate Usability
6167,28.683521969541566,77.31301522958341,50.95,Moderate Usability
6168,28.68803147239483,77.31311438157131,51.9,Moderate Usability
6169,28.692540971927798,77.3132135563195,49.34,Low Usability
6170,28.69705046814006,77.3133127538321,47.05,Low Usability
6171,28.70155996103124,77.31341197411325,43.62,Low Usability
6172,28.70606945060095,77.31351121716709,41.38,Low Usability
6173,28.71057893684881,77.31361048299776,45.03,Low Usability
6174,28.71487700006624,77.31365875783139,41.28,Low Usability
6175,28.495309972888442,77.31307290692084,44.61,Low Usability
6176,28.49854436057102,77.31407253146428,45.74,Low Usability
6177,28.503052265274917,77.3141728222333,49.05,Low Usability
6178,28.507561884395884,77.3142712839194,46.21,Low Usability
6179,28.512071500210652,77.31436976825134,56.99,Moderate Usability
6180,28.51658111271884,77.31446827523314,51.72,Moderate Usability
6181,28.521090721920032,77.31456680486893,47.88,Low Usability
6182,28.525600327813866,77.31466535716281,51.3,Moderate Usability
6183,28.530109930399956,77.31476393211886,39.7,Low Usability
6184,28.534619529677904,77.31486252974119,44.03,Low Usability
6185,28.538874941542897,77.3146857691229,48.51,Low Usability
6186,28.541955606038513,77.31317662960026,45.99,Low Usability
6187,28.599907567718617,77.31405741101314,45.11,Low Usability
6188,28.602586610177806,77.31612491711931,59.32,Moderate Usability
6189,28.60677266790204,77.31644317765729,49.13,Low Usability
6190,28.61128221088237,77.31654216123398,50.51,Moderate Usability
6191,28.615791750547583,77.31664116755086,55.73,Moderate Usability
6192,28.620301286897302,77.31674019661205,52.73,Moderate Usability
6193,28.62481081993115,77.3168392484217,46.02,Low Usability
6194,28.629320349648726,77.31693832298392,47.74,Low Usability
6195,28.633829876049653,77.31703742030284,44.82,Low Usability
6196,28.63787907774544,77.3166185292494,44.01,Low Usability
6197,28.640942942563992,77.31500595832422,43.75,Low Usability
6198,28.6526956022744,77.31515142076809,41.01,Low Usability
6199,28.656566920091528,77.31538055426961,46.94,Low Usability
6200,28.661029674185155,77.31563741170824,49.52,Low Usability
6201,28.665512146969643,77.3158954402654,50.51,Moderate Usability
6202,28.670003508300905,77.3161540168758,49.22,Low Usability
6203,28.674499630399715,77.31641290407107,44.79,Low Usability
6204,28.67934544663267,77.31724389103766,50.21,Moderate Usability
6205,28.683434447450207,77.31812899393347,63.4,Moderate Usability
6206,28.687943934021167,77.31822836465487,51.45,Moderate Usability
6207,28.692453417270464,77.31832775818671,56.6,Moderate Usability
6208,28.696962897197682,77.31842717453314,46.71,Low Usability
6209,28.701359503121765,77.31820787466071,44.99,Low Usability
6210,28.706093276968968,77.3183047035559,44.75,Low Usability
6211,28.71049178282158,77.31872504159229,44.11,Low Usability
6212,28.714567890185236,77.31876350248449,46.82,Low Usability
6213,28.499173360985964,77.3187192925988,46.91,Low Usability
6214,28.50296520186005,77.31927785561926,44.94,Low Usability
6215,28.507474804717067,77.31937653403625,43.25,Low Usability
6216,28.51198440426653,77.31947523514884,58.11,Moderate Usability
6217,28.516494000508057,77.31957395896114,58.9,Moderate Usability
6218,28.521003593441257,77.3196727054772,56.85,Moderate Usability
6219,28.525513183065744,77.31977147470116,53.32,Moderate Usability
6220,28.53002276938114,77.31987026663711,45.84,Low Usability
6221,28.5343807195597,77.3197841365578,45.92,Low Usability
6222,28.537558287867185,77.31845646646019,47.02,Low Usability
6223,28.603511000506977,77.32089530300475,51.79,Moderate Usability
6224,28.606685230074444,77.32155320846552,52.22,Moderate Usability
6225,28.611194756759712,77.32165240992045,50.01,Moderate Usability
6226,28.61570428012851,77.32175163416557,51.14,Moderate Usability
6227,28.620213800180462,77.32185088120504,49.88,Low Usability
6228,28.62472331691519,77.32195015104294,47.02,Low Usability
6229,28.629232830332263,77.32204944368343,44.6,Low Usability
6230,28.633464751121444,77.32192502352771,32.08,Low Usability
6231,28.636409439292528,77.32009657930182,38.08,Low Usability
6232,28.680902355858525,77.3211331672914,44.66,Low Usability
6233,28.683602151299255,77.3230406860028,59.72,Moderate Usability
6234,28.68785620267456,77.32334232492799,56.53,Moderate Usability
6235,28.692334018887983,77.32340330365506,49.82,Low Usability
6236,28.696245899772542,77.32241028836418,48.32,Low Usability
6237,28.699291543469222,77.32114238385817,39.51,Low Usability
6238,28.711254182194725,77.32170068628997,40.31,Low Usability
6239,28.714504225643324,77.32221198150175,43.93,Low Usability
6240,28.500251185479407,77.32225003801774,40.24,Low Usability
6241,28.50328719027977,77.32394279293341,42.97,Low Usability
6242,28.50738753350079,77.32448176145752,41.25,Low Usability
6243,28.511897116749203,77.32458067934668,61.95,Moderate Usability
6244,28.516406696688332,77.32467961998532,62.86,Moderate Usability
6245,28.520916273317773,77.32477858337754,57.98,Moderate Usability
6246,28.525425846637166,77.3248775695275,58.39,Moderate Usability
6247,28.529616399944597,77.32449977118503,50.77,Moderate Usability
6248,28.533028339193777,77.32318108682941,47.71,Low Usability
6249,28.604214516280404,77.3244370346333,39.89,Low Usability
6250,28.6068928800613,77.32645576593276,47.75,Low Usability
6251,28.611107110276606,77.32676263581675,49.25,Low Usability
6252,28.615616617313165,77.32686207798598,44.43,Low Usability
6253,28.620126121031525,77.32696154299954,45.43,Low Usability
6254,28.62463562143128,77.32706103086159,43.6,Low Usability
6255,28.629145118512046,77.32716054157623,49.34,Low Usability
6256,28.63234643332955,77.32659271382573,40.19,Low Usability
6257,28.684727399549896,77.32630292044051,43.96,Low Usability
6258,28.687865229976264,77.32660086523312,44.35,Low Usability
6259,28.691459411036057,77.32667742846827,46.62,Low Usability
6260,28.504738921110572,77.32713478480056,39.8,Low Usability
6261,28.508028810628176,77.3282126482405,45.31,Low Usability
6262,28.511825059589327,77.32967003857662,59.39,Moderate Usability
6263,28.51631920126278,77.32978525825591,65.03,Moderate Usability
6264,28.520819691103554,77.32987355785932,58.23,Moderate Usability
6265,28.524828435799606,77.32902348577694,47.94,Low Usability
6266,28.52795418673981,77.32776302694886,47.01,Low Usability
6267,28.607810682336158,77.33124176650958,54.49,Moderate Usability
6268,28.611019271436202,77.33187283887285,59.6,Moderate Usability
6269,28.615528762104706,77.33197249896206,45.72,Low Usability
6270,28.62003824945364,77.33207218194562,44.18,Low Usability
6271,28.62453353292701,77.3321541683463,49.23,Low Usability
6272,28.628536166206537,77.33131651939439,48.23,Low Usability
6273,28.631484316390733,77.33004774531591,37.91,Low Usability
6274,28.50937307130073,77.33721134872495,45.8,Low Usability
6275,28.512101432246485,77.33483014947292,55.09,Moderate Usability
6276,28.51605403744245,77.3343935021884,57.27,Moderate Usability
6277,28.51991684475031,77.33341498331933,40.85,Low Usability
6278,28.6085206176682,77.33481745982043,40.93,Low Usability
6279,28.611013546312744,77.33538278118317,50.53,Moderate Usability
6280,28.61550394439088,77.33559221148354,46.23,Low Usability
6281,28.620002135161723,77.3357943229715,45.21,Low Usability
6282,28.623491053235796,77.3354539081111,45.8,Low Usability
6283,28.509264987247583,77.33751009468742,37.91,Low Usability
6284,28.51016452403439,77.33742734857216,38.74,Low Usability
