grid_id,area_name
DEL_00001,Darya Pur
DEL_00002,Darya Pur
DEL_00003,Darya Pur
DEL_00004,Darya Pur
DEL_00005,Darya Pur
DEL_00006,Darya Pur
DEL_00007,Gubhana
DEL_00008,Gubhana
DEL_00009,Gubhana
DEL_00010,Darya Pur
DEL_00011,Darya Pur
DEL_00012,Darya Pur
DEL_00013,Darya Pur
DEL_00014,Darya Pur
DEL_00015,Darya Pur
DEL_00016,Gubhana
DEL_00017,Gubhana
DEL_00018,Gubhana
DEL_00019,Lohat
DEL_00020,Lagar Pur
DEL_00021,Darya Pur
DEL_00022,Darya Pur
DEL_00023,Darya Pur
DEL_00024,Issapur
DEL_00025,Issapur
DEL_00026,Issapur
DEL_00027,Gubhana
DEL_00028,Gubhana
DEL_00029,Lohat
DEL_00030,Lohat
DEL_00031,Dhansa
DEL_00032,Dhansa
DEL_00033,Issapur
DEL_00034,Issapur
DEL_00035,Issapur
DEL_00036,Issapur
DEL_00037,Gubhana
DEL_00038,Gubhana
DEL_00039,Lohat
DEL_00040,Lohat
DEL_00041,Dhansa
DEL_00042,Dhansa
DEL_00043,Dhansa
DEL_00044,Issapur
DEL_00045,Issapur
DEL_00046,Issapur
DEL_00047,Issapur
DEL_00048,Issapur
DEL_00049,Gubhana
DEL_00050,Gubhana
DEL_00051,Gubhana
DEL_00052,Lohat
DEL_00053,Lohat
DEL_00054,Lohat
DEL_00055,Dhansa
DEL_00056,Dhansa
DEL_00057,Dhansa
DEL_00058,Dhansa
DEL_00059,Issapur
DEL_00060,Issapur
DEL_00061,Issapur
DEL_00062,Issapur
DEL_00063,Issapur
DEL_00064,Issapur
DEL_00065,Gubhana
DEL_00066,Gubhana
DEL_00067,Luksar
DEL_00068,Luksar
DEL_00069,Lohat
DEL_00070,Lohat
DEL_00071,Lohat
DEL_00072,Dhansa
DEL_00073,Dhansa
DEL_00074,Dhansa
DEL_00075,Dhansa
DEL_00076,Issapur
DEL_00077,Issapur
DEL_00078,Issapur
DEL_00079,Issapur
DEL_00080,Issapur
DEL_00081,Issapur
DEL_00082,Issapur
DEL_00083,Luksar
DEL_00084,Luksar
DEL_00085,Luksar
DEL_00086,Luksar
DEL_00087,Luksar
DEL_00088,Luksar
DEL_00089,Ghalibpur
DEL_00090,Ghalibpur
DEL_00091,Lohat
DEL_00092,Dhansa
DEL_00093,Dhansa
DEL_00094,Dhansa
DEL_00095,Dhansa
DEL_00096,Dhansa
DEL_00097,Issapur
DEL_00098,Issapur
DEL_00099,Issapur
DEL_00100,Issapur
DEL_00101,Issapur
DEL_00102,Issapur
DEL_00103,Issapur
DEL_00104,Luksar
DEL_00105,Luksar
DEL_00106,Luksar
DEL_00107,Luksar
DEL_00108,Luksar
DEL_00109,Luksar
DEL_00110,Luksar
DEL_00111,Luksar
DEL_00112,Ghalibpur
DEL_00113,Ghalibpur
DEL_00114,Ghalibpur
DEL_00115,Ghalibpur
DEL_00116,Ghalibpur
DEL_00117,Ghalibpur
DEL_00118,Ghalibpur
DEL_00119,Sarangpur
DEL_00120,Sarangpur
DEL_00121,Dhansa
DEL_00122,Dhansa
DEL_00123,Dhansa
DEL_00124,Dhansa
DEL_00125,Issapur
DEL_00126,Issapur
DEL_00127,Issapur
DEL_00128,Issapur
DEL_00129,Issapur
DEL_00130,Issapur
DEL_00131,Luksar
DEL_00132,Luksar
DEL_00133,Luksar
DEL_00134,Luksar
DEL_00135,Luksar
DEL_00136,Luksar
DEL_00137,Luksar
DEL_00138,Luksar
DEL_00139,Luksar
DEL_00140,Saulda
DEL_00141,Ghalibpur
DEL_00142,Ghalibpur
DEL_00143,Ghalibpur
DEL_00144,Ghalibpur
DEL_00145,Ghalibpur
DEL_00146,Ghalibpur
DEL_00147,Sarangpur
DEL_00148,Sarangpur
DEL_00149,Sarangpur
DEL_00150,Sarangpur
DEL_00151,Sarangpur
DEL_00152,Dhansa
DEL_00153,Dhansa
DEL_00154,Issapur
DEL_00155,Issapur
DEL_00156,Issapur
DEL_00157,Issapur
DEL_00158,Issapur
DEL_00159,Issapur
DEL_00160,Mundhela Kalan
DEL_00161,Mundhela Kalan
DEL_00162,Mundhela Kalan
DEL_00163,Luksar
DEL_00164,Mundhela Khurd
DEL_00165,Mundhela Khurd
DEL_00166,Mundhela Khurd
DEL_00167,Mundhela Khurd
DEL_00168,Mundhela Khurd
DEL_00169,Saulda
DEL_00170,Ghalibpur
DEL_00171,Ghalibpur
DEL_00172,Ghalibpur
DEL_00173,Ghalibpur
DEL_00174,Ghalibpur
DEL_00175,Ghalibpur
DEL_00176,Sarangpur
DEL_00177,Sarangpur
DEL_00178,Sarangpur
DEL_00179,Sarangpur
DEL_00180,Sarangpur
DEL_00181,Malikpur
DEL_00182,Malikpur
DEL_00183,Malikpur
DEL_00184,Issapur
DEL_00185,Samaspur Khalsa
DEL_00186,Samaspur Khalsa
DEL_00187,Samaspur Khalsa
DEL_00188,Mundhela Kalan
DEL_00189,Mundhela Kalan
DEL_00190,Mundhela Kalan
DEL_00191,Mundhela Kalan
DEL_00192,Mundhela Kalan
DEL_00193,Mundhela Khurd
DEL_00194,Mundhela Khurd
DEL_00195,Mundhela Khurd
DEL_00196,Mundhela Khurd
DEL_00197,Mundhela Khurd
DEL_00198,Saulda
DEL_00199,Ghalibpur
DEL_00200,Raota
DEL_00201,Raota
DEL_00202,Raota
DEL_00203,Ghalibpur
DEL_00204,Sarangpur
DEL_00205,Sarangpur
DEL_00206,Sarangpur
DEL_00207,Sarangpur
DEL_00208,Sarangpur
DEL_00209,Malikpur
DEL_00210,Malikpur
DEL_00211,Malikpur
DEL_00212,Malikpur
DEL_00213,Samaspur Khalsa
DEL_00214,Samaspur Khalsa
DEL_00215,Samaspur Khalsa
DEL_00216,Samaspur Khalsa
DEL_00217,Samaspur Khalsa
DEL_00218,Mundhela Kalan
DEL_00219,Mundhela Kalan
DEL_00220,Mundhela Kalan
DEL_00221,Mundhela Kalan
DEL_00222,Mundhela Kalan
DEL_00223,Mundhela Khurd
DEL_00224,Mundhela Khurd
DEL_00225,Mundhela Khurd
DEL_00226,Mundhela Khurd
DEL_00227,Mundhela Khurd
DEL_00228,Raota
DEL_00229,Raota
DEL_00230,Raota
DEL_00231,Raota
DEL_00232,Jhuljhuli
DEL_00233,Jhuljhuli
DEL_00234,Jhuljhuli
DEL_00235,Malikpur
DEL_00236,Malikpur
DEL_00237,Malikpur
DEL_00238,Malikpur
DEL_00239,Malikpur
DEL_00240,Samaspur Khalsa
DEL_00241,Samaspur Khalsa
DEL_00242,Samaspur Khalsa
DEL_00243,Samaspur Khalsa
DEL_00244,Samaspur Khalsa
DEL_00245,Samaspur Khalsa
DEL_00246,Mundhela Kalan
DEL_00247,Mundhela Kalan
DEL_00248,Mundhela Kalan
DEL_00249,Mundhela Kalan
DEL_00250,Mundhela Kalan
DEL_00251,Mundhela Kalan
DEL_00252,Mundhela Khurd
DEL_00253,Mundhela Khurd
DEL_00254,Mundhela Khurd
DEL_00255,Shidi Pur Lowa
DEL_00256,Raota
DEL_00257,Raota
DEL_00258,Raota
DEL_00259,Jhuljhuli
DEL_00260,Jhuljhuli
DEL_00261,Jhuljhuli
DEL_00262,Malikpur
DEL_00263,Malikpur
DEL_00264,Malikpur
DEL_00265,Malikpur
DEL_00266,Malikpur
DEL_00267,Samaspur Khalsa
DEL_00268,Samaspur Khalsa
DEL_00269,Samaspur Khalsa
DEL_00270,Samaspur Khalsa
DEL_00271,Samaspur Khalsa
DEL_00272,Samaspur Khalsa
DEL_00273,Rawata Mor
DEL_00274,Rawata Mor
DEL_00275,Mundhela Kalan
DEL_00276,Mundhela Kalan
DEL_00277,Mundhela Kalan
DEL_00278,Mundhela Kalan
DEL_00279,Mundhela Khurd
DEL_00280,Mundhela Khurd
DEL_00281,Shidi Pur Lowa
DEL_00282,Shidi Pur Lowa
DEL_00283,Raota
DEL_00284,Raota
DEL_00285,Raota
DEL_00286,Raota
DEL_00287,Jhuljhuli
DEL_00288,Jhuljhuli
DEL_00289,Jhuljhuli
DEL_00290,Malikpur
DEL_00291,Daryapur
DEL_00292,Daryapur
DEL_00293,Daryapur
DEL_00294,Daryapur
DEL_00295,Samaspur Khalsa
DEL_00296,Samaspur Khalsa
DEL_00297,Samaspur Khalsa
DEL_00298,Samaspur Khalsa
DEL_00299,Samaspur Khalsa
DEL_00300,Samaspur Khalsa
DEL_00301,Rawata Mor
DEL_00302,Rawata Mor
DEL_00303,Rawata Mor
DEL_00304,Rawata Mor
DEL_00305,Mundhela Kalan
DEL_00306,Kair
DEL_00307,Kair
DEL_00308,Kair
DEL_00309,Shidi Pur Lowa
DEL_00310,Shidi Pur Lowa
DEL_00311,Raota
DEL_00312,Raota
DEL_00313,Raota
DEL_00314,Raota
DEL_00315,Jhuljhuli
DEL_00316,Jhuljhuli
DEL_00317,Jhuljhuli
DEL_00318,Daryapur
DEL_00319,Daryapur
DEL_00320,Daryapur
DEL_00321,Daryapur
DEL_00322,Daryapur
DEL_00323,Samaspur Khalsa
DEL_00324,Samaspur Khalsa
DEL_00325,Samaspur Khalsa
DEL_00326,Samaspur Khalsa
DEL_00327,Samaspur Khalsa
DEL_00328,Jaffarpur Kalan
DEL_00329,Rawata Mor
DEL_00330,Rawata Mor
DEL_00331,Rawata Mor
DEL_00332,Rawata Mor
DEL_00333,Kair
DEL_00334,Kair
DEL_00335,Kair
DEL_00336,Kair
DEL_00337,Shidi Pur Lowa
DEL_00338,Shidi Pur Lowa
DEL_00339,Raota
DEL_00340,Ghumanhera
DEL_00341,Ghumanhera
DEL_00342,Ghumanhera
DEL_00343,Ghumanhera
DEL_00344,Ghumanhera
DEL_00345,Daryapur
DEL_00346,Daryapur
DEL_00347,Daryapur
DEL_00348,Daryapur
DEL_00349,Daryapur
DEL_00350,Samaspur Khalsa
DEL_00351,Samaspur Khalsa
DEL_00352,Samaspur Khalsa
DEL_00353,Jaffarpur Kalan
DEL_00354,Jaffarpur Kalan
DEL_00355,Jaffarpur Kalan
DEL_00356,Rawata Mor
DEL_00357,Rawata Mor
DEL_00358,Rawata Mor
DEL_00359,Rawata Mor
DEL_00360,Kair
DEL_00361,Kair
DEL_00362,Kair
DEL_00363,Kair
DEL_00364,Kair
DEL_00365,Shidi Pur Lowa
DEL_00366,Shidi Pur Lowa
DEL_00367,Shidi Pur Lowa
DEL_00368,Shidi Pur Lowa
DEL_00369,Shidi Pur Lowa
DEL_00370,Shidi Pur Lowa
DEL_00371,Ghumanhera
DEL_00372,Ghumanhera
DEL_00373,Ghumanhera
DEL_00374,Ghumanhera
DEL_00375,Ghumanhera
DEL_00376,Ghumanhera
DEL_00377,Daryapur
DEL_00378,Daryapur
DEL_00379,Daryapur
DEL_00380,Daryapur
DEL_00381,Daryapur
DEL_00382,Daryapur
DEL_00383,Samaspur Khalsa
DEL_00384,Jaffarpur Kalan
DEL_00385,Jaffarpur Kalan
DEL_00386,Jaffarpur Kalan
DEL_00387,Jaffarpur Kalan
DEL_00388,Jaffarpur Kalan
DEL_00389,Rawata Mor
DEL_00390,Rawata Mor
DEL_00391,Rawata Mor
DEL_00392,Kair
DEL_00393,Kair
DEL_00394,Kair
DEL_00395,Kair
DEL_00396,Kair
DEL_00397,Shidi Pur Lowa
DEL_00398,Shidi Pur Lowa
DEL_00399,Shidi Pur Lowa
DEL_00400,Shidi Pur Lowa
DEL_00401,Shidi Pur Lowa
DEL_00402,Shidi Pur Lowa
DEL_00403,Jharoda Kalan
DEL_00404,Ghumanhera
DEL_00405,Ghumanhera
DEL_00406,Ghumanhera
DEL_00407,Ghumanhera
DEL_00408,Ghumanhera
DEL_00409,Ghumanhera
DEL_00410,Ghumanhera
DEL_00411,Daryapur
DEL_00412,Daryapur
DEL_00413,Daryapur
DEL_00414,Daryapur
DEL_00415,Daryapur
DEL_00416,Jaffarpur Kalan
DEL_00417,Jaffarpur Kalan
DEL_00418,Jaffarpur Kalan
DEL_00419,Jaffarpur Kalan
DEL_00420,Jaffarpur Kalan
DEL_00421,Jaffarpur Kalan
DEL_00422,Jaffarpur Kalan
DEL_00423,Rawata Mor
DEL_00424,Rawata Mor
DEL_00425,Kair
DEL_00426,Kair
DEL_00427,Kair
DEL_00428,Isharheri
DEL_00429,Isharheri
DEL_00430,Isharheri
DEL_00431,Isharheri
DEL_00432,Isharheri
DEL_00433,Isharheri
DEL_00434,Shidi Pur Lowa
DEL_00435,Jharoda Kalan
DEL_00436,Jharoda Kalan
DEL_00437,Jharoda Kalan
DEL_00438,Jharoda Kalan
DEL_00439,Jharoda Kalan
DEL_00440,Ghumanhera
DEL_00441,Ghumanhera
DEL_00442,Ghumanhera
DEL_00443,Ghumanhera
DEL_00444,Ghumanhera
DEL_00445,Ghumanhera
DEL_00446,Ghumanhera
DEL_00447,Ghumanhera
DEL_00448,Daryapur
DEL_00449,Daryapur
DEL_00450,Daryapur
DEL_00451,Jaffarpur Kalan
DEL_00452,Jaffarpur Kalan
DEL_00453,Jaffarpur Kalan
DEL_00454,Jaffarpur Kalan
DEL_00455,Jaffarpur Kalan
DEL_00456,Jaffarpur Kalan
DEL_00457,Jaffarpur Kalan
DEL_00458,Mitraon
DEL_00459,Mitraon
DEL_00460,Mitraon
DEL_00461,Mitraon
DEL_00462,Surakhpur
DEL_00463,Surakhpur
DEL_00464,Isharheri
DEL_00465,Isharheri
DEL_00466,Isharheri
DEL_00467,Isharheri
DEL_00468,Isharheri
DEL_00469,Isharheri
DEL_00470,Jharoda Kalan
DEL_00471,Jharoda Kalan
DEL_00472,Jharoda Kalan
DEL_00473,Jharoda Kalan
DEL_00474,Jharoda Kalan
DEL_00475,Jharoda Kalan
DEL_00476,Kanonda
DEL_00477,Sohati
DEL_00478,Sohati
DEL_00479,Sohati
DEL_00480,Sohati
DEL_00481,Ghumanhera
DEL_00482,Ghumanhera
DEL_00483,Ghumanhera
DEL_00484,Ghumanhera
DEL_00485,Ghumanhera
DEL_00486,Ghumanhera
DEL_00487,Ghumanhera
DEL_00488,Ghumanhera
DEL_00489,Ghumanhera
DEL_00490,Ghumanhera
DEL_00491,Daryapur
DEL_00492,Daryapur
DEL_00493,Jaffarpur Kalan
DEL_00494,Jaffarpur Kalan
DEL_00495,Jaffarpur Kalan
DEL_00496,Jaffarpur Kalan
DEL_00497,Jaffarpur Kalan
DEL_00498,Jaffarpur Kalan
DEL_00499,Mitraon
DEL_00500,Mitraon
DEL_00501,Mitraon
DEL_00502,Mitraon
DEL_00503,Mitraon
DEL_00504,Surakhpur
DEL_00505,Surakhpur
DEL_00506,Surakhpur
DEL_00507,Isharheri
DEL_00508,Isharheri
DEL_00509,Isharheri
DEL_00510,Isharheri
DEL_00511,Jharoda Kalan
DEL_00512,Jharoda Kalan
DEL_00513,Jharoda Kalan
DEL_00514,Jharoda Kalan
DEL_00515,Jharoda Kalan
DEL_00516,Jharoda Kalan
DEL_00517,Jharoda Kalan
DEL_00518,Kanonda
DEL_00519,Kanonda
DEL_00520,Kanonda
DEL_00521,Kanonda
DEL_00522,Kanonda
DEL_00523,Kanonda
DEL_00524,Kanonda
DEL_00525,Ladrawan
DEL_00526,Ladrawan
DEL_00527,Ladrawan
DEL_00528,Ladrawan
DEL_00529,Sohati
DEL_00530,Sohati
DEL_00531,Sohati
DEL_00532,Sohati
DEL_00533,Sohati
DEL_00534,Sohati
DEL_00535,Ghumanhera
DEL_00536,Ghumanhera
DEL_00537,Ghumanhera
DEL_00538,Ghumanhera
DEL_00539,Ghumanhera
DEL_00540,Ghumanhera
DEL_00541,Ghumanhera
DEL_00542,Ghumanhera
DEL_00543,Ghumanhera
DEL_00544,Ghumanhera
DEL_00545,Ghumanhera
DEL_00546,Daryapur
DEL_00547,Jaffarpur Kalan
DEL_00548,Jaffarpur Kalan
DEL_00549,Jaffarpur Kalan
DEL_00550,Jaffarpur Kalan
DEL_00551,Mitraon
DEL_00552,Mitraon
DEL_00553,Mitraon
DEL_00554,Mitraon
DEL_00555,Mitraon
DEL_00556,Mitraon
DEL_00557,Mitraon
DEL_00558,Surakhpur
DEL_00559,Surakhpur
DEL_00560,Surakhpur
DEL_00561,Surakhpur
DEL_00562,Surakhpur
DEL_00563,Isharheri
DEL_00564,Jharoda Kalan
DEL_00565,Jharoda Kalan
DEL_00566,Jharoda Kalan
DEL_00567,Jharoda Kalan
DEL_00568,Jharoda Kalan
DEL_00569,Jharoda Kalan
DEL_00570,Jharoda Kalan
DEL_00571,Jharoda Kalan
DEL_00572,Jharoda Kalan
DEL_00573,Jharoda Kalan
DEL_00574,Kanonda
DEL_00575,Kanonda
DEL_00576,Kanonda
DEL_00577,Kanonda
DEL_00578,Kanonda
DEL_00579,Kanonda
DEL_00580,Kanonda
DEL_00581,Kanonda
DEL_00582,Kanonda
DEL_00583,Kanonda
DEL_00584,Kanonda
DEL_00585,Ladrawan
DEL_00586,Ladrawan
DEL_00587,Ladrawan
DEL_00588,Ladrawan
DEL_00589,Ladrawan
DEL_00590,Sohati
DEL_00591,Sohati
DEL_00592,Sohati
DEL_00593,Sohati
DEL_00594,Sohati
DEL_00595,Sohati
DEL_00596,Ghumanhera
DEL_00597,Ghumanhera
DEL_00598,Ghumanhera
DEL_00599,Ghumanhera
DEL_00600,Ghumanhera
DEL_00601,Ghumanhera
DEL_00602,Ghumanhera
DEL_00603,Ghumanhera
DEL_00604,Ghumanhera
DEL_00605,Ghumanhera
DEL_00606,Ghumanhera
DEL_00607,Ghumanhera
DEL_00608,Jaffarpur Kalan
DEL_00609,Khaira
DEL_00610,Khaira
DEL_00611,Khaira
DEL_00612,Mitraon
DEL_00613,Mitraon
DEL_00614,Mitraon
DEL_00615,Mitraon
DEL_00616,Mitraon
DEL_00617,Mitraon
DEL_00618,Mitraon
DEL_00619,Mitraon
DEL_00620,Surakhpur
DEL_00621,Surakhpur
DEL_00622,Surakhpur
DEL_00623,Surakhpur
DEL_00624,Jharoda Kalan
DEL_00625,Jharoda Kalan
DEL_00626,Jharoda Kalan
DEL_00627,Jharoda Kalan
DEL_00628,Jharoda Kalan
DEL_00629,Jharoda Kalan
DEL_00630,Jharoda Kalan
DEL_00631,Jharoda Kalan
DEL_00632,Jharoda Kalan
DEL_00633,Jharoda Kalan
DEL_00634,Jharoda Kalan
DEL_00635,Jharoda Kalan
DEL_00636,Jharoda Kalan
DEL_00637,Jharoda Kalan
DEL_00640,Kanonda
DEL_00641,Kanonda
DEL_00642,Kanonda
DEL_00643,Kanonda
DEL_00644,Kanonda
DEL_00645,Kanonda
DEL_00646,Kanonda
DEL_00647,Kanonda
DEL_00648,Kanonda
DEL_00649,Kanonda
DEL_00650,Kanonda
DEL_00651,Kanonda
DEL_00652,Kanonda
DEL_00653,Ladrawan
DEL_00654,Ladrawan
DEL_00655,Ladrawan
DEL_00656,Qutubgarh
DEL_00657,Qutubgarh
DEL_00658,Qutubgarh
DEL_00659,Qutubgarh
DEL_00660,Qutubgarh
DEL_00661,Qutubgarh
DEL_00662,Sohati
DEL_00663,Sohati
DEL_00664,Sector 107
DEL_00665,Sector 107
DEL_00666,Ghumanhera
DEL_00667,Ghumanhera
DEL_00668,Ghumanhera
DEL_00669,Ghumanhera
DEL_00670,Ghumanhera
DEL_00671,Ghumanhera
DEL_00672,Ghumanhera
DEL_00673,Ghumanhera
DEL_00674,Paprawat
DEL_00675,Paprawat
DEL_00676,Khaira
DEL_00677,Khaira
DEL_00678,Khaira
DEL_00679,Khaira
DEL_00680,Khaira
DEL_00681,Mitraon
DEL_00682,Mitraon
DEL_00683,Mitraon
DEL_00684,Mitraon
DEL_00685,Mitraon
DEL_00686,Saraswati Enclave
DEL_00687,Surakhpur
DEL_00688,Surakhpur
DEL_00689,Surakhpur
DEL_00690,Surakhpur
DEL_00691,Jharoda Kalan
DEL_00692,Jharoda Kalan
DEL_00693,Jharoda Kalan
DEL_00694,Jharoda Kalan
DEL_00695,Jharoda Kalan
DEL_00696,Jharoda Kalan
DEL_00697,Jharoda Kalan
DEL_00698,Jharoda Kalan
DEL_00699,Jharoda Kalan
DEL_00700,Jharoda Kalan
DEL_00701,Jharoda Kalan
DEL_00702,Jharoda Kalan
DEL_00703,Jharoda Kalan
DEL_00704,Jharoda Kalan
DEL_00705,Jharoda Kalan
DEL_00708,Kanonda
DEL_00709,Kanonda
DEL_00710,Kanonda
DEL_00711,Kanonda
DEL_00712,Kanonda
DEL_00713,Kanonda
DEL_00714,Kanonda
DEL_00715,Kanonda
DEL_00716,Kanonda
DEL_00717,Kanonda
DEL_00718,Kanonda
DEL_00719,Kanonda
DEL_00720,Kanonda
DEL_00721,Ladrawan
DEL_00722,Ladrawan
DEL_00723,Qutubgarh
DEL_00724,Qutubgarh
DEL_00725,Qutubgarh
DEL_00726,Qutubgarh
DEL_00727,Qutubgarh
DEL_00728,Qutubgarh
DEL_00729,Qutubgarh
DEL_00730,Qutubgarh
DEL_00731,Mungeshpur
DEL_00732,Mungeshpur
DEL_00733,Mungeshpur
DEL_00734,Mungeshpur
DEL_00735,Sector 107
DEL_00736,Dharampur
DEL_00737,Dharampur
DEL_00738,Dharampur
DEL_00739,Dharampur
DEL_00740,Ghumanhera
DEL_00741,Ghumanhera
DEL_00742,Ghumanhera
DEL_00743,Ghumanhera
DEL_00744,Paprawat
DEL_00745,Paprawat
DEL_00746,Paprawat
DEL_00747,Paprawat
DEL_00748,Khaira
DEL_00749,Khaira
DEL_00750,Khaira
DEL_00751,Khaira
DEL_00752,Khaira
DEL_00753,Khaira
DEL_00754,Khaira
DEL_00755,Saraswati Enclave
DEL_00756,Saraswati Enclave
DEL_00757,Saraswati Enclave
DEL_00758,Saraswati Enclave
DEL_00759,Saraswati Enclave
DEL_00760,Saraswati Enclave
DEL_00761,Surakhpur
DEL_00762,Jharoda Kalan
DEL_00763,Jharoda Kalan
DEL_00764,Jharoda Kalan
DEL_00765,Jharoda Kalan
DEL_00766,Jharoda Kalan
DEL_00767,Jharoda Kalan
DEL_00768,Jharoda Kalan
DEL_00769,Jharoda Kalan
DEL_00770,Jharoda Kalan
DEL_00771,Jharoda Kalan
DEL_00772,Jharoda Kalan
DEL_00773,Jharoda Kalan
DEL_00774,Jharoda Kalan
DEL_00775,Jharoda Kalan
DEL_00776,Hiran Kudna
DEL_00779,Kanjhawala
DEL_00780,Kanjhawala
DEL_00781,Kanonda
DEL_00782,Kanonda
DEL_00783,Kanonda
DEL_00784,Kanonda
DEL_00785,Kanonda
DEL_00786,Kanonda
DEL_00787,Kanonda
DEL_00788,Kanonda
DEL_00789,Kanonda
DEL_00790,Kanonda
DEL_00791,Ladrawan
DEL_00792,Qutubgarh
DEL_00793,Qutubgarh
DEL_00794,Qutubgarh
DEL_00795,Qutubgarh
DEL_00796,Qutubgarh
DEL_00797,Qutubgarh
DEL_00798,Qutubgarh
DEL_00799,Qutubgarh
DEL_00800,Qutubgarh
DEL_00801,Mungeshpur
DEL_00802,Mungeshpur
DEL_00803,Mungeshpur
DEL_00804,Mungeshpur
DEL_00805,Mungeshpur
DEL_00806,Dharampur
DEL_00807,Dharampur
DEL_00808,Dharampur
DEL_00809,Nankheri
DEL_00810,Nankheri
DEL_00811,Nankheri
DEL_00812,Nankheri
DEL_00813,Paprawat
DEL_00814,Paprawat
DEL_00815,Paprawat
DEL_00816,Paprawat
DEL_00817,Paprawat
DEL_00818,Paprawat
DEL_00819,Khaira
DEL_00820,Khaira
DEL_00821,Khaira
DEL_00822,Khaira
DEL_00823,Khaira
DEL_00824,Khaira
DEL_00825,Gopal Nagar
DEL_00826,Saraswati Enclave
DEL_00827,Saraswati Enclave
DEL_00828,Saraswati Enclave
DEL_00829,Saraswati Enclave
DEL_00830,Saraswati Enclave
DEL_00831,Saraswati Enclave
DEL_00832,Jharoda Kalan
DEL_00833,Jharoda Kalan
DEL_00834,Jharoda Kalan
DEL_00835,Jharoda Kalan
DEL_00836,Jharoda Kalan
DEL_00837,Jharoda Kalan
DEL_00838,Jharoda Kalan
DEL_00839,Jharoda Kalan
DEL_00840,Jharoda Kalan
DEL_00841,Jharoda Kalan
DEL_00842,Jharoda Kalan
DEL_00843,Hiran Kudna
DEL_00844,Hiran Kudna
DEL_00845,Hiran Kudna
DEL_00846,Hiran Kudna
DEL_00847,Hiran Kudna
DEL_00848,Kanjhawala
DEL_00849,Kanjhawala
DEL_00850,Kanjhawala
DEL_00851,Kanjhawala
DEL_00852,Kanjhawala
DEL_00853,Kanjhawala
DEL_00854,Kanjhawala
DEL_00855,Kanonda
DEL_00856,Kanonda
DEL_00857,Kanonda
DEL_00858,Kanonda
DEL_00859,Kanonda
DEL_00860,Kanonda
DEL_00861,Qutubgarh
DEL_00862,Qutubgarh
DEL_00863,Qutubgarh
DEL_00864,Qutubgarh
DEL_00865,Qutubgarh
DEL_00866,Qutubgarh
DEL_00867,Qutubgarh
DEL_00868,Qutubgarh
DEL_00869,Katewada
DEL_00870,Mungeshpur
DEL_00871,Mungeshpur
DEL_00872,Mungeshpur
DEL_00873,Mungeshpur
DEL_00874,Mungeshpur
DEL_00875,Dharampur
DEL_00876,Nankheri
DEL_00877,Nankheri
DEL_00878,Nankheri
DEL_00879,Nankheri
DEL_00880,Nankheri
DEL_00881,Paprawat
DEL_00882,Paprawat
DEL_00883,Paprawat
DEL_00884,Paprawat
DEL_00885,Paprawat
DEL_00886,Paprawat
DEL_00887,Paprawat
DEL_00888,Paprawat
DEL_00889,Khaira
DEL_00890,Khaira
DEL_00891,Khaira
DEL_00892,Khaira
DEL_00893,Gopal Nagar
DEL_00894,Gopal Nagar
DEL_00895,Saraswati Enclave
DEL_00896,Saraswati Enclave
DEL_00897,Saraswati Enclave
DEL_00898,Saraswati Enclave
DEL_00899,Saraswati Enclave
DEL_00900,Jharoda Kalan
DEL_00901,Jharoda Kalan
DEL_00902,Jharoda Kalan
DEL_00903,Jharoda Kalan
DEL_00904,Jharoda Kalan
DEL_00905,Jharoda Kalan
DEL_00906,Jharoda Kalan
DEL_00907,Jharoda Kalan
DEL_00908,Jharoda Kalan
DEL_00909,Hiran Kudna
DEL_00910,Hiran Kudna
DEL_00911,Hiran Kudna
DEL_00912,Hiran Kudna
DEL_00913,Hiran Kudna
DEL_00914,Hiran Kudna
DEL_00915,Kanjhawala
DEL_00916,Kanjhawala
DEL_00917,Kanjhawala
DEL_00918,Kanjhawala
DEL_00919,Kanjhawala
DEL_00920,Kanjhawala
DEL_00921,Kanjhawala
DEL_00922,Kanjhawala
DEL_00923,Kanjhawala
DEL_00924,Kanjhawala
DEL_00925,Kanjhawala
DEL_00926,Kanjhawala
DEL_00927,Kanonda
DEL_00928,Katewada
DEL_00929,Katewada
DEL_00930,Katewada
DEL_00931,Katewada
DEL_00932,Katewada
DEL_00933,Katewada
DEL_00934,Katewada
DEL_00935,Katewada
DEL_00936,Katewada
DEL_00937,Katewada
DEL_00938,Mungeshpur
DEL_00939,Mungeshpur
DEL_00940,Mungeshpur
DEL_00941,Mungeshpur
DEL_00942,Mungeshpur
DEL_00943,Nankheri
DEL_00944,Nankheri
DEL_00945,Nankheri
DEL_00946,Nankheri
DEL_00947,Nankheri
DEL_00948,Nankheri
DEL_00949,Chhawla
DEL_00950,Paprawat
DEL_00951,Paprawat
DEL_00952,Paprawat
DEL_00953,Paprawat
DEL_00954,Paprawat
DEL_00955,Paprawat
DEL_00956,Paprawat
DEL_00957,Paprawat
DEL_00958,Khaira
DEL_00959,Khaira
DEL_00960,Khaira
DEL_00961,Gopal Nagar
DEL_00962,Gopal Nagar
DEL_00963,Gopal Nagar
DEL_00964,Saraswati Enclave
DEL_00965,Saraswati Enclave
DEL_00966,Saraswati Enclave
DEL_00967,Saraswati Enclave
DEL_00968,Saraswati Enclave
DEL_00969,Jharoda Kalan
DEL_00970,Jharoda Kalan
DEL_00971,Jharoda Kalan
DEL_00972,Jharoda Kalan
DEL_00973,Jharoda Kalan
DEL_00974,Hiran Kudna
DEL_00975,Hiran Kudna
DEL_00976,Hiran Kudna
DEL_00977,Hiran Kudna
DEL_00978,Hiran Kudna
DEL_00979,Hiran Kudna
DEL_00980,Hiran Kudna
DEL_00981,Hiran Kudna
DEL_00982,Hiran Kudna
DEL_00983,Kanjhawala
DEL_00984,Kanjhawala
DEL_00985,Kanjhawala
DEL_00986,Kanjhawala
DEL_00987,Kanjhawala
DEL_00988,Kanjhawala
DEL_00989,Kanjhawala
DEL_00990,Kanjhawala
DEL_00991,Kanjhawala
DEL_00992,Kanjhawala
DEL_00993,Kanjhawala
DEL_00994,Kanjhawala
DEL_00995,Kanjhawala
DEL_00996,Katewada
DEL_00997,Katewada
DEL_00998,Katewada
DEL_00999,Katewada
DEL_01000,Katewada
DEL_01001,Katewada
DEL_01002,Katewada
DEL_01003,Katewada
DEL_01004,Katewada
DEL_01005,Katewada
DEL_01006,Katewada
DEL_01007,Mungeshpur
DEL_01008,Mungeshpur
DEL_01009,Mungeshpur
DEL_01010,Mungeshpur
DEL_01011,Mungeshpur
DEL_01012,Mungeshpur
DEL_01013,Nankheri
DEL_01014,Nankheri
DEL_01015,Nankheri
DEL_01016,Nankheri
DEL_01017,Nankheri
DEL_01018,Nankheri
DEL_01019,Chhawla
DEL_01020,Chhawla
DEL_01021,Chhawla
DEL_01022,Chhawla
DEL_01023,Paprawat
DEL_01024,Paprawat
DEL_01025,Paprawat
DEL_01026,Paprawat
DEL_01027,Paprawat
DEL_01028,Paprawat
DEL_01029,Paprawat
DEL_01030,Khaira
DEL_01031,Najafgarh
DEL_01032,Najafgarh
DEL_01033,Najafgarh
DEL_01034,Najafgarh
DEL_01035,Najafgarh
DEL_01036,Najafgarh
DEL_01037,Najafgarh
DEL_01038,Najafgarh
DEL_01039,Najafgarh
DEL_01040,Jharoda Kalan
DEL_01041,Jharoda Kalan
DEL_01042,Hiran Kudna
DEL_01043,Hiran Kudna
DEL_01044,Hiran Kudna
DEL_01045,Hiran Kudna
DEL_01046,Hiran Kudna
DEL_01047,Hiran Kudna
DEL_01048,Hiran Kudna
DEL_01049,Hiran Kudna
DEL_01050,Hiran Kudna
DEL_01051,Hiran Kudna
DEL_01052,Hiran Kudna
DEL_01053,Hiran Kudna
DEL_01054,Kanjhawala
DEL_01055,Kanjhawala
DEL_01056,Kanjhawala
DEL_01057,Kanjhawala
DEL_01058,Kanjhawala
DEL_01059,Kanjhawala
DEL_01060,Kanjhawala
DEL_01061,Kanjhawala
DEL_01062,Kanjhawala
DEL_01063,Kanjhawala
DEL_01064,Kanjhawala
DEL_01065,Kanjhawala
DEL_01066,Kanjhawala
DEL_01067,Kanjhawala
DEL_01068,Katewada
DEL_01069,Katewada
DEL_01070,Katewada
DEL_01071,Katewada
DEL_01072,Katewada
DEL_01073,Katewada
DEL_01074,Katewada
DEL_01075,Katewada
DEL_01076,Katewada
DEL_01077,Katewada
DEL_01078,Mungeshpur
DEL_01079,Mungeshpur
DEL_01080,Mungeshpur
DEL_01081,Auchandi
DEL_01082,Auchandi
DEL_01083,Auchandi
DEL_01084,Nankheri
DEL_01085,Nankheri
DEL_01086,Nankheri
DEL_01087,Nankheri
DEL_01088,Nankheri
DEL_01089,Nankheri
DEL_01090,Chhawla
DEL_01091,Chhawla
DEL_01092,Chhawla
DEL_01093,Chhawla
DEL_01094,Chhawla
DEL_01095,Paprawat
DEL_01096,Paprawat
DEL_01097,Paprawat
DEL_01098,Paprawat
DEL_01099,Paprawat
DEL_01100,Paprawat
DEL_01101,Paprawat
DEL_01102,Najafgarh
DEL_01103,Najafgarh
DEL_01104,Najafgarh
DEL_01105,Najafgarh
DEL_01106,Najafgarh
DEL_01107,Najafgarh
DEL_01108,Najafgarh
DEL_01109,Najafgarh
DEL_01110,Najafgarh
DEL_01111,Najafgarh
DEL_01112,Hiran Kudna
DEL_01113,Hiran Kudna
DEL_01114,Hiran Kudna
DEL_01115,Hiran Kudna
DEL_01116,Hiran Kudna
DEL_01117,Hiran Kudna
DEL_01118,Hiran Kudna
DEL_01119,Hiran Kudna
DEL_01120,Hiran Kudna
DEL_01121,Hiran Kudna
DEL_01122,Hiran Kudna
DEL_01123,Hiran Kudna
DEL_01124,Hiran Kudna
DEL_01125,Kanjhawala
DEL_01126,Kanjhawala
DEL_01127,Kanjhawala
DEL_01128,Kanjhawala
DEL_01129,Kanjhawala
DEL_01130,Kanjhawala
DEL_01131,Kanjhawala
DEL_01132,Kanjhawala
DEL_01133,Kanjhawala
DEL_01134,Kanjhawala
DEL_01135,Kanjhawala
DEL_01136,Kanjhawala
DEL_01137,Kanjhawala
DEL_01138,Kanjhawala
DEL_01139,Katewada
DEL_01140,Katewada
DEL_01141,Katewada
DEL_01142,Katewada
DEL_01143,Katewada
DEL_01144,Katewada
DEL_01145,Katewada
DEL_01146,Bajitpur Thakran
DEL_01147,Bajitpur Thakran
DEL_01148,Auchandi
DEL_01149,Auchandi
DEL_01150,Auchandi
DEL_01151,Auchandi
DEL_01152,Auchandi
DEL_01153,Auchandi
DEL_01154,Auchandi
DEL_01155,Nankheri
DEL_01156,Nankheri
DEL_01157,Nankheri
DEL_01158,Nankheri
DEL_01159,Sector 115
DEL_01160,Sector 115
DEL_01161,Chhawla
DEL_01162,Chhawla
DEL_01163,Chhawla
DEL_01164,Chhawla
DEL_01165,Chhawla
DEL_01166,Chhawla
DEL_01167,Paprawat
DEL_01168,Paprawat
DEL_01169,Paprawat
DEL_01170,Paprawat
DEL_01171,Shyam Vihar
DEL_01172,Shyam Vihar
DEL_01173,Najafgarh
DEL_01174,Najafgarh
DEL_01175,Najafgarh
DEL_01176,Najafgarh
DEL_01177,Najafgarh
DEL_01178,Najafgarh
DEL_01179,Najafgarh
DEL_01180,Najafgarh
DEL_01181,Gemini Park
DEL_01182,Lok Nayak Puram
DEL_01183,Hiran Kudna
DEL_01184,Hiran Kudna
DEL_01185,Hiran Kudna
DEL_01186,Hiran Kudna
DEL_01187,Hiran Kudna
DEL_01188,Hiran Kudna
DEL_01189,Hiran Kudna
DEL_01190,Hiran Kudna
DEL_01191,Hiran Kudna
DEL_01192,Hiran Kudna
DEL_01193,Hiran Kudna
DEL_01194,Hiran Kudna
DEL_01195,Hiran Kudna
DEL_01196,Kanjhawala
DEL_01197,Kanjhawala
DEL_01198,Kanjhawala
DEL_01199,Kanjhawala
DEL_01200,Kanjhawala
DEL_01201,Kanjhawala
DEL_01202,Kanjhawala
DEL_01203,Kanjhawala
DEL_01204,Kanjhawala
DEL_01205,Kanjhawala
DEL_01206,Kanjhawala
DEL_01207,Kanjhawala
DEL_01208,Kanjhawala
DEL_01209,Kanjhawala
DEL_01210,Bajitpur Thakran
DEL_01211,Bajitpur Thakran
DEL_01212,Bajitpur Thakran
DEL_01213,Bajitpur Thakran
DEL_01214,Bajitpur Thakran
DEL_01215,Bajitpur Thakran
DEL_01216,Bajitpur Thakran
DEL_01217,Bajitpur Thakran
DEL_01218,Bajitpur Thakran
DEL_01219,Bajitpur Thakran
DEL_01220,Auchandi
DEL_01221,Auchandi
DEL_01222,Auchandi
DEL_01223,Auchandi
DEL_01224,Auchandi
DEL_01225,Jhinjoli Village
DEL_01226,Nankheri
DEL_01227,Nankheri
DEL_01228,Nankheri
DEL_01229,Nankheri
DEL_01230,Sector 115
DEL_01231,Sector 115
DEL_01232,Sector 115
DEL_01233,Chhawla
DEL_01234,Chhawla
DEL_01235,Chhawla
DEL_01236,Chhawla
DEL_01237,Chhawla
DEL_01238,Chhawla
DEL_01239,Chhawla
DEL_01240,Shyam Vihar
DEL_01241,Shyam Vihar
DEL_01242,Shyam Vihar
DEL_01243,Shyam Vihar
DEL_01244,Shyam Vihar
DEL_01245,Shyam Vihar
DEL_01246,Najafgarh
DEL_01247,Najafgarh
DEL_01248,Gemini Park
DEL_01249,Gemini Park
DEL_01250,Gemini Park
DEL_01251,Gemini Park
DEL_01252,Gemini Park
DEL_01253,Gemini Park
DEL_01254,Lok Nayak Puram
DEL_01255,Lok Nayak Puram
DEL_01256,Lok Nayak Puram
DEL_01257,Hiran Kudna
DEL_01258,Hiran Kudna
DEL_01259,Hiran Kudna
DEL_01260,Hiran Kudna
DEL_01261,Hiran Kudna
DEL_01262,Hiran Kudna
DEL_01263,Hiran Kudna
DEL_01264,Hiran Kudna
DEL_01265,Hiran Kudna
DEL_01266,Hiran Kudna
DEL_01267,Hiran Kudna
DEL_01268,Kanjhawala
DEL_01269,Kanjhawala
DEL_01270,Kanjhawala
DEL_01271,Kanjhawala
DEL_01272,Kanjhawala
DEL_01273,Kanjhawala
DEL_01274,Kanjhawala
DEL_01275,Kanjhawala
DEL_01276,Kanjhawala
DEL_01277,Kanjhawala
DEL_01278,Kanjhawala
DEL_01279,Kanjhawala
DEL_01280,Kanjhawala
DEL_01281,Kanjhawala
DEL_01282,Kanjhawala
DEL_01283,Bajitpur Thakran
DEL_01284,Bajitpur Thakran
DEL_01285,Bajitpur Thakran
DEL_01286,Bajitpur Thakran
DEL_01287,Bajitpur Thakran
DEL_01288,Bajitpur Thakran
DEL_01289,Bajitpur Thakran
DEL_01290,Bajitpur Thakran
DEL_01291,Bajitpur Thakran
DEL_01292,Auchandi
DEL_01293,Auchandi
DEL_01294,Auchandi
DEL_01295,Auchandi
DEL_01296,Auchandi
DEL_01297,Jhinjoli Village
DEL_01298,Sector 109
DEL_01299,Nankheri
DEL_01300,Sector 115
DEL_01301,Sector 115
DEL_01302,Sector 115
DEL_01303,Sector 115
DEL_01304,Sector 115
DEL_01305,Chhawla
DEL_01306,Chhawla
DEL_01307,Chhawla
DEL_01308,Chhawla
DEL_01309,Chhawla
DEL_01310,Chhawla
DEL_01311,Tajpur Khurd
DEL_01312,Shyam Vihar
DEL_01313,Shyam Vihar
DEL_01314,Shyam Vihar
DEL_01315,Shyam Vihar
DEL_01316,Shyam Vihar
DEL_01317,Shyam Vihar
DEL_01318,Gemini Park
DEL_01319,Gemini Park
DEL_01320,Gemini Park
DEL_01321,Gemini Park
DEL_01322,Gemini Park
DEL_01323,Gemini Park
DEL_01324,Gemini Park
DEL_01325,Gemini Park
DEL_01326,Lok Nayak Puram
DEL_01327,Lok Nayak Puram
DEL_01328,Lok Nayak Puram
DEL_01329,Lok Nayak Puram
DEL_01330,Lok Nayak Puram
DEL_01331,Hiran Kudna
DEL_01332,Hiran Kudna
DEL_01333,Hiran Kudna
DEL_01334,Hiran Kudna
DEL_01335,Hiran Kudna
DEL_01336,Hiran Kudna
DEL_01337,Hiran Kudna
DEL_01338,Hiran Kudna
DEL_01339,Hiran Kudna
DEL_01340,Kanjhawala
DEL_01341,Kanjhawala
DEL_01342,Kanjhawala
DEL_01343,Kanjhawala
DEL_01344,Kanjhawala
DEL_01345,Kanjhawala
DEL_01346,Kanjhawala
DEL_01347,Kanjhawala
DEL_01348,Kanjhawala
DEL_01349,Kanjhawala
DEL_01350,Kanjhawala
DEL_01351,Kanjhawala
DEL_01352,Kanjhawala
DEL_01353,Kanjhawala
DEL_01354,Kanjhawala
DEL_01355,Bajitpur Thakran
DEL_01356,Bajitpur Thakran
DEL_01357,Bajitpur Thakran
DEL_01358,Bajitpur Thakran
DEL_01359,Bajitpur Thakran
DEL_01360,Bajitpur Thakran
DEL_01361,Bajitpur Thakran
DEL_01362,Bajitpur Thakran
DEL_01363,Bajitpur Thakran
DEL_01364,Daryapur Kalan
DEL_01365,Auchandi
DEL_01366,Auchandi
DEL_01367,Auchandi
DEL_01368,Auchandi
DEL_01369,Jhinjoli Village
DEL_01370,Sector 109
DEL_01371,Sector 109
DEL_01372,Sector 109
DEL_01373,Sector 115
DEL_01374,Sector 115
DEL_01375,Sector 115
DEL_01376,Sector 115
DEL_01377,Chhawla
DEL_01378,Chhawla
DEL_01379,Chhawla
DEL_01380,Chhawla
DEL_01381,Chhawla
DEL_01382,Tajpur Khurd
DEL_01383,Goyla Khurd
DEL_01384,Goyla Khurd
DEL_01385,Shyam Vihar
DEL_01386,Shyam Vihar
DEL_01387,Shyam Vihar
DEL_01388,Shyam Vihar
DEL_01389,Gemini Park
DEL_01390,Gemini Park
DEL_01391,Gemini Park
DEL_01392,Gemini Park
DEL_01393,Gemini Park
DEL_01394,Gemini Park
DEL_01395,Gemini Park
DEL_01396,Gemini Park
DEL_01397,Lok Nayak Puram
DEL_01398,Lok Nayak Puram
DEL_01399,Lok Nayak Puram
DEL_01400,Lok Nayak Puram
DEL_01401,Lok Nayak Puram
DEL_01402,Lok Nayak Puram
DEL_01403,Hiran Kudna
DEL_01404,Hiran Kudna
DEL_01405,Hiran Kudna
DEL_01406,Hiran Kudna
DEL_01407,Hiran Kudna
DEL_01408,Hiran Kudna
DEL_01409,Hiran Kudna
DEL_01410,Hiran Kudna
DEL_01411,Kanjhawala
DEL_01412,Kanjhawala
DEL_01413,Kanjhawala
DEL_01414,Kanjhawala
DEL_01415,Kanjhawala
DEL_01416,Kanjhawala
DEL_01417,Kanjhawala
DEL_01418,Kanjhawala
DEL_01419,Kanjhawala
DEL_01420,Kanjhawala
DEL_01421,Kanjhawala
DEL_01422,Kanjhawala
DEL_01423,Kanjhawala
DEL_01424,Kanjhawala
DEL_01425,Kanjhawala
DEL_01426,Bajitpur Thakran
DEL_01427,Bajitpur Thakran
DEL_01428,Bajitpur Thakran
DEL_01429,Bajitpur Thakran
DEL_01430,Bajitpur Thakran
DEL_01431,Bajitpur Thakran
DEL_01432,Bajitpur Thakran
DEL_01433,Daryapur Kalan
DEL_01434,Daryapur Kalan
DEL_01435,Daryapur Kalan
DEL_01436,Daryapur Kalan
DEL_01437,Daryapur Kalan
DEL_01438,Daryapur Kalan
DEL_01439,Jhinjoli Village
DEL_01440,Jhinjoli Village
DEL_01441,Sector 109
DEL_01442,Sector 109
DEL_01443,Sector 109
DEL_01444,Sector 114
DEL_01445,Sector 115
DEL_01446,Sector 115
DEL_01447,Sector 115
DEL_01448,Chhawla
DEL_01449,Chhawla
DEL_01450,Chhawla
DEL_01451,Chhawla
DEL_01452,Tajpur Khurd
DEL_01453,Tajpur Khurd
DEL_01454,Tajpur Khurd
DEL_01455,Goyla Khurd
DEL_01456,Goyla Khurd
DEL_01457,Goyla Khurd
DEL_01458,Shyam Vihar
DEL_01459,Shyam Vihar
DEL_01460,Gemini Park
DEL_01461,Gemini Park
DEL_01462,Gemini Park
DEL_01463,Gemini Park
DEL_01464,Gemini Park
DEL_01465,Gemini Park
DEL_01466,Gemini Park
DEL_01467,Gemini Park
DEL_01468,Lok Nayak Puram
DEL_01469,Lok Nayak Puram
DEL_01470,Lok Nayak Puram
DEL_01471,Lok Nayak Puram
DEL_01472,Lok Nayak Puram
DEL_01473,Lok Nayak Puram
DEL_01474,Lok Nayak Puram
DEL_01475,Lok Nayak Puram
DEL_01476,Hiran Kudna
DEL_01477,Hiran Kudna
DEL_01478,Hiran Kudna
DEL_01479,Mundka
DEL_01480,Mundka
DEL_01481,Mundka
DEL_01482,Kanjhawala
DEL_01483,Kanjhawala
DEL_01484,Kanjhawala
DEL_01485,Kanjhawala
DEL_01486,Kanjhawala
DEL_01487,Kanjhawala
DEL_01488,Kanjhawala
DEL_01489,Kanjhawala
DEL_01490,Kanjhawala
DEL_01491,Kanjhawala
DEL_01492,Kanjhawala
DEL_01493,Kanjhawala
DEL_01494,Kanjhawala
DEL_01495,Kanjhawala
DEL_01496,Kanjhawala
DEL_01497,Bawana
DEL_01498,Bawana
DEL_01499,Bawana
DEL_01500,Bajitpur Thakran
DEL_01501,Bajitpur Thakran
DEL_01502,Bajitpur Thakran
DEL_01503,Daryapur Kalan
DEL_01504,Daryapur Kalan
DEL_01505,Daryapur Kalan
DEL_01506,Daryapur Kalan
DEL_01507,Daryapur Kalan
DEL_01508,Daryapur Kalan
DEL_01509,Daryapur Kalan
DEL_01510,Jhinjoli Village
DEL_01511,Jhinjoli Village
DEL_01512,Sector 112
DEL_01513,Sector 112
DEL_01514,South Dwarka
DEL_01515,Sector 114
DEL_01516,Sector 114
DEL_01517,Sector 115
DEL_01518,Sector 115
DEL_01519,Chhawla
DEL_01520,Chhawla
DEL_01521,Chhawla
DEL_01522,Tajpur Khurd
DEL_01523,Tajpur Khurd
DEL_01524,Tajpur Khurd
DEL_01525,Tajpur Khurd
DEL_01526,Goyla Khurd
DEL_01527,Goyla Khurd
DEL_01528,Goyla Khurd
DEL_01529,Goyla Khurd
DEL_01530,Gemini Park
DEL_01531,Gemini Park
DEL_01532,Gemini Park
DEL_01533,Gemini Park
DEL_01534,Gemini Park
DEL_01535,Gemini Park
DEL_01536,Gemini Park
DEL_01537,Gemini Park
DEL_01538,Gemini Park
DEL_01539,JJ Colony
DEL_01540,JJ Colony
DEL_01541,JJ Colony
DEL_01542,JJ Colony
DEL_01543,JJ Colony
DEL_01544,JJ Colony
DEL_01545,JJ Colony
DEL_01546,JJ Colony
DEL_01547,Mundka
DEL_01548,Mundka
DEL_01549,Mundka
DEL_01550,Mundka
DEL_01551,Mundka
DEL_01552,Mundka
DEL_01553,Mundka
DEL_01554,Kanjhawala
DEL_01555,Kanjhawala
DEL_01556,Kanjhawala
DEL_01557,Kanjhawala
DEL_01558,Kanjhawala
DEL_01559,Kanjhawala
DEL_01560,Kanjhawala
DEL_01561,Kanjhawala
DEL_01562,Kanjhawala
DEL_01563,Kanjhawala
DEL_01564,Kanjhawala
DEL_01565,Kanjhawala
DEL_01566,Kanjhawala
DEL_01567,Bawana
DEL_01568,Bawana
DEL_01569,Bawana
DEL_01570,Bawana
DEL_01571,Bawana
DEL_01572,Bawana
DEL_01573,Bawana
DEL_01574,Bawana
DEL_01575,Daryapur Kalan
DEL_01576,Daryapur Kalan
DEL_01577,Daryapur Kalan
DEL_01578,Daryapur Kalan
DEL_01579,Daryapur Kalan
DEL_01580,Daryapur Kalan
DEL_01581,Daryapur Kalan
DEL_01582,Jhinjoli Village
DEL_01583,South Dwarka
DEL_01584,South Dwarka
DEL_01585,Sector 114
DEL_01586,Sector 114
DEL_01587,Chhawla
DEL_01588,Chhawla
DEL_01589,Chhawla
DEL_01590,Qutub Vihar
DEL_01591,Qutub Vihar
DEL_01592,Tajpur Khurd
DEL_01593,Tajpur Khurd
DEL_01594,Goyla Khurd
DEL_01595,Goyla Khurd
DEL_01596,Goyla Khurd
DEL_01597,Goyla Khurd
DEL_01598,Goyla Khurd
DEL_01599,Gemini Park
DEL_01600,Gemini Park
DEL_01601,Gemini Park
DEL_01602,Gemini Park
DEL_01603,Gemini Park
DEL_01604,Gemini Park
DEL_01605,Gemini Park
DEL_01606,Gemini Park
DEL_01607,JJ Colony
DEL_01608,JJ Colony
DEL_01609,JJ Colony
DEL_01610,JJ Colony
DEL_01611,JJ Colony
DEL_01612,JJ Colony
DEL_01613,JJ Colony
DEL_01614,Mundka
DEL_01615,Mundka
DEL_01616,Mundka
DEL_01617,Mundka
DEL_01618,Mundka
DEL_01619,Mundka
DEL_01620,Mundka
DEL_01621,Mundka
DEL_01622,Mundka
DEL_01623,Kanjhawala
DEL_01624,Kanjhawala
DEL_01625,Kanjhawala
DEL_01626,Kanjhawala
DEL_01627,Kanjhawala
DEL_01628,Kanjhawala
DEL_01629,Kanjhawala
DEL_01630,Kanjhawala
DEL_01631,Kanjhawala
DEL_01632,Kanjhawala
DEL_01633,Kanjhawala
DEL_01634,Kanjhawala
DEL_01635,Bawana
DEL_01636,Bawana
DEL_01637,Bawana
DEL_01638,Bawana
DEL_01639,Bawana
DEL_01640,Bawana
DEL_01641,Bawana
DEL_01642,Bawana
DEL_01643,Bawana
DEL_01644,Bawana
DEL_01645,Daryapur Kalan
DEL_01646,Daryapur Kalan
DEL_01647,Daryapur Kalan
DEL_01648,Daryapur Kalan
DEL_01649,Daryapur Kalan
DEL_01650,Jhinjoli Village
DEL_01651,Sector 113
DEL_01652,Sector 113
DEL_01653,Sector 113
DEL_01654,Sector 113
DEL_01655,South Dwarka
DEL_01656,Qutub Vihar
DEL_01657,Qutub Vihar
DEL_01658,Qutub Vihar
DEL_01659,Qutub Vihar
DEL_01660,Qutub Vihar
DEL_01661,Qutub Vihar
DEL_01662,Qutub Vihar
DEL_01663,Qutub Vihar
DEL_01664,Qutub Vihar
DEL_01665,Goyla Khurd
DEL_01666,Dwarka
DEL_01667,Dwarka
DEL_01668,Dwarka
DEL_01669,Gemini Park
DEL_01670,Nawada
DEL_01671,Nawada
DEL_01672,Nawada
DEL_01673,Nawada
DEL_01674,Nawada
DEL_01675,Nawada
DEL_01676,JJ Colony
DEL_01677,JJ Colony
DEL_01678,JJ Colony
DEL_01679,JJ Colony
DEL_01680,JJ Colony
DEL_01681,JJ Colony
DEL_01682,Mundka
DEL_01683,Mundka
DEL_01684,Mundka
DEL_01685,Mundka
DEL_01686,Mundka
DEL_01687,Mundka
DEL_01688,Mundka
DEL_01689,Mundka
DEL_01690,Mundka
DEL_01691,Mundka
DEL_01692,Kanjhawala
DEL_01693,Kanjhawala
DEL_01694,Kanjhawala
DEL_01695,Kanjhawala
DEL_01696,Kanjhawala
DEL_01697,Kanjhawala
DEL_01698,Kanjhawala
DEL_01699,Kanjhawala
DEL_01700,Kanjhawala
DEL_01701,Kanjhawala
DEL_01702,Barwala
DEL_01703,Barwala
DEL_01704,Bawana
DEL_01705,Bawana
DEL_01706,Bawana
DEL_01707,Bawana
DEL_01708,Bawana
DEL_01709,Bawana
DEL_01710,Bawana
DEL_01711,Bawana
DEL_01712,Bawana
DEL_01713,Bawana
DEL_01714,Bawana
DEL_01715,Bawana
DEL_01716,Daryapur Kalan
DEL_01717,Daryapur Kalan
DEL_01718,Daryapur Kalan
DEL_01719,Jhinjoli Village
DEL_01720,Sector 113
DEL_01721,Sector 113
DEL_01722,Sector 113
DEL_01723,Sector 113
DEL_01724,Sector 113
DEL_01725,Qutub Vihar
DEL_01726,Qutub Vihar
DEL_01727,Qutub Vihar
DEL_01728,Qutub Vihar
DEL_01729,Qutub Vihar
DEL_01730,Qutub Vihar
DEL_01731,Qutub Vihar
DEL_01732,Qutub Vihar
DEL_01733,Qutub Vihar
DEL_01734,Dwarka
DEL_01735,Dwarka
DEL_01736,Dwarka
DEL_01737,Dwarka
DEL_01738,Dwarka
DEL_01739,Nawada
DEL_01740,Nawada
DEL_01741,Nawada
DEL_01742,Nawada
DEL_01743,Nawada
DEL_01744,Nawada
DEL_01745,Hastsal
DEL_01746,Hastsal
DEL_01747,JJ Colony
DEL_01748,JJ Colony
DEL_01749,JJ Colony
DEL_01750,Mundka
DEL_01751,Mundka
DEL_01752,Mundka
DEL_01753,Mundka
DEL_01754,Mundka
DEL_01755,Mundka
DEL_01756,Mundka
DEL_01757,Mundka
DEL_01758,Mundka
DEL_01759,Mundka
DEL_01760,Mundka
DEL_01761,Begum Pur
DEL_01762,Begum Pur
DEL_01763,Begum Pur
DEL_01764,Begum Pur
DEL_01765,Begum Pur
DEL_01766,Begum Pur
DEL_01767,Kanjhawala
DEL_01768,Kanjhawala
DEL_01769,Barwala
DEL_01770,Barwala
DEL_01771,Barwala
DEL_01772,Barwala
DEL_01773,Barwala
DEL_01774,Bawana
DEL_01775,Bawana
DEL_01776,Bawana
DEL_01777,Bawana
DEL_01778,Bawana
DEL_01779,Bawana
DEL_01780,Bawana
DEL_01781,Bawana
DEL_01782,Bawana
DEL_01783,Bawana
DEL_01784,Bawana
DEL_01785,Bawana
DEL_01786,Bawana
DEL_01787,Daryapur Kalan
DEL_01788,Nahari
DEL_01789,Nahari
DEL_01790,Nahari
DEL_01791,Nahari
DEL_01792,Sector 111
DEL_01793,Sector 111
DEL_01794,Sector 113
DEL_01795,Sector 113
DEL_01796,Sector 113
DEL_01797,Sector 113
DEL_01798,Qutub Vihar
DEL_01799,Qutub Vihar
DEL_01800,Qutub Vihar
DEL_01801,Qutub Vihar
DEL_01802,Qutub Vihar
DEL_01803,Qutub Vihar
DEL_01804,Qutub Vihar
DEL_01805,Qutub Vihar
DEL_01806,Pocket 5
DEL_01807,Dwarka
DEL_01808,Dwarka
DEL_01809,Dwarka
DEL_01810,Dwarka
DEL_01811,Dwarka
DEL_01812,Nawada
DEL_01813,Nawada
DEL_01814,Nawada
DEL_01815,Nawada
DEL_01816,Nawada
DEL_01817,Hastsal
DEL_01818,Hastsal
DEL_01819,Hastsal
DEL_01820,Hastsal
DEL_01821,JJ Colony
DEL_01822,Mundka
DEL_01823,Mundka
DEL_01824,Mundka
DEL_01825,Mundka
DEL_01826,Mundka
DEL_01827,Mundka
DEL_01828,Mundka
DEL_01829,Mundka
DEL_01830,Mundka
DEL_01831,Mundka
DEL_01832,Mundka
DEL_01833,Begum Pur
DEL_01834,Begum Pur
DEL_01835,Begum Pur
DEL_01836,Begum Pur
DEL_01837,Begum Pur
DEL_01838,Begum Pur
DEL_01839,Begum Pur
DEL_01840,Begum Pur
DEL_01841,Barwala
DEL_01842,Barwala
DEL_01843,Barwala
DEL_01844,Barwala
DEL_01845,Barwala
DEL_01846,Barwala
DEL_01847,Barwala
DEL_01848,Bawana
DEL_01849,Bawana
DEL_01850,Bawana
DEL_01851,Bawana
DEL_01852,Bawana
DEL_01853,Bawana
DEL_01854,Bawana
DEL_01855,Bawana
DEL_01856,Bawana
DEL_01857,Bawana
DEL_01858,Bawana
DEL_01859,Bawana
DEL_01860,Lampur
DEL_01861,Lampur
DEL_01862,Nahari
DEL_01863,Nahari
DEL_01864,Nahari
DEL_01865,Nahari
DEL_01866,Nahari
DEL_01867,Sector 1
DEL_01868,Sector 111
DEL_01869,Sector 111
DEL_01870,Sector 111
DEL_01871,Sector 113
DEL_01872,Sector 113
DEL_01873,Sector 113
DEL_01874,Qutub Vihar
DEL_01875,Qutub Vihar
DEL_01876,Qutub Vihar
DEL_01877,Qutub Vihar
DEL_01878,Amberhai
DEL_01879,Amberhai
DEL_01880,Amberhai
DEL_01881,Pocket 5
DEL_01882,Pocket 5
DEL_01883,Pocket 5
DEL_01884,Dwarka
DEL_01885,Dwarka
DEL_01886,Dwarka
DEL_01887,Dwarka
DEL_01888,Nawada
DEL_01889,Nawada
DEL_01890,Nawada
DEL_01891,Nawada
DEL_01892,Hastsal
DEL_01893,Hastsal
DEL_01894,Hastsal
DEL_01895,Hastsal
DEL_01896,Hastsal
DEL_01897,Hastsal
DEL_01898,Kammruddin Nagar
DEL_01899,Nangloi Extension
DEL_01900,Nangloi Extension
DEL_01901,Nangloi Extension
DEL_01902,Nangloi Extension
DEL_01903,Nangloi Extension
DEL_01904,Mundka
DEL_01905,Mundka
DEL_01906,Mundka
DEL_01907,Mundka
DEL_01908,Sultanpuri
DEL_01909,Begum Pur
DEL_01910,Begum Pur
DEL_01911,Begum Pur
DEL_01912,Begum Pur
DEL_01913,Begum Pur
DEL_01914,Begum Pur
DEL_01915,Begum Pur
DEL_01916,Begum Pur
DEL_01917,Barwala
DEL_01918,Barwala
DEL_01919,Barwala
DEL_01920,Barwala
DEL_01921,Barwala
DEL_01922,Barwala
DEL_01923,Barwala
DEL_01924,Bawana
DEL_01925,Bawana
DEL_01926,Bawana
DEL_01927,Bawana
DEL_01928,Bawana
DEL_01929,Bawana
DEL_01930,Bawana
DEL_01931,Bawana
DEL_01932,Bawana
DEL_01933,Bawana
DEL_01934,Bawana
DEL_01935,Bawana
DEL_01936,Lampur
DEL_01937,Lampur
DEL_01938,Lampur
DEL_01939,Nahari
DEL_01940,Nahari
DEL_01941,Nahari
DEL_01942,Nahari
DEL_01943,Nahari
DEL_01944,Nahari
DEL_01945,Sector 1
DEL_01946,Sector 1
DEL_01947,Sector 1
DEL_01948,Sector 1
DEL_01949,Sector 111
DEL_01950,Sector 111
DEL_01951,Sector 111
DEL_01952,Sector 113
DEL_01953,Amberhai
DEL_01954,Amberhai
DEL_01955,Amberhai
DEL_01956,Amberhai
DEL_01957,Amberhai
DEL_01958,Amberhai
DEL_01959,Amberhai
DEL_01960,Amberhai
DEL_01961,Pocket 5
DEL_01962,Pocket 5
DEL_01963,Dwarka
DEL_01964,Dwarka
DEL_01965,Dwarka
DEL_01966,Dwarka
DEL_01967,Nawada
DEL_01968,Nawada
DEL_01969,Nawada
DEL_01970,Nawada
DEL_01971,Hastsal
DEL_01972,Hastsal
DEL_01973,Hastsal
DEL_01974,Hastsal
DEL_01975,Hastsal
DEL_01976,Hastsal
DEL_01977,Kammruddin Nagar
DEL_01978,Kammruddin Nagar
DEL_01979,Kammruddin Nagar
DEL_01980,Nangloi Extension
DEL_01981,Nangloi Extension
DEL_01982,Nangloi Extension
DEL_01983,Nangloi Extension
DEL_01984,Nangloi Extension
DEL_01985,Nangloi Extension
DEL_01986,Sultanpuri
DEL_01987,Sultanpuri
DEL_01988,Begum Pur
DEL_01989,Begum Pur
DEL_01990,Begum Pur
DEL_01991,Begum Pur
DEL_01992,Begum Pur
DEL_01993,Begum Pur
DEL_01994,Begum Pur
DEL_01995,Begum Pur
DEL_01996,Barwala
DEL_01997,Barwala
DEL_01998,Barwala
DEL_01999,Barwala
DEL_02000,Barwala
DEL_02001,Barwala
DEL_02002,Barwala
DEL_02003,Barwala
DEL_02004,Bawana
DEL_02005,Bawana
DEL_02006,Bawana
DEL_02007,Bawana
DEL_02008,Bawana
DEL_02009,Bawana
DEL_02010,Bawana
DEL_02011,Bawana
DEL_02012,Bawana
DEL_02013,Bawana
DEL_02014,Lampur
DEL_02015,Lampur
DEL_02016,Lampur
DEL_02017,Lampur
DEL_02018,Lampur
DEL_02019,Lampur
DEL_02020,Nahari
DEL_02021,Nahari
DEL_02022,Nahari
DEL_02023,Nahari
DEL_02024,Nahari
DEL_02025,Sector 1
DEL_02026,Sector 1
DEL_02027,Sector 1
DEL_02028,Sector 1
DEL_02029,Sector 1
DEL_02030,Sector 1
DEL_02031,Sector 111
DEL_02032,Shahbad Muhammadpur
DEL_02033,Shahbad Muhammadpur
DEL_02034,Amberhai
DEL_02035,Amberhai
DEL_02036,Amberhai
DEL_02037,Amberhai
DEL_02038,Amberhai
DEL_02039,Amberhai
DEL_02040,Amberhai
DEL_02041,Pocket 5
DEL_02042,Pocket 5
DEL_02043,Pocket 5
DEL_02044,Dwarka
DEL_02045,Dwarka
DEL_02046,Dwarka
DEL_02047,Uttam Nagar
DEL_02048,Uttam Nagar
DEL_02049,Nawada
DEL_02050,Hastsal Village
DEL_02051,Hastsal
DEL_02052,Hastsal
DEL_02053,Hastsal
DEL_02054,Hastsal
DEL_02055,Hastsal
DEL_02056,Hastsal
DEL_02057,Kammruddin Nagar
DEL_02058,Kammruddin Nagar
DEL_02059,Kammruddin Nagar
DEL_02060,Kammruddin Nagar
DEL_02061,Nangloi Extension
DEL_02062,Nangloi Extension
DEL_02063,Nangloi Extension
DEL_02064,Nangloi Extension
DEL_02065,Sultanpuri
DEL_02066,Sultanpuri
DEL_02067,Sultanpuri
DEL_02068,Begum Pur
DEL_02069,Begum Pur
DEL_02070,Begum Pur
DEL_02071,Begum Pur
DEL_02072,Begum Pur
DEL_02073,Begum Pur
DEL_02074,Begum Pur
DEL_02075,Begum Pur
DEL_02076,Barwala
DEL_02077,Barwala
DEL_02078,Barwala
DEL_02079,Barwala
DEL_02080,Barwala
DEL_02081,Barwala
DEL_02082,Barwala
DEL_02083,Barwala
DEL_02084,Barwala
DEL_02085,Bawana
DEL_02086,Bawana
DEL_02087,Bawana
DEL_02088,Bawana
DEL_02089,Bawana
DEL_02090,Bawana
DEL_02091,Bawana
DEL_02092,Bawana
DEL_02093,Lampur
DEL_02094,Lampur
DEL_02095,Lampur
DEL_02096,Lampur
DEL_02097,Lampur
DEL_02098,Lampur
DEL_02099,Lampur
DEL_02100,Lampur
DEL_02101,Lampur
DEL_02102,Nahari
DEL_02103,Nahari
DEL_02104,Nahari
DEL_02105,Sector 23
DEL_02106,Sector 23
DEL_02107,Sector 1
DEL_02108,Sector 1
DEL_02109,Sector 1
DEL_02110,Sector 1
DEL_02111,Shahbad Muhammadpur
DEL_02112,Shahbad Muhammadpur
DEL_02113,Shahbad Muhammadpur
DEL_02114,Shahbad Muhammadpur
DEL_02115,Amberhai
DEL_02116,Amberhai
DEL_02117,Amberhai
DEL_02118,Amberhai
DEL_02119,Amberhai
DEL_02120,Amberhai
DEL_02121,Pocket 5
DEL_02122,Pocket 5
DEL_02123,Pocket 5
DEL_02124,Dwarka
DEL_02125,Dwarka
DEL_02126,Uttam Nagar
DEL_02127,Uttam Nagar
DEL_02128,Uttam Nagar
DEL_02129,Uttam Nagar
DEL_02130,Hastsal Village
DEL_02131,Hastsal Village
DEL_02132,Hastsal Village
DEL_02133,Hastsal Village
DEL_02134,Hastsal Village
DEL_02135,Hastsal Village
DEL_02136,Kammruddin Nagar
DEL_02137,Kammruddin Nagar
DEL_02138,Kammruddin Nagar
DEL_02139,Kammruddin Nagar
DEL_02140,Kammruddin Nagar
DEL_02141,Kammruddin Nagar
DEL_02142,Kammruddin Nagar
DEL_02143,Nangloi
DEL_02144,Sultanpuri
DEL_02145,Sultanpuri
DEL_02146,Sultanpuri
DEL_02147,Sultanpuri
DEL_02148,Sultanpuri
DEL_02149,Begum Pur
DEL_02150,Begum Pur
DEL_02151,Begum Pur
DEL_02152,Begum Pur
DEL_02153,Begum Pur
DEL_02154,Begum Pur
DEL_02155,Begum Pur
DEL_02156,Barwala
DEL_02157,Barwala
DEL_02158,Barwala
DEL_02159,Barwala
DEL_02160,Barwala
DEL_02161,Barwala
DEL_02162,Barwala
DEL_02163,Barwala
DEL_02164,Barwala
DEL_02165,Barwala
DEL_02166,Bawana
DEL_02167,Bawana
DEL_02168,Bawana
DEL_02169,Bawana
DEL_02170,Bawana
DEL_02171,Bawana
DEL_02172,Bawana
DEL_02173,Lampur
DEL_02174,Lampur
DEL_02175,Lampur
DEL_02176,Lampur
DEL_02177,Lampur
DEL_02178,Lampur
DEL_02179,Lampur
DEL_02180,Lampur
DEL_02181,Lampur
DEL_02182,Lampur
DEL_02183,Nahari
DEL_02184,Nahari
DEL_02185,Sector 23
DEL_02186,Sector 23
DEL_02187,Sector 23
DEL_02188,Sector 23
DEL_02189,Sector 23
DEL_02190,Sector 1
DEL_02191,Shahbad Muhammadpur
DEL_02192,Shahbad Muhammadpur
DEL_02193,Shahbad Muhammadpur
DEL_02194,Shahbad Muhammadpur
DEL_02195,Shahbad Muhammadpur
DEL_02196,Shahbad Muhammadpur
DEL_02197,Shahbad Muhammadpur
DEL_02198,Amberhai
DEL_02199,Amberhai
DEL_02200,Amberhai
DEL_02201,Amberhai
DEL_02202,Amberhai
DEL_02203,Pocket 5
DEL_02204,Pocket 5
DEL_02205,Bindapur Village
DEL_02206,Bindapur Village
DEL_02207,Bindapur Village
DEL_02208,Uttam Nagar
DEL_02209,Uttam Nagar
DEL_02210,JJ Colony
DEL_02211,JJ Colony
DEL_02212,Hastsal Village
DEL_02213,Hastsal Village
DEL_02214,Hastsal Village
DEL_02215,Budella
DEL_02216,Budella
DEL_02217,Vikaspuri
DEL_02218,Kammruddin Nagar
DEL_02219,Kammruddin Nagar
DEL_02220,Kammruddin Nagar
DEL_02221,Kammruddin Nagar
DEL_02222,Nangloi
DEL_02223,Nangloi
DEL_02224,Nangloi
DEL_02225,Sultanpuri
DEL_02226,Sultanpuri
DEL_02227,Sultanpuri
DEL_02228,Sultanpuri
DEL_02229,Sultanpuri
DEL_02230,Begum Pur
DEL_02231,Begampur
DEL_02232,Begampur
DEL_02233,Begampur
DEL_02234,Begampur
DEL_02235,Begampur
DEL_02236,Begampur
DEL_02237,Barwala
DEL_02238,Barwala
DEL_02239,Barwala
DEL_02240,Barwala
DEL_02241,Barwala
DEL_02242,Barwala
DEL_02243,Barwala
DEL_02244,Barwala
DEL_02245,Barwala
DEL_02246,Barwala
DEL_02247,Barwala
DEL_02248,Bawana
DEL_02249,Bawana
DEL_02250,Bawana
DEL_02251,Bawana
DEL_02252,Bawana
DEL_02253,Lampur
DEL_02254,Lampur
DEL_02255,Lampur
DEL_02256,Lampur
DEL_02257,Lampur
DEL_02258,Lampur
DEL_02259,Lampur
DEL_02260,Lampur
DEL_02261,Lampur
DEL_02262,Lampur
DEL_02263,Lampur
DEL_02264,Lampur
DEL_02265,Lampur
DEL_02266,Banker
DEL_02267,Sector 21
DEL_02268,Sector 21
DEL_02269,Sector 21
DEL_02270,Sector 21
DEL_02271,Kapashera
DEL_02272,Shahbad Muhammadpur
DEL_02273,Shahbad Muhammadpur
DEL_02274,Shahbad Muhammadpur
DEL_02275,Shahbad Muhammadpur
DEL_02276,Shahbad Muhammadpur
DEL_02277,Shahbad Muhammadpur
DEL_02278,Shahbad Muhammadpur
DEL_02279,Shahbad Muhammadpur
DEL_02280,Amberhai
DEL_02281,Amberhai
DEL_02282,Palam Village
DEL_02283,Palam Village
DEL_02284,Palam Village
DEL_02285,Bengali Colony
DEL_02286,Bindapur Village
DEL_02287,Bindapur Village
DEL_02288,Bindapur Village
DEL_02289,Bindapur Village
DEL_02290,Uttam Nagar
DEL_02291,JJ Colony
DEL_02292,JJ Colony
DEL_02293,Budella
DEL_02294,Budella
DEL_02295,Budella
DEL_02296,Vikaspuri
DEL_02297,Vikaspuri
DEL_02298,Vikaspuri
DEL_02299,Kammruddin Nagar
DEL_02300,Nangloi
DEL_02301,Nangloi
DEL_02302,Nangloi
DEL_02303,Nangloi
DEL_02304,Nangloi
DEL_02305,Nangloi
DEL_02306,Sultanpuri
DEL_02307,Sultanpuri
DEL_02308,Sultanpuri
DEL_02309,Sultanpuri
DEL_02310,Sultanpuri
DEL_02311,Begampur
DEL_02312,Begampur
DEL_02313,Begampur
DEL_02314,Begampur
DEL_02315,Begampur
DEL_02316,Begampur
DEL_02317,Begampur
DEL_02318,Barwala
DEL_02319,Barwala
DEL_02320,Barwala
DEL_02321,Barwala
DEL_02322,Barwala
DEL_02323,Barwala
DEL_02324,Barwala
DEL_02325,Barwala
DEL_02326,Barwala
DEL_02327,Barwala
DEL_02328,Barwala
DEL_02329,Barwala
DEL_02330,Bawana
DEL_02331,Bawana
DEL_02332,Bawana
DEL_02333,Narela
DEL_02334,Narela
DEL_02335,Lampur
DEL_02336,Lampur
DEL_02337,Lampur
DEL_02338,Lampur
DEL_02339,Lampur
DEL_02340,Lampur
DEL_02341,Lampur
DEL_02342,Banker
DEL_02343,Banker
DEL_02344,Banker
DEL_02345,Banker
DEL_02346,Banker
DEL_02347,Banker
DEL_02348,Banker
DEL_02349,Sector 21
DEL_02350,Sector 21
DEL_02351,Kapashera
DEL_02352,Kapashera
DEL_02353,Kapashera
DEL_02354,Shahbad Muhammadpur
DEL_02355,Shahbad Muhammadpur
DEL_02356,Shahbad Muhammadpur
DEL_02357,Shahbad Muhammadpur
DEL_02358,Shahbad Muhammadpur
DEL_02359,Shahbad Muhammadpur
DEL_02360,Shahbad Muhammadpur
DEL_02361,Palam Village
DEL_02362,Palam Village
DEL_02363,Palam Village
DEL_02364,Palam Village
DEL_02365,Palam Village
DEL_02366,Bengali Colony
DEL_02367,Mahavir Enclave
DEL_02368,Bindapur Village
DEL_02369,Bindapur Village
DEL_02370,Bindapur Village
DEL_02371,Asalatpur Gaon
DEL_02372,Asalatpur Gaon
DEL_02373,Budella
DEL_02374,Budella
DEL_02375,Vikaspuri
DEL_02376,Vikaspuri
DEL_02377,Vikaspuri
DEL_02378,Vikaspuri
DEL_02379,Guru Nanak Nagar
DEL_02380,Sunder Vihar
DEL_02381,Sunder Vihar
DEL_02382,Nangloi
DEL_02383,Nangloi
DEL_02384,Nangloi
DEL_02385,Nangloi
DEL_02386,Nangloi
DEL_02387,Sultanpuri
DEL_02388,Sultanpuri
DEL_02389,Sultanpuri
DEL_02390,Sultanpuri
DEL_02391,Sultanpuri
DEL_02392,Begampur
DEL_02393,Begampur
DEL_02394,Begampur
DEL_02395,Begampur
DEL_02396,Begampur
DEL_02397,Begampur
DEL_02398,Begampur
DEL_02399,Barwala
DEL_02400,Barwala
DEL_02401,Barwala
DEL_02402,Barwala
DEL_02403,Barwala
DEL_02404,Barwala
DEL_02405,Barwala
DEL_02406,Barwala
DEL_02407,Barwala
DEL_02408,Barwala
DEL_02409,Barwala
DEL_02410,Barwala
DEL_02411,Barwala
DEL_02412,Narela
DEL_02413,Narela
DEL_02414,Narela
DEL_02415,Narela
DEL_02416,Narela
DEL_02417,Narela
DEL_02418,Narela
DEL_02419,Banker
DEL_02420,Banker
DEL_02421,Banker
DEL_02422,Banker
DEL_02423,Banker
DEL_02424,Banker
DEL_02425,Banker
DEL_02426,Banker
DEL_02427,Banker
DEL_02428,Banker
DEL_02429,Banker
DEL_02430,Banker
DEL_02431,Sector 21
DEL_02432,Sector 21
DEL_02433,Kapashera
DEL_02434,Kapashera
DEL_02435,Kapashera
DEL_02436,Kapashera
DEL_02437,Shahbad Muhammadpur
DEL_02438,Shahbad Muhammadpur
DEL_02439,Shahbad Muhammadpur
DEL_02440,Shahbad Muhammadpur
DEL_02441,Shahbad Muhammadpur
DEL_02442,Shahbad Muhammadpur
DEL_02443,Shahbad Muhammadpur
DEL_02444,Raj Nagar II
DEL_02445,Palam Village
DEL_02446,Palam Village
DEL_02447,Palam Village
DEL_02448,Palam Village
DEL_02449,Bengali Colony
DEL_02450,Mahavir Enclave
DEL_02451,Vijay Enclave
DEL_02452,Vijay Enclave
DEL_02453,Asalatpur Gaon
DEL_02454,Asalatpur Gaon
DEL_02455,Asalatpur Gaon
DEL_02456,Asalatpur Gaon
DEL_02457,Vikaspuri
DEL_02458,Vikaspuri
DEL_02459,Vikaspuri
DEL_02460,Vikaspuri
DEL_02461,Guru Nanak Nagar
DEL_02462,Guru Nanak Nagar
DEL_02463,Sunder Vihar
DEL_02464,Sunder Vihar
DEL_02465,Sunder Vihar
DEL_02466,Nangloi
DEL_02467,Nangloi
DEL_02468,Nangloi
DEL_02469,Nangloi
DEL_02470,Sultanpuri
DEL_02471,Sultanpuri
DEL_02472,Sultanpuri
DEL_02473,Sultanpuri
DEL_02474,Sultanpuri
DEL_02475,Begampur
DEL_02476,Begampur
DEL_02477,Begampur
DEL_02478,Begampur
DEL_02479,Begampur
DEL_02480,Begampur
DEL_02481,Begampur
DEL_02482,Barwala
DEL_02483,Barwala
DEL_02484,Barwala
DEL_02485,Barwala
DEL_02486,Barwala
DEL_02487,Barwala
DEL_02488,Barwala
DEL_02489,Barwala
DEL_02490,Barwala
DEL_02491,Barwala
DEL_02492,Barwala
DEL_02493,Barwala
DEL_02494,Barwala
DEL_02495,Narela
DEL_02496,Narela
DEL_02497,Narela
DEL_02498,Narela
DEL_02499,Narela
DEL_02500,Narela
DEL_02501,Narela
DEL_02502,Narela
DEL_02503,Narela
DEL_02504,Banker
DEL_02505,Banker
DEL_02506,Banker
DEL_02507,Banker
DEL_02508,Banker
DEL_02509,Banker
DEL_02510,Banker
DEL_02511,Banker
DEL_02512,Banker
DEL_02513,Sector 21
DEL_02514,Kapashera
DEL_02515,Kapashera
DEL_02516,Kapashera
DEL_02517,Kapashera
DEL_02518,Samalkha
DEL_02519,Samalkha
DEL_02520,Shahbad Muhammadpur
DEL_02521,Shahbad Muhammadpur
DEL_02522,Shahbad Muhammadpur
DEL_02523,Shahbad Muhammadpur
DEL_02524,Shahbad Muhammadpur
DEL_02525,Raj Nagar II
DEL_02526,Raj Nagar II
DEL_02527,Raj Nagar II
DEL_02528,Palam Village
DEL_02529,Palam Village
DEL_02530,Palam
DEL_02531,Bengali Colony
DEL_02532,Mahavir Enclave
DEL_02533,Vijay Enclave
DEL_02534,Dabri Village
DEL_02535,Syndicate Enclave
DEL_02536,Asalatpur Gaon
DEL_02537,Asalatpur Gaon
DEL_02538,Asalatpur Gaon
DEL_02539,Vikaspuri
DEL_02540,Vikaspuri
DEL_02541,Major Bhupinder Singh Nagar
DEL_02542,Major Bhupinder Singh Nagar
DEL_02543,Guru Nanak Nagar
DEL_02544,Guru Nanak Nagar
DEL_02545,Sunder Vihar
DEL_02546,Sunder Vihar
DEL_02547,Sunder Vihar
DEL_02548,Sunder Vihar
DEL_02549,Paschim Vihar
DEL_02550,Nangloi
DEL_02551,Vidya Vihar
DEL_02552,Vidya Vihar
DEL_02553,Vidya Vihar
DEL_02554,Sultanpuri
DEL_02555,Sultanpuri
DEL_02556,Sultanpuri
DEL_02557,Begampur
DEL_02558,Begampur
DEL_02559,Begampur
DEL_02560,Begampur
DEL_02561,Begampur
DEL_02562,Begampur
DEL_02563,Begampur
DEL_02564,Barwala
DEL_02565,Barwala
DEL_02566,Barwala
DEL_02567,Barwala
DEL_02568,Barwala
DEL_02569,Barwala
DEL_02570,Barwala
DEL_02571,Barwala
DEL_02572,Barwala
DEL_02573,Barwala
DEL_02574,Barwala
DEL_02575,Barwala
DEL_02576,Narela
DEL_02577,Narela
DEL_02578,Narela
DEL_02579,Narela
DEL_02580,Narela
DEL_02581,Narela
DEL_02582,Narela
DEL_02583,Narela
DEL_02584,Narela
DEL_02585,Narela
DEL_02586,Narela
DEL_02587,Narela
DEL_02588,Banker
DEL_02589,Banker
DEL_02590,Banker
DEL_02591,Banker
DEL_02592,Banker
DEL_02593,Banker
DEL_02594,Sector 20
DEL_02595,Sector 20
DEL_02596,Kapashera
DEL_02597,Kapashera
DEL_02598,Kapashera
DEL_02599,Samalkha
DEL_02600,Samalkha
DEL_02601,Samalkha
DEL_02602,Samalkha
DEL_02603,Shahbad Muhammadpur
DEL_02604,Shahbad Muhammadpur
DEL_02605,Shahbad Muhammadpur
DEL_02606,Shahbad Muhammadpur
DEL_02607,Raj Nagar II
DEL_02608,Raj Nagar II
DEL_02609,Raj Nagar II
DEL_02610,Raj Nagar II
DEL_02611,Palam
DEL_02612,Palam
DEL_02613,Durga Park
DEL_02614,Durga Park
DEL_02615,Durga Park
DEL_02616,Syndicate Enclave
DEL_02617,Syndicate Enclave
DEL_02618,Janakpuri
DEL_02619,Janakpuri
DEL_02620,Janakpuri
DEL_02621,Tilak Nagar
DEL_02622,Tilak Nagar
DEL_02623,Widow Colony
DEL_02624,Major Bhupinder Singh Nagar
DEL_02625,Guru Nanak Nagar
DEL_02626,Guru Nanak Nagar
DEL_02627,Sunder Vihar
DEL_02628,Sunder Vihar
DEL_02629,Sunder Vihar
DEL_02630,Paschim Vihar
DEL_02631,Paschim Vihar
DEL_02632,Vidya Vihar
DEL_02633,Vidya Vihar
DEL_02634,Vidya Vihar
DEL_02635,Vidya Vihar
DEL_02636,Vidya Vihar
DEL_02637,Vidya Vihar
DEL_02638,Vidya Vihar
DEL_02639,Vidya Vihar
DEL_02640,Begampur
DEL_02641,Begampur
DEL_02642,Begampur
DEL_02643,Begampur
DEL_02644,Begampur
DEL_02645,Begampur
DEL_02646,Begampur
DEL_02647,Barwala
DEL_02648,Barwala
DEL_02649,Barwala
DEL_02650,Barwala
DEL_02651,Barwala
DEL_02652,Barwala
DEL_02653,Barwala
DEL_02654,Barwala
DEL_02655,Barwala
DEL_02656,Barwala
DEL_02657,Barwala
DEL_02658,Narela
DEL_02659,Narela
DEL_02660,Narela
DEL_02661,Narela
DEL_02662,Narela
DEL_02663,Narela
DEL_02664,Narela
DEL_02665,Narela
DEL_02666,Narela
DEL_02667,Narela
DEL_02668,Narela
DEL_02669,Narela
DEL_02670,Narela
DEL_02671,Banker
DEL_02672,Banker
DEL_02673,Banker
DEL_02674,Banker
DEL_02675,National Media Centre
DEL_02676,Sector 20
DEL_02677,Sector 20
DEL_02678,Sector 20
DEL_02679,Kapashera
DEL_02680,Kapashera
DEL_02681,Samalkha
DEL_02682,Samalkha
DEL_02683,Samalkha
DEL_02684,Samalkha
DEL_02685,Samalkha
DEL_02686,Samalkha
DEL_02687,Shahbad Muhammadpur
DEL_02688,Shahbad Muhammadpur
DEL_02689,Raj Nagar II
DEL_02690,Raj Nagar II
DEL_02691,Raj Nagar II
DEL_02692,Raj Nagar II
DEL_02693,Raj Nagar II
DEL_02694,Raj Nagar II
DEL_02695,Palam
DEL_02696,Durga Park
DEL_02697,Durga Park
DEL_02698,Raghu Nagar
DEL_02699,Raghu Nagar
DEL_02700,Raghu Nagar
DEL_02701,Janakpuri
DEL_02702,Janakpuri
DEL_02703,Prem Nagar
DEL_02704,Prem Nagar
DEL_02705,Tilak Nagar
DEL_02706,Tilak Nagar
DEL_02707,Sant Nagar
DEL_02708,Shahpura
DEL_02709,State Bank Nagar
DEL_02710,State Bank Nagar
DEL_02711,State Bank Nagar
DEL_02712,Paschim Vihar
DEL_02713,Paschim Vihar
DEL_02714,Paschim Vihar
DEL_02715,Vidya Vihar
DEL_02716,Vidya Vihar
DEL_02717,Vidya Vihar
DEL_02718,Vidya Vihar
DEL_02719,Vidya Vihar
DEL_02720,Vidya Vihar
DEL_02721,Vidya Vihar
DEL_02722,Sector 10
DEL_02723,Sector 10
DEL_02724,Sector 10
DEL_02725,Sector 10
DEL_02726,Sector 10
DEL_02727,Sector 10
DEL_02728,Sector 10
DEL_02729,Sector 10
DEL_02730,Barwala
DEL_02731,Barwala
DEL_02732,Barwala
DEL_02733,Barwala
DEL_02734,Barwala
DEL_02735,Barwala
DEL_02736,Barwala
DEL_02737,Barwala
DEL_02738,Barwala
DEL_02739,Alipur
DEL_02740,Alipur
DEL_02741,Narela
DEL_02742,Narela
DEL_02743,Narela
DEL_02744,Narela
DEL_02745,Narela
DEL_02746,Narela
DEL_02747,Narela
DEL_02748,Narela
DEL_02749,Narela
DEL_02750,Narela
DEL_02751,Narela
DEL_02752,Narela
DEL_02753,Narela
DEL_02754,Narela
DEL_02755,Narela
DEL_02756,Kundli
DEL_02757,Kundli
DEL_02758,National Media Centre
DEL_02759,National Media Centre
DEL_02760,Sector 20
DEL_02761,Sector 20
DEL_02762,Sector 20
DEL_02763,Samalkha
DEL_02764,Samalkha
DEL_02765,Samalkha
DEL_02766,Samalkha
DEL_02767,Samalkha
DEL_02768,Samalkha
DEL_02769,Samalkha
DEL_02770,Samalkha
DEL_02771,Raj Nagar II
DEL_02772,Raj Nagar II
DEL_02773,Raj Nagar II
DEL_02774,Raj Nagar II
DEL_02775,Raj Nagar II
DEL_02776,Raj Nagar II
DEL_02777,Raj Nagar II
DEL_02778,Palam
DEL_02779,Durga Park
DEL_02780,Institutional Area
DEL_02781,Institutional Area
DEL_02782,Institutional Area
DEL_02783,Institutional Area
DEL_02784,Janakpuri
DEL_02785,Fateh Nagar
DEL_02786,Fateh Nagar
DEL_02787,Prem Nagar
DEL_02788,Prem Nagar
DEL_02789,Chaukhandi
DEL_02790,Chaukhandi
DEL_02791,Ravi Nagar
DEL_02792,Khyala
DEL_02793,State Bank Nagar
DEL_02794,State Bank Nagar
DEL_02795,Paschim Vihar
DEL_02796,Paschim Vihar
DEL_02797,Paschim Vihar
DEL_02798,Vidya Vihar
DEL_02799,Vidya Vihar
DEL_02800,Vidya Vihar
DEL_02801,Vidya Vihar
DEL_02802,Vidya Vihar
DEL_02803,Vidya Vihar
DEL_02804,Sector 10
DEL_02805,Sector 10
DEL_02806,Sector 10
DEL_02807,Sector 10
DEL_02808,Sector 10
DEL_02809,Sector 10
DEL_02810,Sector 10
DEL_02811,Sector 10
DEL_02812,Sector 10
DEL_02813,Siraspur
DEL_02814,Siraspur
DEL_02815,Siraspur
DEL_02816,Siraspur
DEL_02817,Siraspur
DEL_02818,Siraspur
DEL_02819,Siraspur
DEL_02820,Siraspur
DEL_02821,Alipur
DEL_02822,Alipur
DEL_02823,Alipur
DEL_02824,Alipur
DEL_02825,Alipur
DEL_02826,Narela
DEL_02827,Narela
DEL_02828,Narela
DEL_02829,Narela
DEL_02830,Narela
DEL_02831,Narela
DEL_02832,Narela
DEL_02833,Narela
DEL_02834,Narela
DEL_02835,Narela
DEL_02836,Narela
DEL_02837,Narela
DEL_02838,Kundli
DEL_02839,Kundli
DEL_02840,Kundli
DEL_02841,Sector 26
DEL_02842,Sector 24
DEL_02843,National Media Centre
DEL_02844,National Media Centre
DEL_02845,National Media Centre
DEL_02846,Sector 20
DEL_02847,Sector 20
DEL_02848,Samalkha
DEL_02849,Samalkha
DEL_02850,Samalkha
DEL_02851,Samalkha
DEL_02852,Samalkha
DEL_02853,Samalkha
DEL_02854,Samalkha
DEL_02855,Samalkha
DEL_02856,Raj Nagar II
DEL_02857,Raj Nagar II
DEL_02858,Raj Nagar II
DEL_02859,Raj Nagar II
DEL_02860,Raj Nagar II
DEL_02861,Raj Nagar II
DEL_02862,Raj Nagar II
DEL_02863,Raj Nagar II
DEL_02864,Institutional Area
DEL_02865,Institutional Area
DEL_02866,Institutional Area
DEL_02867,Institutional Area
DEL_02868,Institutional Area
DEL_02869,Maya Enclave
DEL_02870,Fateh Nagar
DEL_02871,Fateh Nagar
DEL_02872,Fateh Nagar
DEL_02873,Ashok Nagar
DEL_02874,Tilak Nagar Industrial Area
DEL_02875,Tilak Nagar Industrial Area
DEL_02876,Vishnu Garden
DEL_02877,Khyala
DEL_02878,Khyala
DEL_02879,Khyala
DEL_02880,Paschim Vihar
DEL_02881,Paschim Vihar
DEL_02882,Paschim Vihar
DEL_02883,Vidya Vihar
DEL_02884,Vidya Vihar
DEL_02885,Vidya Vihar
DEL_02886,Vidya Vihar
DEL_02887,Vidya Vihar
DEL_02888,Pushpanjali Enclave
DEL_02889,Sector 10
DEL_02890,Sector 10
DEL_02891,Sector 10
DEL_02892,Sector 10
DEL_02893,Sector 10
DEL_02894,Sector 10
DEL_02895,Sector 10
DEL_02896,Sector 10
DEL_02897,Badli Industrial Area Phase 2
DEL_02898,Siraspur
DEL_02899,Siraspur
DEL_02900,Siraspur
DEL_02901,Siraspur
DEL_02902,Siraspur
DEL_02903,Siraspur
DEL_02904,Siraspur
DEL_02905,Siraspur
DEL_02906,Alipur
DEL_02907,Alipur
DEL_02908,Alipur
DEL_02909,Alipur
DEL_02910,Alipur
DEL_02911,Alipur
DEL_02912,Narela
DEL_02913,Narela
DEL_02914,Narela
DEL_02915,Narela
DEL_02916,Narela
DEL_02917,Narela
DEL_02918,Narela
DEL_02919,Narela
DEL_02920,Narela
DEL_02921,Narela
DEL_02922,Kundli
DEL_02923,Kundli
DEL_02924,Kundli
DEL_02925,Sector 26A
DEL_02926,Sector 26A
DEL_02927,Sector 26
DEL_02928,Sector 26
DEL_02929,Sector 26
DEL_02930,Sector 24
DEL_02931,Sector 24
DEL_02932,Sector 24
DEL_02933,Sector 24
DEL_02934,Sector 24
DEL_02935,National Media Centre
DEL_02936,National Media Centre
DEL_02937,Samalkha
DEL_02938,Samalkha
DEL_02939,Samalkha
DEL_02940,Rangpuri
DEL_02941,Rangpuri
DEL_02942,Rangpuri
DEL_02943,Rangpuri
DEL_02944,Rangpuri
DEL_02945,Rangpuri
DEL_02946,Rangpuri
DEL_02947,Raj Nagar II
DEL_02948,Shumran Lines
DEL_02949,Shumran Lines
DEL_02950,Shumran Lines
DEL_02951,Shumran Lines
DEL_02952,Shumran Lines
DEL_02953,Sadar Bazar
DEL_02954,Nangal Raya
DEL_02955,Institutional Area
DEL_02956,Institutional Area
DEL_02957,Institutional Area
DEL_02958,Maya Enclave
DEL_02959,Maya Enclave
DEL_02960,Maya Enclave
DEL_02961,Hari Nagar
DEL_02962,Tihar
DEL_02963,Ajay Enclave Extension
DEL_02964,Tilak Nagar Industrial Area
DEL_02965,Tagore Garden
DEL_02966,Tagore Garden
DEL_02967,Khyala
DEL_02968,Khyala
DEL_02969,Khyala
DEL_02970,Paschim Vihar
DEL_02971,Paschim Vihar
DEL_02972,Paschim Vihar
DEL_02973,Pushpanjali Enclave
DEL_02974,Pushpanjali Enclave
DEL_02975,Pushpanjali Enclave
DEL_02976,Pushpanjali Enclave
DEL_02977,Pushpanjali Enclave
DEL_02978,Pushpanjali Enclave
DEL_02979,Sector 10
DEL_02980,Sector 10
DEL_02981,Sector 10
DEL_02982,Sector 10
DEL_02983,Sector 10
DEL_02984,Sector 10
DEL_02985,Sector 10
DEL_02986,Badli Industrial Area Phase 2
DEL_02987,Badli Industrial Area Phase 2
DEL_02988,Siraspur
DEL_02989,Siraspur
DEL_02990,Siraspur
DEL_02991,Siraspur
DEL_02992,Siraspur
DEL_02993,Siraspur
DEL_02994,Siraspur
DEL_02995,Siraspur
DEL_02996,Alipur
DEL_02997,Alipur
DEL_02998,Alipur
DEL_02999,Alipur
DEL_03000,Alipur
DEL_03001,Alipur
DEL_03002,Alipur
DEL_03003,Narela
DEL_03004,Narela
DEL_03005,Narela
DEL_03006,Narela
DEL_03007,Narela
DEL_03008,Narela
DEL_03009,Narela
DEL_03010,Narela
DEL_03011,Kundli
DEL_03012,Kundli
DEL_03013,Kundli
DEL_03014,Kundli
DEL_03015,Sector 42
DEL_03016,Sector 42
DEL_03017,Sector 42
DEL_03018,Sector 42
DEL_03019,Sector 26
DEL_03020,Sector 26
DEL_03021,Sector 26
DEL_03022,Sector 26
DEL_03023,Sector 24
DEL_03024,Sector 24
DEL_03025,Sector 24
DEL_03026,Sector 24
DEL_03027,Sector 24
DEL_03028,Sector 24
DEL_03029,National Media Centre
DEL_03030,Rangpuri
DEL_03031,Rangpuri
DEL_03032,Rangpuri
DEL_03033,Rangpuri
DEL_03034,Rangpuri
DEL_03035,Rangpuri
DEL_03036,Rangpuri
DEL_03037,Rangpuri
DEL_03038,Rangpuri
DEL_03039,Mahipalpur
DEL_03040,Shumran Lines
DEL_03041,Shumran Lines
DEL_03042,Shumran Lines
DEL_03043,Shumran Lines
DEL_03044,Shumran Lines
DEL_03045,Shumran Lines
DEL_03046,Sadar Bazar
DEL_03047,Sadar Bazar
DEL_03048,Nangal Raya
DEL_03049,Nangal Raya
DEL_03050,Nangal Raya
DEL_03051,Khajan Basti
DEL_03052,EA Pocket
DEL_03053,EA Pocket
DEL_03054,Hari Nagar
DEL_03055,Hari Nagar
DEL_03056,Block 4
DEL_03057,Tartarpur
DEL_03058,Tartarpur
DEL_03059,Tagore Garden Extension
DEL_03060,Tagore Garden Extension
DEL_03061,Tagore Garden Extension
DEL_03062,Tagore Garden Extension
DEL_03063,Tagore Garden Extension
DEL_03064,Paschim Vihar
DEL_03065,Pushpanjali Enclave
DEL_03066,Pushpanjali Enclave
DEL_03067,Pushpanjali Enclave
DEL_03068,Pushpanjali Enclave
DEL_03069,Pushpanjali Enclave
DEL_03070,Pushpanjali Enclave
DEL_03071,Pushpanjali Enclave
DEL_03072,Rohini
DEL_03073,Rohini
DEL_03074,Sector 10
DEL_03075,Sector 10
DEL_03076,Sector 10
DEL_03077,Sector 10
DEL_03078,Sector 10
DEL_03079,Badli Industrial Area Phase 2
DEL_03080,Badli Industrial Area Phase 2
DEL_03081,Badli Industrial Area Phase 2
DEL_03082,Siraspur
DEL_03083,Siraspur
DEL_03084,Siraspur
DEL_03085,Siraspur
DEL_03086,Siraspur
DEL_03087,Siraspur
DEL_03088,Siraspur
DEL_03089,Alipur
DEL_03090,Alipur
DEL_03091,Alipur
DEL_03092,Alipur
DEL_03093,Alipur
DEL_03094,Alipur
DEL_03095,Alipur
DEL_03096,Alipur
DEL_03097,Narela
DEL_03098,Narela
DEL_03099,Narela
DEL_03100,Narela
DEL_03101,Narela
DEL_03102,Narela
DEL_03103,Kundli
DEL_03104,Kundli
DEL_03105,Kundli
DEL_03106,Kundli
DEL_03107,Kundli
DEL_03108,Sector 54
DEL_03109,Sector 54
DEL_03110,Sector 42
DEL_03111,Sector 42
DEL_03112,Sector 42
DEL_03113,Sector 42
DEL_03114,Sector 26
DEL_03115,Sector 26
DEL_03116,Sector 26
DEL_03117,Sector 26
DEL_03118,Sector 24
DEL_03119,Sector 24
DEL_03120,Sector 24
DEL_03121,Sector 24
DEL_03122,Sector 24
DEL_03123,Sector 24
DEL_03124,Sector 24
DEL_03125,Rangpuri
DEL_03126,Rangpuri
DEL_03127,Rangpuri
DEL_03128,Rangpuri
DEL_03129,Rangpuri
DEL_03130,Rangpuri
DEL_03131,Rangpuri
DEL_03132,Mahipalpur
DEL_03133,Mahipalpur
DEL_03134,Mahipalpur
DEL_03135,Shumran Lines
DEL_03136,Shumran Lines
DEL_03137,Shumran Lines
DEL_03138,Shumran Lines
DEL_03139,Shumran Lines
DEL_03140,Shumran Lines
DEL_03141,Sadar Bazar
DEL_03142,Sadar Bazar
DEL_03143,Nangal Raya
DEL_03144,Nangal Raya
DEL_03145,Nangal Raya
DEL_03146,Khajan Basti
DEL_03147,Mayapuri Industrial Area II
DEL_03148,Mayapuri
DEL_03149,Vikrant Enclave
DEL_03150,Vikrant Enclave
DEL_03151,Subhash Nagar
DEL_03152,Tartarpur
DEL_03153,Vishal Enclave
DEL_03154,Vishal Enclave
DEL_03155,Tagore Garden Extension
DEL_03156,Tagore Garden Extension
DEL_03157,Tagore Garden Extension
DEL_03158,Tagore Garden Extension
DEL_03159,Sudarshan Park
DEL_03160,Pushpanjali Enclave
DEL_03161,Pushpanjali Enclave
DEL_03162,Pushpanjali Enclave
DEL_03163,Pushpanjali Enclave
DEL_03164,Pushpanjali Enclave
DEL_03165,Pushpanjali Enclave
DEL_03166,Rohini
DEL_03167,Rohini
DEL_03168,Rohini
DEL_03169,Rohini
DEL_03170,Sector 10
DEL_03171,Sector 10
DEL_03172,Sector 10
DEL_03173,Badli Industrial Area Phase 2
DEL_03174,Badli Industrial Area Phase 2
DEL_03175,Badli Industrial Area Phase 2
DEL_03176,Badli Industrial Area Phase 2
DEL_03177,Siraspur
DEL_03178,Siraspur
DEL_03179,Siraspur
DEL_03180,Siraspur
DEL_03181,Siraspur
DEL_03182,Siraspur
DEL_03183,Alipur
DEL_03184,Alipur
DEL_03185,Alipur
DEL_03186,Alipur
DEL_03187,Alipur
DEL_03188,Alipur
DEL_03189,Alipur
DEL_03190,Alipur
DEL_03191,Alipur
DEL_03192,Hamidpur
DEL_03193,Hamidpur
DEL_03194,Hamidpur
DEL_03195,Hamidpur
DEL_03196,Hamidpur
DEL_03197,Kundli
DEL_03198,Kundli
DEL_03199,Kundli
DEL_03200,Kundli
DEL_03201,Kundli
DEL_03202,Kundli
DEL_03203,Sector 54
DEL_03204,Sector 54
DEL_03205,Sector 54
DEL_03206,Sector 42
DEL_03207,Sector 42
DEL_03208,Sector 42
DEL_03209,Sector 42
DEL_03210,Sector 42
DEL_03211,Sector 26
DEL_03212,Sector 26
DEL_03213,Sector 26
DEL_03214,Sector 26
DEL_03215,Sector 24
DEL_03216,Sector 24
DEL_03217,Sector 24
DEL_03218,Sector 24
DEL_03219,Sector 24
DEL_03220,Rangpuri
DEL_03221,Rangpuri
DEL_03222,Rangpuri
DEL_03223,Rangpuri
DEL_03224,Rangpuri
DEL_03225,Rangpuri
DEL_03226,Rangpuri
DEL_03227,Mahipalpur
DEL_03228,Mahipalpur
DEL_03229,Mahipalpur
DEL_03230,Mahipalpur
DEL_03231,Middle Shankar Vihar
DEL_03232,Shumran Lines
DEL_03233,Shumran Lines
DEL_03234,Shumran Lines
DEL_03235,Shumran Lines
DEL_03236,Shumran Lines
DEL_03237,Sadar Bazar
DEL_03238,Sadar Bazar
DEL_03239,Sadar Bazar
DEL_03240,Nangal Raya
DEL_03241,Nangal Raya
DEL_03242,Mayapuri Industrial Area II
DEL_03243,Mayapuri Industrial Area II
DEL_03244,Mayapuri
DEL_03245,Mayapuri
DEL_03246,Press Colony
DEL_03247,Press Colony
DEL_03248,Rajouri Garden
DEL_03249,Rajouri Garden
DEL_03250,Shivaji Place
DEL_03251,Shivaji Place
DEL_03252,Bali Nagar
DEL_03253,Sudarshan Park
DEL_03254,Sudarshan Park
DEL_03255,Sudarshan Park
DEL_03256,Punjabi Bagh
DEL_03257,Pushpanjali Enclave
DEL_03258,Pushpanjali Enclave
DEL_03259,Pitampura
DEL_03260,Pitampura
DEL_03261,Pitampura
DEL_03262,Pitampura
DEL_03263,Razapur
DEL_03264,Razapur
DEL_03265,Razapur
DEL_03266,Razapur
DEL_03267,Razapur
DEL_03268,Razapur
DEL_03269,Badli Industrial Area Phase 2
DEL_03270,Badli Industrial Area Phase 2
DEL_03271,Badli Industrial Area Phase 2
DEL_03272,Badli Industrial Area Phase 2
DEL_03273,Siraspur
DEL_03274,Siraspur
DEL_03275,Siraspur
DEL_03276,Siraspur
DEL_03277,Siraspur
DEL_03278,Siraspur
DEL_03279,Alipur
DEL_03280,Alipur
DEL_03281,Alipur
DEL_03282,Alipur
DEL_03283,Alipur
DEL_03284,Alipur
DEL_03285,Alipur
DEL_03286,Alipur
DEL_03287,Alipur
DEL_03288,Hamidpur
DEL_03289,Hamidpur
DEL_03290,Hamidpur
DEL_03291,Hamidpur
DEL_03292,Hamidpur
DEL_03293,Hamidpur
DEL_03294,Kundli
DEL_03295,Kundli
DEL_03296,Kundli
DEL_03297,Kundli
DEL_03298,Kundli
DEL_03299,Sector 54
DEL_03300,Sector 54
DEL_03301,Sector 54
DEL_03302,Sector 42
DEL_03303,Sector 42
DEL_03304,Sector 42
DEL_03305,Sector 42
DEL_03306,Sector 42
DEL_03307,Sector 26
DEL_03308,Sector 26
DEL_03309,Sector 26
DEL_03310,Sector 26
DEL_03311,Sector 24
DEL_03312,Sector 24
DEL_03313,Sector 24
DEL_03314,Sector 24
DEL_03315,Sector 24
DEL_03316,Rangpuri
DEL_03317,Rangpuri
DEL_03318,Rangpuri
DEL_03319,Rangpuri
DEL_03320,Rangpuri
DEL_03321,Rangpuri
DEL_03322,Mahipalpur
DEL_03323,Mahipalpur
DEL_03324,Mahipalpur
DEL_03325,Mahipalpur
DEL_03326,Middle Shankar Vihar
DEL_03327,Middle Shankar Vihar
DEL_03328,Middle Shankar Vihar
DEL_03329,Shumran Lines
DEL_03330,Shumran Lines
DEL_03331,Shumran Lines
DEL_03332,Sannaiyat Lines
DEL_03333,Sannaiyat Lines
DEL_03334,Sadar Bazar
DEL_03335,Anuj Nayyar Vihar
DEL_03336,Chanan Singh Park
DEL_03337,Chanan Singh Park
DEL_03338,Chanan Singh Park
DEL_03339,CB Block
DEL_03340,Mayapuri Industrial Area I
DEL_03341,Mayapuri Industrial Area I
DEL_03342,Press Colony
DEL_03343,Rajouri Apartments
DEL_03344,Bank Enclave
DEL_03345,Sharda Puri
DEL_03346,Raja Garden
DEL_03347,Bali Nagar
DEL_03348,Bali Nagar
DEL_03349,Sudarshan Park
DEL_03350,Sudarshan Park
DEL_03351,Punjabi Bagh
DEL_03352,Punjabi Bagh
DEL_03353,Rohit Kunj
DEL_03354,Rohit Kunj
DEL_03355,Pitampura
DEL_03356,Pitampura
DEL_03357,Pitampura
DEL_03358,Pitampura
DEL_03359,Razapur
DEL_03360,Razapur
DEL_03361,Razapur
DEL_03362,Razapur
DEL_03363,Razapur
DEL_03364,Badli
DEL_03365,Badli Industrial Area Phase 2
DEL_03366,Badli Industrial Area Phase 2
DEL_03367,Badli Industrial Area Phase 2
DEL_03368,Badli Industrial Area Phase 2
DEL_03369,Siraspur
DEL_03370,Siraspur
DEL_03371,Siraspur
DEL_03372,Siraspur
DEL_03373,Siraspur
DEL_03374,Siraspur
DEL_03375,Alipur
DEL_03376,Alipur
DEL_03377,Alipur
DEL_03378,Alipur
DEL_03379,Alipur
DEL_03380,Alipur
DEL_03381,Alipur
DEL_03382,Alipur
DEL_03383,Hamidpur
DEL_03384,Hamidpur
DEL_03385,Hamidpur
DEL_03386,Hamidpur
DEL_03387,Hamidpur
DEL_03388,Hamidpur
DEL_03389,Hamidpur
DEL_03390,Sersa
DEL_03391,Sersa
DEL_03392,Sersa
DEL_03393,Kundli Industrial Area
DEL_03394,Mandi
DEL_03395,Mandi
DEL_03396,Mandi
DEL_03397,Mandi
DEL_03398,Sector 42
DEL_03399,Sector 42
DEL_03400,Sector 42
DEL_03401,Sector 42
DEL_03402,Jaunpur
DEL_03403,Sector 26
DEL_03404,Sector 26
DEL_03405,Sector 26
DEL_03406,Sector 24
DEL_03407,Sector 24
DEL_03408,Sector 24
DEL_03409,Sector 24
DEL_03410,Vasant Kunj
DEL_03411,Rangpuri
DEL_03412,Rangpuri
DEL_03413,Rangpuri
DEL_03414,Rangpuri
DEL_03415,Mahipalpur
DEL_03416,Mahipalpur
DEL_03417,Mahipalpur
DEL_03418,Mahipalpur
DEL_03419,Bana Singh Enclave
DEL_03420,Bana Singh Enclave
DEL_03421,Middle Shankar Vihar
DEL_03422,Middle Shankar Vihar
DEL_03423,Shankar Range Colony
DEL_03424,Shankar Range Colony
DEL_03425,Shumran Lines
DEL_03426,Sannaiyat Lines
DEL_03427,Sannaiyat Lines
DEL_03428,Gopinath Bazar
DEL_03429,Gopinath Bazar
DEL_03430,Anuj Nayyar Vihar
DEL_03431,Chanan Singh Park
DEL_03432,Chanan Singh Park
DEL_03433,CB Block
DEL_03434,CB Block
DEL_03435,CB Block
DEL_03436,Lohar Basti
DEL_03437,Naraina Industrial Area - I
DEL_03438,Bank Enclave
DEL_03439,Mansarovar Garden
DEL_03440,Mansarovar Garden
DEL_03441,Ramesh Nagar
DEL_03442,Rattan Park
DEL_03443,Sudarshan Park
DEL_03444,Sudarshan Park
DEL_03445,Sudarshan Park
DEL_03446,Punjabi Bagh
DEL_03447,Punjabi Bagh
DEL_03448,Rohit Kunj
DEL_03449,Rohit Kunj
DEL_03450,Rohit Kunj
DEL_03451,Kapil Vihar
DEL_03452,Kapil Vihar
DEL_03453,Kapil Vihar
DEL_03454,Kapil Vihar
DEL_03455,Razapur
DEL_03456,Razapur
DEL_03457,Haiderpur
DEL_03458,Badli
DEL_03459,Badli
DEL_03460,Badli
DEL_03461,Badli Industrial Area Phase 2
DEL_03462,Badli Industrial Area Phase 2
DEL_03463,Badli Industrial Area Phase 2
DEL_03464,Siraspur
DEL_03465,Siraspur
DEL_03466,Siraspur
DEL_03467,Siraspur
DEL_03468,Siraspur
DEL_03469,Siraspur
DEL_03470,Alipur
DEL_03471,Alipur
DEL_03472,Alipur
DEL_03473,Alipur
DEL_03474,Alipur
DEL_03475,Alipur
DEL_03476,Alipur
DEL_03477,Alipur
DEL_03478,Hamidpur
DEL_03479,Hamidpur
DEL_03480,Hamidpur
DEL_03481,Hamidpur
DEL_03482,Hamidpur
DEL_03483,Hamidpur
DEL_03484,Hamidpur
DEL_03485,Sersa
DEL_03486,Sersa
DEL_03487,Sersa
DEL_03488,Mandi
DEL_03489,Mandi
DEL_03490,Mandi
DEL_03491,Mandi
DEL_03492,Mandi
DEL_03493,Jaunpur
DEL_03494,Jaunpur
DEL_03495,Jaunpur
DEL_03496,Jaunpur
DEL_03497,Jaunpur
DEL_03498,Jaunpur
DEL_03499,Jaunpur
DEL_03500,Jaunpur
DEL_03501,Sector 24
DEL_03502,Vasant Kunj
DEL_03503,Vasant Kunj
DEL_03504,Vasant Kunj
DEL_03505,Vasant Kunj
DEL_03506,Vasant Kunj
DEL_03507,Vasant Kunj
DEL_03508,Mahipalpur
DEL_03509,Mahipalpur
DEL_03510,Mahipalpur
DEL_03511,Bana Singh Enclave
DEL_03512,Bana Singh Enclave
DEL_03513,Bana Singh Enclave
DEL_03514,Upper Shankar Vihar
DEL_03515,Middle Shankar Vihar
DEL_03516,Middle Shankar Vihar
DEL_03517,Shankar Range Colony
DEL_03518,Shankar Range Colony
DEL_03519,Shankar Range Colony
DEL_03520,Sannaiyat Lines
DEL_03521,Gopinath Bazar
DEL_03522,Gopinath Bazar
DEL_03523,Gopinath Bazar
DEL_03524,Gopinath Bazar
DEL_03525,Chanan Singh Park
DEL_03526,Chanan Singh Park
DEL_03527,CB Block
DEL_03528,Naraina Village
DEL_03529,Naraina Village
DEL_03530,Naraina Vihar
DEL_03531,Naraina Industrial Area - I
DEL_03532,Naraina Loha Mandi
DEL_03533,Ware Housing Scheme Block 2
DEL_03534,Saraswati Garden Extension
DEL_03535,Ramesh Nagar
DEL_03536,Kirti Nagar
DEL_03537,Moti Nagar
DEL_03538,Moti Nagar
DEL_03539,Karampura West
DEL_03540,Punjabi Bagh
DEL_03541,Punjabi Bagh
DEL_03542,Rohit Kunj
DEL_03543,Rohit Kunj
DEL_03544,Rohit Kunj
DEL_03545,Rohit Kunj
DEL_03546,Kapil Vihar
DEL_03547,Kapil Vihar
DEL_03548,Kapil Vihar
DEL_03549,Haiderpur
DEL_03550,Haiderpur
DEL_03551,Haiderpur
DEL_03552,Haiderpur
DEL_03553,Badli
DEL_03554,Badli
DEL_03555,Samaipur Badli
DEL_03556,Samaipur Badli
DEL_03557,Samaipur Badli
DEL_03558,Libaspur
DEL_03559,Libaspur
DEL_03560,Libaspur
DEL_03561,Swaroop Nagar
DEL_03562,Swaroop Nagar
DEL_03563,Swaroop Nagar
DEL_03564,Alipur
DEL_03565,Alipur
DEL_03566,Alipur
DEL_03567,Alipur
DEL_03568,Alipur
DEL_03569,Alipur
DEL_03570,Alipur
DEL_03571,Alipur
DEL_03572,Hamidpur
DEL_03573,Hamidpur
DEL_03574,Hamidpur
DEL_03575,Hamidpur
DEL_03576,Hamidpur
DEL_03577,Hamidpur
DEL_03578,Hamidpur
DEL_03579,Mandi
DEL_03580,Mandi
DEL_03581,Mandi
DEL_03582,Mandi
DEL_03583,Mandi
DEL_03584,Mandi
DEL_03585,Jaunpur
DEL_03586,Jaunpur
DEL_03587,Jaunpur
DEL_03588,Jaunpur
DEL_03589,Jaunpur
DEL_03590,Jaunpur
DEL_03591,Jaunpur
DEL_03592,Chattarpur Farms
DEL_03593,Chattarpur Farms
DEL_03594,Vasant Kunj
DEL_03595,Vasant Kunj
DEL_03596,Vasant Kunj
DEL_03597,Vasant Kunj
DEL_03598,Vasant Kunj
DEL_03599,Vasant Kunj
DEL_03600,Vasant Kunj
DEL_03601,Vasant Kunj
DEL_03602,Bana Singh Enclave
DEL_03603,Bana Singh Enclave
DEL_03604,Bana Singh Enclave
DEL_03605,Bana Singh Enclave
DEL_03606,Upper Shankar Vihar
DEL_03607,Upper Shankar Vihar
DEL_03608,Yogendar Vihar
DEL_03609,Shankar Range Colony
DEL_03610,Shankar Range Colony
DEL_03611,Shankar Range Colony
DEL_03612,Shankar Range Colony
DEL_03613,Gopinath Bazar
DEL_03614,Gopinath Bazar
DEL_03615,Gopinath Bazar
DEL_03616,Gopinath Bazar
DEL_03617,Gopinath Bazar
DEL_03618,Naraina Village
DEL_03619,Naraina Village
DEL_03620,Naraina Village
DEL_03621,Naraina Village
DEL_03622,Naraina Vihar
DEL_03623,Budh Nagar
DEL_03624,Naraina Loha Mandi
DEL_03625,Naraina Loha Mandi
DEL_03626,Ware Housing Scheme Furniture Block
DEL_03627,Kirti Nagar Industrial Area
DEL_03628,DLF Industrial Area
DEL_03629,DLF Industrial Area
DEL_03630,New Moti Nagar
DEL_03631,Punjabi Bagh West
DEL_03632,Railway Colony
DEL_03633,Railway Colony
DEL_03634,Railway Colony
DEL_03635,Rohit Kunj
DEL_03636,Rohit Kunj
DEL_03637,Rohit Kunj
DEL_03638,Kapil Vihar
DEL_03639,Kapil Vihar
DEL_03640,Kapil Vihar
DEL_03641,Haiderpur
DEL_03642,Haiderpur
DEL_03643,Haiderpur
DEL_03644,Govind Mohalla
DEL_03645,Badli
DEL_03646,Badli
DEL_03647,Sanjay Gandhi Transport Nagar
DEL_03648,Samaipur Badli
DEL_03649,Samaipur Badli
DEL_03650,Libaspur
DEL_03651,Libaspur
DEL_03652,Swaroop Nagar
DEL_03653,Swaroop Nagar
DEL_03654,Swaroop Nagar
DEL_03655,Swaroop Nagar
DEL_03656,Alipur
DEL_03657,Alipur
DEL_03658,Alipur
DEL_03659,Alipur
DEL_03660,Alipur
DEL_03661,Alipur
DEL_03662,Alipur
DEL_03663,Hamidpur
DEL_03664,Hamidpur
DEL_03665,Hamidpur
DEL_03666,Hamidpur
DEL_03667,Hamidpur
DEL_03668,Hamidpur
DEL_03669,Hamidpur
DEL_03670,Hamidpur
DEL_03671,Hamidpur
DEL_03672,Mandi
DEL_03673,Mandi
DEL_03674,Mandi
DEL_03675,Mandi
DEL_03676,Mandi
DEL_03677,Jaunpur
DEL_03678,Jaunpur
DEL_03679,Jaunpur
DEL_03680,Jaunpur
DEL_03681,Jaunpur
DEL_03682,Jaunpur
DEL_03683,Jaunpur
DEL_03684,Chattarpur Farms
DEL_03685,Chattarpur Farms
DEL_03686,Chattarpur Farms
DEL_03687,Kishangarh
DEL_03688,Kishangarh
DEL_03689,Vasant Kunj
DEL_03690,Vasant Kunj
DEL_03691,Vasant Kunj
DEL_03692,Vasant Kunj
DEL_03693,Vasant Kunj
DEL_03694,Vasant Kunj
DEL_03695,Vasant Kunj
DEL_03696,Bana Singh Enclave
DEL_03697,Bana Singh Enclave
DEL_03698,Upper Shankar Vihar
DEL_03699,Upper Shankar Vihar
DEL_03700,Upper Shankar Vihar
DEL_03701,Yogendar Vihar
DEL_03702,Shankar Range Colony
DEL_03703,Shankar Range Colony
DEL_03704,Shankar Range Colony
DEL_03705,Arjun Vihar
DEL_03706,Arjun Vihar
DEL_03707,Arjun Vihar
DEL_03708,Arjun Vihar
DEL_03709,Arjun Vihar
DEL_03710,Arjun Vihar
DEL_03711,Naraina Village
DEL_03712,Naraina Village
DEL_03713,Naraina Village
DEL_03714,Indrapuri
DEL_03715,Indrapuri
DEL_03716,Indrapuri
DEL_03717,Budh Nagar
DEL_03718,Naraina Industrial Area - II
DEL_03719,Naraina Industrial Area - II
DEL_03720,Kirti Nagar Industrial Area
DEL_03721,Kirti Nagar Industrial Area
DEL_03722,Moti Nagar Industrial Area
DEL_03723,Karampura
DEL_03724,DLF Capital Greens
DEL_03725,Bhagwan Das Nagar
DEL_03726,Rampura
DEL_03727,Sarup Nagar
DEL_03728,Netaji Subhash Place
DEL_03729,Netaji Subhash Place
DEL_03730,Netaji Subhash Place
DEL_03731,Netaji Subhash Place
DEL_03732,Block C5
DEL_03733,Shalimar Bagh
DEL_03734,Haiderpur
DEL_03735,Govind Mohalla
DEL_03736,Ambedkar Nagar
DEL_03737,Ambedkar Nagar
DEL_03738,Ambedkar Nagar
DEL_03739,Sanjay Gandhi Transport Nagar
DEL_03740,Sanjay Gandhi Transport Nagar
DEL_03741,Sanjay Gandhi Transport Nagar
DEL_03742,Samaipur Badli
DEL_03743,Swaroop Nagar
DEL_03744,Swaroop Nagar
DEL_03745,Swaroop Nagar
DEL_03746,Swaroop Nagar
DEL_03747,Swaroop Nagar
DEL_03748,Swaroop Nagar
DEL_03749,Alipur
DEL_03750,Alipur
DEL_03751,Alipur
DEL_03752,Alipur
DEL_03753,Alipur
DEL_03754,Alipur
DEL_03755,Alipur
DEL_03756,Hamidpur
DEL_03757,Hamidpur
DEL_03758,Hamidpur
DEL_03759,Hamidpur
DEL_03760,Hamidpur
DEL_03761,Hamidpur
DEL_03762,Hamidpur
DEL_03763,Hamidpur
DEL_03764,Hamidpur
DEL_03765,Sersa
DEL_03766,Mandi
DEL_03767,Mandi
DEL_03768,Mandi
DEL_03769,Mandi
DEL_03770,Mandi
DEL_03771,Mandi
DEL_03772,Jaunpur
DEL_03773,Jaunpur
DEL_03774,Jaunpur
DEL_03775,Jaunpur
DEL_03776,Jaunpur
DEL_03777,Jaunpur
DEL_03778,Chattarpur Farms
DEL_03779,Chattarpur Farms
DEL_03780,Chattarpur Farms
DEL_03781,Chattarpur Farms
DEL_03782,Kishangarh
DEL_03783,Kishangarh
DEL_03784,Kishangarh
DEL_03785,Vasant Kunj
DEL_03786,Vasant Kunj
DEL_03787,Vasant Kunj
DEL_03788,Vasant Kunj
DEL_03789,Vasant Kunj
DEL_03790,Vasant Kunj
DEL_03791,Vasant Kunj
DEL_03792,Bana Singh Enclave
DEL_03793,Upper Shankar Vihar
DEL_03794,Upper Shankar Vihar
DEL_03795,Yogendar Vihar
DEL_03796,Yogendar Vihar
DEL_03797,Yogendar Vihar
DEL_03798,West End
DEL_03799,West End
DEL_03800,Arjun Vihar
DEL_03801,Arjun Vihar
DEL_03802,Arjun Vihar
DEL_03803,Arjun Vihar
DEL_03804,Arjun Vihar
DEL_03805,Arjun Vihar
DEL_03806,Todapur
DEL_03807,Todapur
DEL_03808,Todapur
DEL_03809,Todapur
DEL_03810,Indrapuri
DEL_03811,Indrapuri
DEL_03812,Indrapuri
DEL_03813,New Ranjeet Nagar
DEL_03814,New Ranjeet Nagar
DEL_03815,Shadipur
DEL_03816,Shadipur
DEL_03817,Moti Nagar Industrial Area
DEL_03818,DLF Midtown
DEL_03819,Manohar Park
DEL_03820,New Ashok Park
DEL_03821,Rampura
DEL_03822,Sarup Nagar
DEL_03823,Netaji Subhash Place
DEL_03824,Netaji Subhash Place
DEL_03825,Block C5
DEL_03826,Block C5
DEL_03827,Shalimar Bagh
DEL_03828,Shalimar Bagh
DEL_03829,Shalimar Bagh
DEL_03830,Ambedkar Nagar
DEL_03831,Ambedkar Nagar
DEL_03832,Ambedkar Nagar
DEL_03833,Ambedkar Nagar
DEL_03834,Sanjay Gandhi Transport Nagar
DEL_03835,Sanjay Gandhi Transport Nagar
DEL_03836,Bhalswa
DEL_03837,Bhalswa
DEL_03838,Swaroop Nagar
DEL_03839,Swaroop Nagar
DEL_03840,Swaroop Nagar
DEL_03841,Swaroop Nagar
DEL_03842,Swaroop Nagar
DEL_03843,Swaroop Nagar
DEL_03844,Ibrahimpur
DEL_03845,Alipur
DEL_03846,Alipur
DEL_03847,Alipur
DEL_03848,Alipur
DEL_03849,Alipur
DEL_03850,Alipur
DEL_03851,Hamidpur
DEL_03852,Hamidpur
DEL_03853,Hamidpur
DEL_03854,Hamidpur
DEL_03855,Hamidpur
DEL_03856,Hamidpur
DEL_03857,Hamidpur
DEL_03858,Hamidpur
DEL_03859,Hamidpur
DEL_03860,Sersa
DEL_03861,Sersa
DEL_03862,Bhandwari
DEL_03863,Mandi
DEL_03864,Mandi
DEL_03865,Mandi
DEL_03866,Mandi
DEL_03867,Mandi
DEL_03868,Mandi
DEL_03869,Jaunpur
DEL_03870,Jaunpur
DEL_03871,Jaunpur
DEL_03872,Jaunpur
DEL_03873,Jaunpur
DEL_03874,Jaunpur
DEL_03875,Chattarpur Farms
DEL_03876,Chattarpur Farms
DEL_03877,Chattarpur Farms
DEL_03878,Chattarpur Farms
DEL_03879,Chattarpur Farms
DEL_03880,Kishangarh
DEL_03881,Kishangarh
DEL_03882,Kishangarh
DEL_03883,Kishangarh
DEL_03884,Vasant Kunj
DEL_03885,Vasant Kunj
DEL_03886,Vasant Kunj
DEL_03887,Vasant Kunj
DEL_03888,Vasant Kunj
DEL_03889,Vasant Kunj
DEL_03890,Vasant Vihar
DEL_03891,Vasant Vihar
DEL_03892,Vasant Vihar
DEL_03893,Vasant Vihar
DEL_03894,Vasant Vihar
DEL_03895,West End
DEL_03896,West End
DEL_03897,West End
DEL_03898,Anand Niketan
DEL_03899,Arjun Vihar
DEL_03900,Arjun Vihar
DEL_03901,Dhaula Kuan
DEL_03902,Dhaula Kuan
DEL_03903,Dhaula Kuan
DEL_03904,Todapur
DEL_03905,Todapur
DEL_03906,Todapur
DEL_03907,Todapur
DEL_03908,Todapur
DEL_03909,Todapur
DEL_03910,Guru Nanak Nagar
DEL_03911,Guru Nanak Nagar
DEL_03912,New Ranjeet Nagar
DEL_03913,Guru Arjun Nagar
DEL_03914,Baljeet Nagar
DEL_03915,Baljeet Nagar
DEL_03916,DLF Midtown
DEL_03917,Amar Park
DEL_03918,Onkar Nagar
DEL_03919,Jor Bagh
DEL_03920,Prem Nagar
DEL_03921,Kanhaiya Nagar
DEL_03922,Block C5
DEL_03923,Block C5
DEL_03924,Block C5
DEL_03925,Shalimar Bagh
DEL_03926,Shalimar Bagh
DEL_03927,Shalimar Bagh
DEL_03928,Shalimar Bagh
DEL_03929,Jahangir Puri
DEL_03930,Jahangir Puri
DEL_03931,Jahangir Puri
DEL_03932,Jahangir Puri
DEL_03933,Bhalswa
DEL_03934,Bhalswa
DEL_03935,Bhalswa
DEL_03936,Bhalswa
DEL_03937,Swaroop Nagar
DEL_03938,Swaroop Nagar
DEL_03939,Swaroop Nagar
DEL_03940,Swaroop Nagar
DEL_03941,Ibrahimpur
DEL_03942,Ibrahimpur
DEL_03943,Ibrahimpur
DEL_03944,Ibrahimpur
DEL_03945,Alipur
DEL_03946,Alipur
DEL_03947,Bakhtawar Pur
DEL_03948,Bakhtawar Pur
DEL_03949,Bakhtawar Pur
DEL_03950,Bakhtawar Pur
DEL_03951,Bakhtawar Pur
DEL_03952,Bakhtawar Pur
DEL_03953,Bakhtawar Pur
DEL_03954,Bakhtawar Pur
DEL_03955,Hamidpur
DEL_03956,Hamidpur
DEL_03957,Hamidpur
DEL_03958,Sersa
DEL_03959,Sersa
DEL_03960,Sersa
DEL_03961,Bhandwari
DEL_03962,Bhandwari
DEL_03963,Dera
DEL_03964,Dera
DEL_03965,Dera
DEL_03966,Mandi
DEL_03967,Mandi
DEL_03968,Mandi
DEL_03969,Jaunpur
DEL_03970,Jaunpur
DEL_03971,Jaunpur
DEL_03972,Jaunpur
DEL_03973,Jaunpur
DEL_03974,Chattarpur Farms
DEL_03975,Chattarpur Farms
DEL_03976,Chattarpur Farms
DEL_03977,Chattarpur Farms
DEL_03978,Chattarpur Farms
DEL_03979,Chattarpur Farms
DEL_03980,Kishangarh
DEL_03981,Kishangarh
DEL_03982,Kishangarh
DEL_03983,Kishangarh
DEL_03984,Kishangarh
DEL_03985,Kishangarh
DEL_03986,Vasant Kunj
DEL_03987,Vasant Kunj
DEL_03988,Vasant Kunj
DEL_03989,Vasant Kunj
DEL_03990,Vasant Vihar
DEL_03991,Vasant Vihar
DEL_03992,Vasant Vihar
DEL_03993,Vasant Vihar
DEL_03994,Vasant Vihar
DEL_03995,Sector 8
DEL_03996,West End
DEL_03997,Anand Niketan
DEL_03998,Anand Niketan
DEL_03999,Satya Niketan
DEL_04000,Dhaula Kuan
DEL_04001,Dhaula Kuan
DEL_04002,Dhaula Kuan
DEL_04003,Dhaula Kuan
DEL_04004,Todapur
DEL_04005,Todapur
DEL_04006,Todapur
DEL_04007,Todapur
DEL_04008,Todapur
DEL_04009,Todapur
DEL_04010,South Patel Nagar
DEL_04011,Ranjeet Nagar
DEL_04012,Ranjeet Nagar
DEL_04013,Patel Nagar
DEL_04014,West Patel Nagar
DEL_04015,Baljeet Nagar
DEL_04016,Anand Parbat
DEL_04017,Amar Park
DEL_04018,Lakhu Nagar
DEL_04019,Ganeshpura
DEL_04020,Kanhaiya Nagar
DEL_04021,Kanhaiya Nagar
DEL_04022,Ashok Vihar
DEL_04023,Block C5
DEL_04024,Shalimar Bagh
DEL_04025,Shalimar Bagh
DEL_04026,Shalimar Bagh
DEL_04027,Shalimar Bagh
DEL_04028,Shalimar Bagh
DEL_04029,Jahangir Puri
DEL_04030,Jahangir Puri
DEL_04031,Jahangir Puri
DEL_04032,Jahangir Puri
DEL_04033,Bhalswa
DEL_04034,Bhalswa
DEL_04035,Bhalswa
DEL_04036,Bhalswa
DEL_04037,Swaroop Nagar
DEL_04038,Swaroop Nagar
DEL_04039,Ibrahimpur
DEL_04040,Ibrahimpur
DEL_04041,Ibrahimpur
DEL_04042,Ibrahimpur
DEL_04043,Ibrahimpur
DEL_04044,Ibrahimpur
DEL_04045,Ibrahimpur
DEL_04046,Ibrahimpur
DEL_04047,Bakhtawar Pur
DEL_04048,Bakhtawar Pur
DEL_04049,Bakhtawar Pur
DEL_04050,Bakhtawar Pur
DEL_04051,Bakhtawar Pur
DEL_04052,Bakhtawar Pur
DEL_04053,Bakhtawar Pur
DEL_04054,Bakhtawar Pur
DEL_04055,Bakhtawar Pur
DEL_04056,Bakhtawar Pur
DEL_04057,Bakhtawar Pur
DEL_04058,Sersa
DEL_04059,Sersa
DEL_04060,Sersa
DEL_04061,Bhandwari
DEL_04062,Bhandwari
DEL_04063,Dera
DEL_04064,Dera
DEL_04065,Dera
DEL_04066,Dera
DEL_04067,Dera
DEL_04068,Dera
DEL_04069,Dera
DEL_04070,Jaunpur
DEL_04071,Jaunpur
DEL_04072,Jaunpur
DEL_04073,Jaunpur
DEL_04074,Chattarpur Farms
DEL_04075,Chattarpur Farms
DEL_04076,Chattarpur Farms
DEL_04077,Chattarpur Farms
DEL_04078,Chattarpur Farms
DEL_04079,Chattarpur Farms
DEL_04080,DLF Farms
DEL_04081,Chhattarpur
DEL_04082,Kishangarh
DEL_04083,Kishangarh
DEL_04084,Kishangarh
DEL_04085,Kishangarh
DEL_04086,Prajapati Colony
DEL_04087,Prajapati Colony
DEL_04088,Prajapati Colony
DEL_04089,Vasant Kunj
DEL_04090,Ber Sarai
DEL_04091,Ber Sarai
DEL_04092,Vasant Vihar
DEL_04093,Vasant Vihar
DEL_04094,Vasant Vihar
DEL_04095,Sector 6
DEL_04096,Sector 7
DEL_04097,Sector 8
DEL_04098,Shantiniketan
DEL_04099,South Moti Bagh
DEL_04100,Satya Niketan
DEL_04101,Satya Niketan
DEL_04102,Dhaula Kuan
DEL_04103,Dhaula Kuan
DEL_04104,Dhaula Kuan
DEL_04105,Dhaula Kuan
DEL_04106,Todapur
DEL_04107,Todapur
DEL_04108,Todapur
DEL_04109,Todapur
DEL_04110,South Patel Nagar
DEL_04111,South Patel Nagar
DEL_04112,South Patel Nagar
DEL_04113,South Patel Nagar
DEL_04114,Patel Nagar
DEL_04115,Anand Parbat
DEL_04116,Anand Parbat
DEL_04117,Anand Parbat
DEL_04118,Amar Park
DEL_04119,Dena Ram Park
DEL_04120,Shanti Nagar
DEL_04121,Kanhaiya Nagar
DEL_04122,Ashok Vihar
DEL_04123,Ashok Vihar
DEL_04124,Ashok Vihar
DEL_04125,Jailer Wala Bagh
DEL_04126,Azadpur
DEL_04127,Azadpur
DEL_04128,Azadpur
DEL_04129,Azadpur
DEL_04130,Jahangir Puri
DEL_04131,Jahangir Puri
DEL_04132,Jahangir Puri
DEL_04133,Jahangir Puri
DEL_04134,Jahangir Puri
DEL_04135,Bhalswa
DEL_04136,Bhalswa
DEL_04137,Bhalswa
DEL_04138,Bhalswa
DEL_04139,Ibrahimpur
DEL_04140,Ibrahimpur
DEL_04141,Ibrahimpur
DEL_04142,Ibrahimpur
DEL_04143,Ibrahimpur
DEL_04144,Ibrahimpur
DEL_04145,Ibrahimpur
DEL_04146,Ibrahimpur
DEL_04147,Ibrahimpur
DEL_04148,Bakhtawar Pur
DEL_04149,Bakhtawar Pur
DEL_04150,Bakhtawar Pur
DEL_04151,Bakhtawar Pur
DEL_04152,Bakhtawar Pur
DEL_04153,Bakhtawar Pur
DEL_04154,Bakhtawar Pur
DEL_04155,Bakhtawar Pur
DEL_04156,Bakhtawar Pur
DEL_04157,Bakhtawar Pur
DEL_04158,Bakhtawar Pur
DEL_04159,Bakhtawar Pur
DEL_04160,Sersa
DEL_04161,Sersa
DEL_04162,Bhandwari
DEL_04163,Dera
DEL_04164,Dera
DEL_04165,Dera
DEL_04166,Dera
DEL_04167,Dera
DEL_04168,Dera
DEL_04169,Dera
DEL_04170,Dera
DEL_04171,Harswaroop Colony
DEL_04172,Fatehpur Beri
DEL_04173,Fatehpur Beri
DEL_04174,Chandan Hola
DEL_04175,Chattarpur Farms
DEL_04176,Chattarpur Farms
DEL_04177,Chattarpur Farms
DEL_04178,DLF Farms
DEL_04179,DLF Farms
DEL_04180,DLF Farms
DEL_04181,DLF Farms
DEL_04182,Chhattarpur
DEL_04183,Chhattarpur
DEL_04184,Kishangarh
DEL_04185,Kishangarh
DEL_04186,Gharwal Colony
DEL_04187,Gharwal Colony
DEL_04188,Prajapati Colony
DEL_04189,Prajapati Colony
DEL_04190,Qutab Institutional Area
DEL_04191,Ber Sarai
DEL_04192,Ber Sarai
DEL_04193,Ber Sarai
DEL_04194,Sector 5
DEL_04195,Sector 5
DEL_04196,Sector 6
DEL_04197,Sector 6
DEL_04198,Sector 9
DEL_04199,Shantiniketan
DEL_04200,Moti Bagh
DEL_04201,Arakpur Bagh
DEL_04202,Ministry of external affairs residential complex
DEL_04203,Ministry of external affairs residential complex
DEL_04204,Malcha
DEL_04205,Malcha
DEL_04206,Malcha
DEL_04207,Malcha
DEL_04208,Todapur
DEL_04209,Todapur
DEL_04210,Rajendra Nagar
DEL_04211,Rajendra Nagar
DEL_04212,East Patel Nagar
DEL_04213,East Patel Nagar
DEL_04214,East Patel Nagar
DEL_04215,East Patel Nagar
DEL_04216,Bapa Nagar
DEL_04217,Anand Parbat
DEL_04218,Anand Parbat
DEL_04219,Anand Parbat
DEL_04220,Shanti Nagar
DEL_04221,Shanti Nagar
DEL_04222,Ashok Vihar
DEL_04223,Ashok Vihar
DEL_04224,Ashok Vihar
DEL_04225,Ashok Vihar
DEL_04226,Jailer Wala Bagh
DEL_04227,Jailer Wala Bagh
DEL_04228,Azadpur
DEL_04229,Azadpur
DEL_04230,Azadpur
DEL_04231,Jahangir Puri
DEL_04232,Jahangir Puri
DEL_04233,Jahangir Puri
DEL_04234,Jahangir Puri
DEL_04235,Jahangir Puri
DEL_04236,Jahangir Puri
DEL_04237,Bhalswa
DEL_04238,Bhalswa
DEL_04239,Ibrahimpur
DEL_04240,Ibrahimpur
DEL_04241,Ibrahimpur
DEL_04242,Ibrahimpur
DEL_04243,Ibrahimpur
DEL_04244,Ibrahimpur
DEL_04245,Ibrahimpur
DEL_04246,Ibrahimpur
DEL_04247,Ibrahimpur
DEL_04248,Ibrahimpur
DEL_04249,Bakhtawar Pur
DEL_04250,Bakhtawar Pur
DEL_04251,Bakhtawar Pur
DEL_04252,Bakhtawar Pur
DEL_04253,Bakhtawar Pur
DEL_04254,Bakhtawar Pur
DEL_04255,Bakhtawar Pur
DEL_04256,Bakhtawar Pur
DEL_04257,Bakhtawar Pur
DEL_04258,Bakhtawar Pur
DEL_04259,Bakhtawar Pur
DEL_04260,Bakhtawar Pur
DEL_04261,Bakhtawar Pur
DEL_04262,Sersa
DEL_04263,Bhati Kalan
DEL_04264,Bhati Kalan
DEL_04265,Dera
DEL_04266,Dera
DEL_04267,Dera
DEL_04268,Dera
DEL_04269,Dera
DEL_04270,Dera
DEL_04271,Dera
DEL_04272,Harswaroop Colony
DEL_04273,Fatehpur Beri
DEL_04274,Fatehpur Beri
DEL_04275,Chandan Hola
DEL_04276,Chandan Hola
DEL_04277,Chandan Hola
DEL_04278,DLF Farms
DEL_04279,DLF Farms
DEL_04280,DLF Farms
DEL_04281,DLF Farms
DEL_04282,Chhattarpur
DEL_04283,Chhattarpur
DEL_04284,Chhattarpur
DEL_04285,Chhattarpur
DEL_04286,Mehrauli
DEL_04287,Mehrauli
DEL_04288,Mehrauli
DEL_04289,Mehrauli
DEL_04290,Qutab Institutional Area
DEL_04291,Qutab Institutional Area
DEL_04292,Qutab Institutional Area
DEL_04293,Ber Sarai
DEL_04294,Ber Sarai
DEL_04295,Sector 3
DEL_04296,Sector 5
DEL_04297,West Block
DEL_04298,West Block
DEL_04299,Aradhna Enclave
DEL_04300,Aradhna Enclave
DEL_04301,North Moti Bagh
DEL_04302,Ministry of external affairs residential complex
DEL_04303,Ministry of external affairs residential complex
DEL_04304,Ministry of external affairs residential complex
DEL_04305,Malcha
DEL_04306,Malcha
DEL_04307,Malcha
DEL_04308,Malcha
DEL_04309,Malcha
DEL_04310,Rajendra Nagar
DEL_04311,Rajendra Nagar
DEL_04312,Rajendra Nagar
DEL_04313,Rajendra Nagar
DEL_04314,Rajendra Nagar
DEL_04315,East Patel Nagar
DEL_04316,Bapa Nagar
DEL_04317,Bapa Nagar
DEL_04318,Bapa Nagar
DEL_04319,Moti Bagh (East)
DEL_04320,Moti Bagh (East)
DEL_04321,DDA SFS Flats
DEL_04322,Shrinagar Colony
DEL_04323,Shrinagar Colony
DEL_04324,Ashok Vihar
DEL_04325,Ashok Vihar
DEL_04326,GT Karnal Road Industrial Area
DEL_04327,Jailer Wala Bagh
DEL_04328,Jailer Wala Bagh
DEL_04329,Victoria Gardens
DEL_04330,Azadpur
DEL_04331,Azadpur
DEL_04332,Azadpur
DEL_04333,Jahangir Puri
DEL_04334,Jahangir Puri
DEL_04335,Jahangir Puri
DEL_04336,Jahangir Puri
DEL_04337,Jahangir Puri
DEL_04338,Bhalswa
DEL_04339,Ibrahimpur
DEL_04340,Ibrahimpur
DEL_04341,Ibrahimpur
DEL_04342,Ibrahimpur
DEL_04343,Ibrahimpur
DEL_04344,Ibrahimpur
DEL_04345,Ibrahimpur
DEL_04346,Ibrahimpur
DEL_04347,Ibrahimpur
DEL_04348,Ibrahimpur
DEL_04349,Ibrahimpur
DEL_04350,Bakhtawar Pur
DEL_04351,Bakhtawar Pur
DEL_04352,Bakhtawar Pur
DEL_04353,Bakhtawar Pur
DEL_04354,Bakhtawar Pur
DEL_04355,Bakhtawar Pur
DEL_04356,Bakhtawar Pur
DEL_04357,Bakhtawar Pur
DEL_04358,Bakhtawar Pur
DEL_04359,Bakhtawar Pur
DEL_04360,Bakhtawar Pur
DEL_04361,Bakhtawar Pur
DEL_04362,Bakhtawar Pur
DEL_04363,Bakhtawar Pur
DEL_04364,Sersa
DEL_04365,Bhati Kalan
DEL_04366,Bhati Kalan
DEL_04367,Bhati Kalan
DEL_04368,Bhati Kalan
DEL_04369,Dera
DEL_04370,Dera
DEL_04371,Dera
DEL_04372,Dera
DEL_04373,Asola
DEL_04374,Harswaroop Colony
DEL_04375,Fatehpur Beri
DEL_04376,Fatehpur Beri
DEL_04377,Chandan Hola
DEL_04378,Chandan Hola
DEL_04379,Chandan Hola
DEL_04380,Satbari
DEL_04381,Satbari
DEL_04382,Satbari
DEL_04383,Satbari
DEL_04384,Chhattarpur
DEL_04385,Chhattarpur
DEL_04386,Chhattarpur
DEL_04387,Chhattarpur
DEL_04388,Mehrauli
DEL_04389,Mehrauli
DEL_04390,Mehrauli
DEL_04391,Mehrauli
DEL_04392,Qutab Institutional Area
DEL_04393,Qutab Institutional Area
DEL_04394,Qutab Institutional Area
DEL_04395,Ber Sarai
DEL_04396,Ber Sarai
DEL_04397,Sector 3
DEL_04398,Sector 2
DEL_04399,Sector 1
DEL_04400,East Block
DEL_04401,Sector 13
DEL_04402,Netaji Nagar
DEL_04403,North Moti Bagh
DEL_04404,North Moti Bagh
DEL_04405,Chanakyapuri
DEL_04406,Chanakyapuri
DEL_04407,Malcha
DEL_04408,Malcha
DEL_04409,Malcha
DEL_04410,Malcha
DEL_04411,Malcha
DEL_04412,Rajendra Nagar
DEL_04413,Rajendra Nagar
DEL_04414,Rajendra Nagar
DEL_04415,Rajendra Nagar
DEL_04416,Rajendra Nagar
DEL_04417,Rajendra Nagar
DEL_04418,Karol Bagh
DEL_04419,Bapa Nagar
DEL_04420,Bapa Nagar
DEL_04421,Moti Bagh (East)
DEL_04422,Moti Bagh (East)
DEL_04423,DDA SFS Flats
DEL_04424,Shrinagar Colony
DEL_04425,Shrinagar Colony
DEL_04426,Shrinagar Colony
DEL_04427,GT Karnal Road Industrial Area
DEL_04428,GT Karnal Road Industrial Area
DEL_04429,Derawal Nagar
DEL_04430,Mahendru Enclave
DEL_04431,Model Town
DEL_04432,Model Town
DEL_04433,Model Town
DEL_04434,Model Town
DEL_04435,Jahangir Puri
DEL_04436,Jahangir Puri
DEL_04437,Jahangir Puri
DEL_04438,Jahangir Puri
DEL_04439,Jahangir Puri
DEL_04440,Jahangir Puri
DEL_04441,Ibrahimpur
DEL_04442,Ibrahimpur
DEL_04443,Ibrahimpur
DEL_04444,Ibrahimpur
DEL_04445,Ibrahimpur
DEL_04446,Ibrahimpur
DEL_04447,Ibrahimpur
DEL_04448,Ibrahimpur
DEL_04449,Ibrahimpur
DEL_04450,Ibrahimpur
DEL_04451,Ibrahimpur
DEL_04452,Bakhtawar Pur
DEL_04453,Bakhtawar Pur
DEL_04454,Bakhtawar Pur
DEL_04455,Bakhtawar Pur
DEL_04456,Bakhtawar Pur
DEL_04457,Bakhtawar Pur
DEL_04458,Bakhtawar Pur
DEL_04459,Bakhtawar Pur
DEL_04460,Bakhtawar Pur
DEL_04461,Bakhtawar Pur
DEL_04462,Bakhtawar Pur
DEL_04463,Bakhtawar Pur
DEL_04464,Bakhtawar Pur
DEL_04465,Bakhtawar Pur
DEL_04466,Manoli
DEL_04467,Bhati Kalan
DEL_04468,Bhati Kalan
DEL_04469,Bhati Kalan
DEL_04470,Bhati Kalan
DEL_04471,Bhati Kalan
DEL_04472,Bhati Kalan
DEL_04473,Dera
DEL_04474,Asola
DEL_04475,Asola
DEL_04476,Asola
DEL_04477,Asola
DEL_04478,Fatehpur Beri
DEL_04479,Chandan Hola
DEL_04480,Chandan Hola
DEL_04481,Chandan Hola
DEL_04482,Satbari
DEL_04483,Satbari
DEL_04484,Satbari
DEL_04485,Tara Market
DEL_04486,Tara Market
DEL_04487,Chhattarpur
DEL_04488,Chhattarpur
DEL_04489,Chhattarpur
DEL_04490,Chhattarpur
DEL_04491,Lado Sarai
DEL_04492,Lado Sarai
DEL_04493,Lado Sarai
DEL_04494,Qutab Institutional Area
DEL_04495,Qutab Institutional Area
DEL_04496,Katwaria Sarai
DEL_04497,Jia Sarai
DEL_04498,Jia Sarai
DEL_04499,Sector 2
DEL_04500,Sector 2
DEL_04501,Madhavpuram Village
DEL_04502,Bikaji Cama Place
DEL_04503,Netaji Nagar Market
DEL_04504,Netaji Nagar Market
DEL_04505,Netaji Nagar Market
DEL_04506,Chanakyapuri
DEL_04507,Chanakyapuri
DEL_04508,Chanakyapuri
DEL_04509,Chanakyapuri
DEL_04510,Malcha
DEL_04511,Willingdon Crescent
DEL_04512,Willingdon Crescent
DEL_04513,Willingdon Crescent
DEL_04514,Willingdon Crescent
DEL_04515,Rajendra Nagar
DEL_04516,Rajendra Nagar
DEL_04517,Rajendra Nagar
DEL_04518,Rajendra Nagar
DEL_04519,Rajendra Nagar
DEL_04520,Karol Bagh
DEL_04521,Karol Bagh
DEL_04522,Karol Bagh
DEL_04523,Sarai Rohilla
DEL_04524,Sarai Rohilla
DEL_04525,Sarai Rohilla
DEL_04526,Shrinagar Colony
DEL_04527,DVB Colony
DEL_04528,Rana Pratap Bagh
DEL_04529,Rana Pratap Bagh
DEL_04530,SBI Colony
DEL_04531,Derawal Nagar
DEL_04532,Gujranwalan Town
DEL_04533,Model Town
DEL_04534,Model Town
DEL_04535,Model Town
DEL_04536,Model Town
DEL_04537,Model Town
DEL_04538,Jahangir Puri
DEL_04539,Jahangir Puri
DEL_04540,Jahangir Puri
DEL_04541,Jahangir Puri
DEL_04542,Jahangir Puri
DEL_04543,Ibrahimpur
DEL_04544,Ibrahimpur
DEL_04545,Ibrahimpur
DEL_04546,Ibrahimpur
DEL_04547,Ibrahimpur
DEL_04548,Ibrahimpur
DEL_04549,Ibrahimpur
DEL_04550,Ibrahimpur
DEL_04551,Ibrahimpur
DEL_04552,Ibrahimpur
DEL_04553,Ibrahimpur
DEL_04554,Bakhtawar Pur
DEL_04555,Bakhtawar Pur
DEL_04556,Bakhtawar Pur
DEL_04557,Bakhtawar Pur
DEL_04558,Bakhtawar Pur
DEL_04559,Bakhtawar Pur
DEL_04560,Bakhtawar Pur
DEL_04561,Bakhtawar Pur
DEL_04562,Bakhtawar Pur
DEL_04563,Bakhtawar Pur
DEL_04564,Bakhtawar Pur
DEL_04565,Bakhtawar Pur
DEL_04566,Bakhtawar Pur
DEL_04567,Bakhtawar Pur
DEL_04568,Manoli
DEL_04569,Bhati Kalan
DEL_04570,Bhati Kalan
DEL_04571,Bhati Kalan
DEL_04572,Bhati Kalan
DEL_04573,Bhati Khurd
DEL_04574,Bhati Khurd
DEL_04575,Bhati Khurd
DEL_04576,Asola
DEL_04577,Asola
DEL_04578,Asola
DEL_04579,Fatehpur Beri
DEL_04580,Chandan Hola
DEL_04581,Chandan Hola
DEL_04582,Satbari
DEL_04583,Satbari
DEL_04584,Satbari
DEL_04585,Satbari
DEL_04586,Tara Market
DEL_04587,Tara Market
DEL_04588,Tara Market
DEL_04589,Tara Market
DEL_04590,Freedom Fighters Enclave
DEL_04591,Freedom Fighters Enclave
DEL_04592,Lado Sarai
DEL_04593,Lado Sarai
DEL_04594,Lado Sarai
DEL_04595,Lado Sarai
DEL_04596,Adchini
DEL_04597,Jia Sarai
DEL_04598,Jia Sarai
DEL_04599,Hauz Khas
DEL_04600,Hauz Khas
DEL_04601,Humayunpur
DEL_04602,Safdarjung Enclave
DEL_04603,Safdarjung Enclave
DEL_04604,Sarojini Nagar
DEL_04605,Sarojini Nagar
DEL_04606,Sarojini Nagar
DEL_04607,Chanakyapuri
DEL_04608,Chanakyapuri
DEL_04609,Chanakyapuri
DEL_04610,Chanakyapuri
DEL_04611,Willingdon Crescent
DEL_04612,Willingdon Crescent
DEL_04613,Willingdon Crescent
DEL_04614,Willingdon Crescent
DEL_04615,Rakab Ganj
DEL_04616,Rakab Ganj
DEL_04617,Ashok Place
DEL_04618,Rajendra Nagar
DEL_04619,Rajendra Nagar
DEL_04620,Karol Bagh
DEL_04621,Karol Bagh
DEL_04622,Karol Bagh
DEL_04623,Karol Bagh
DEL_04624,Sarai Rohilla
DEL_04625,Sarai Rohilla
DEL_04626,Sarai Rohilla
DEL_04627,Gilahri Bagh
DEL_04628,Gilahri Bagh
DEL_04629,Gur Mandi
DEL_04630,CC Colony
DEL_04631,Ishwar Colony
DEL_04632,Ishwar Colony
DEL_04633,Malikpur
DEL_04634,Malikpur
DEL_04635,Malikpur
DEL_04636,Indira Vikas Colony
DEL_04637,Indira Vikas Colony
DEL_04638,Indira Vikas Colony
DEL_04639,Indira Vikas Colony
DEL_04640,Indira Vikas Colony
DEL_04641,Wazirabad
DEL_04642,Wazirabad
DEL_04643,Wazirabad
DEL_04644,Ibrahimpur
DEL_04645,Ibrahimpur
DEL_04646,Ibrahimpur
DEL_04647,Ibrahimpur
DEL_04648,Ibrahimpur
DEL_04649,Ibrahimpur
DEL_04650,Ibrahimpur
DEL_04651,Ibrahimpur
DEL_04652,Ibrahimpur
DEL_04653,Ibrahimpur
DEL_04654,Ibrahimpur
DEL_04655,Bakhtawar Pur
DEL_04656,Bakhtawar Pur
DEL_04657,Bakhtawar Pur
DEL_04658,Bakhtawar Pur
DEL_04659,Bakhtawar Pur
DEL_04660,Bakhtawar Pur
DEL_04661,Bakhtawar Pur
DEL_04662,Bakhtawar Pur
DEL_04663,Bakhtawar Pur
DEL_04664,Bakhtawar Pur
DEL_04665,Bakhtawar Pur
DEL_04666,Manoli
DEL_04667,Bhati Kalan
DEL_04668,Bhati Kalan
DEL_04669,Bhati Kalan
DEL_04670,Bhati Khurd
DEL_04671,Bhati Khurd
DEL_04672,Bhati Khurd
DEL_04673,Bhati Khurd
DEL_04674,Asola
DEL_04675,Asola
DEL_04676,Asola
DEL_04677,Kharak
DEL_04678,Kharak
DEL_04679,Kharak
DEL_04680,Kharak
DEL_04681,Satbari
DEL_04682,Satbari
DEL_04683,Satbari
DEL_04684,Maidan Garhi
DEL_04685,Maidan Garhi
DEL_04686,Maidan Garhi
DEL_04687,Neb Sarai
DEL_04688,Freedom Fighters Enclave
DEL_04689,Freedom Fighters Enclave
DEL_04690,Said-ul-Ajaib
DEL_04691,Lado Sarai
DEL_04692,Lado Sarai
DEL_04693,Navjeevan Vihar
DEL_04694,Adchini
DEL_04695,Adchini
DEL_04696,Hauz Khas Enclave
DEL_04697,Hauz Khas Enclave
DEL_04698,Hauz Khas
DEL_04699,Arjun Nagar
DEL_04700,Arjun Nagar
DEL_04701,Safdarjung Enclave
DEL_04702,Sarojini Nagar
DEL_04703,Pilanji
DEL_04704,Pilanji
DEL_04705,Pilanji
DEL_04706,Chanakyapuri
DEL_04707,Chanakyapuri
DEL_04708,Willingdon Crescent
DEL_04709,Willingdon Crescent
DEL_04710,Willingdon Crescent
DEL_04711,Raisina Hill
DEL_04712,Rakab Ganj
DEL_04713,Rakab Ganj
DEL_04714,Ashok Place
DEL_04715,Ashok Place
DEL_04716,Palika Niketan
DEL_04717,Palika Niketan
DEL_04718,Aram Bagh
DEL_04719,Multani Dhanda
DEL_04720,Bara Hindu Rao
DEL_04721,Bara Hindu Rao
DEL_04722,Bara Hindu Rao
DEL_04723,Beri Wala Bagh
DEL_04724,Dharampur Lodge
DEL_04725,Dharampur Lodge
DEL_04726,Prem Nagar
DEL_04727,Roop Nagar
DEL_04728,Vijay Nagar
DEL_04729,Old Gupta Colony
DEL_04730,Malikpur
DEL_04731,Malikpur
DEL_04732,Malikpur
DEL_04733,Indira Vikas Colony
DEL_04734,Indira Vikas Colony
DEL_04735,Indira Vikas Colony
DEL_04736,Indira Vikas Colony
DEL_04737,Indira Vikas Colony
DEL_04738,Wazirabad
DEL_04739,Wazirabad
DEL_04740,Wazirabad
DEL_04741,Wazirabad
DEL_04742,Wazirabad
DEL_04743,Ibrahimpur
DEL_04744,Ibrahimpur
DEL_04745,Ibrahimpur
DEL_04746,Ibrahimpur
DEL_04747,Ibrahimpur
DEL_04748,Ibrahimpur
DEL_04749,Ibrahimpur
DEL_04750,Ibrahimpur
DEL_04751,Ibrahimpur
DEL_04752,Bakhtawar Pur
DEL_04753,Bakhtawar Pur
DEL_04754,Bakhtawar Pur
DEL_04755,Bakhtawar Pur
DEL_04756,Bakhtawar Pur
DEL_04757,Bakhtawar Pur
DEL_04758,Bakhtawar Pur
DEL_04759,Bakhtawar Pur
DEL_04760,Bakhtawar Pur
DEL_04761,Bakhtawar Pur
DEL_04762,Bakhtawar Pur
DEL_04763,Bakhtawar Pur
DEL_04764,Bhati Kalan
DEL_04765,Bhati Kalan
DEL_04766,Bhati Kalan
DEL_04767,Bhati Khurd
DEL_04768,Bhati Khurd
DEL_04769,Bhati Khurd
DEL_04770,Bhati Khurd
DEL_04771,Bhati Khurd
DEL_04772,Asola
DEL_04773,Kharak
DEL_04774,Kharak
DEL_04775,Kharak
DEL_04776,Kharak
DEL_04777,Kharak
DEL_04778,Kharak
DEL_04779,Kharak
DEL_04780,Maidan Garhi
DEL_04781,Maidan Garhi
DEL_04782,Indira Enclave
DEL_04783,Indira Enclave
DEL_04784,Neb Sarai
DEL_04785,Freedom Fighters Enclave
DEL_04786,Said-ul-Ajaib
DEL_04787,Said-ul-Ajaib
DEL_04788,Said-ul-Ajaib
DEL_04789,Press Enclave
DEL_04790,Navjeevan Vihar
DEL_04791,Navjeevan Vihar
DEL_04792,Kalu Sarai
DEL_04793,Hauz Khas Enclave
DEL_04794,Hauz Khas Enclave
DEL_04795,Green Park
DEL_04796,Green Park Extension
DEL_04797,Green Park Extension
DEL_04798,Kidwai Nagar West
DEL_04799,Kidwai Nagar West
DEL_04800,Laxmi Bai Nagar
DEL_04801,Pilanji
DEL_04802,Pilanji
DEL_04803,Safdarjung
DEL_04804,Safdarjung
DEL_04805,Safdarjung
DEL_04806,Raisina Hill
DEL_04807,Raisina Hill
DEL_04808,Raisina Hill
DEL_04809,Rakab Ganj
DEL_04810,Rakab Ganj
DEL_04811,Ashok Place
DEL_04812,Ashok Place
DEL_04813,Palika Niketan
DEL_04814,Palika Niketan
DEL_04815,Aram Bagh
DEL_04816,Multani Dhanda
DEL_04817,Bara Hindu Rao
DEL_04818,Bara Hindu Rao
DEL_04819,Beri Wala Bagh
DEL_04820,Beri Wala Bagh
DEL_04821,Kabir Basti
DEL_04822,Sarai Danish Mand Khan
DEL_04823,New Chandrawal
DEL_04824,Maurice Nagar
DEL_04825,Maurice Nagar
DEL_04826,Vijay Nagar
DEL_04827,Hakikat Nagar
DEL_04828,"Outram Line, Guru Tegh Bahadur Nagar"
DEL_04829,"Outram Line, Guru Tegh Bahadur Nagar"
DEL_04830,Indira Vikas Colony
DEL_04831,Indira Vikas Colony
DEL_04832,Indira Vikas Colony
DEL_04833,Indira Vikas Colony
DEL_04834,Wazirabad
DEL_04835,Wazirabad
DEL_04836,Wazirabad
DEL_04837,Wazirabad
DEL_04838,Wazirabad
DEL_04839,Wazirabad
DEL_04840,Wazirabad
DEL_04841,Ibrahimpur
DEL_04842,Ibrahimpur
DEL_04843,Ibrahimpur
DEL_04844,Ibrahimpur
DEL_04845,Ibrahimpur
DEL_04846,Ibrahimpur
DEL_04847,Ibrahimpur
DEL_04848,Bakhtawar Pur
DEL_04849,Bakhtawar Pur
DEL_04850,Bakhtawar Pur
DEL_04851,Bakhtawar Pur
DEL_04852,Bakhtawar Pur
DEL_04853,Bakhtawar Pur
DEL_04854,Bakhtawar Pur
DEL_04855,Bakhtawar Pur
DEL_04856,Bakhtawar Pur
DEL_04857,Bakhtawar Pur
DEL_04858,Bakhtawar Pur
DEL_04859,Bakhtawar Pur
DEL_04860,Bhati Kalan
DEL_04861,Bhati Kalan
DEL_04862,Bhati Khurd
DEL_04863,Bhati Khurd
DEL_04864,Bhati Khurd
DEL_04865,Bhati Khurd
DEL_04866,Bhati Khurd
DEL_04867,Bhati Khurd
DEL_04868,Kharak
DEL_04869,Kharak
DEL_04870,Kharak
DEL_04871,Kharak
DEL_04872,Kharak
DEL_04873,Kharak
DEL_04874,Kharak
DEL_04875,Kharak
DEL_04876,Indira Enclave
DEL_04877,Indira Enclave
DEL_04878,Indira Enclave
DEL_04879,Indira Enclave
DEL_04880,Indira Enclave
DEL_04881,Neb Sarai
DEL_04882,Said-ul-Ajaib
DEL_04883,Said-ul-Ajaib
DEL_04884,Press Enclave
DEL_04885,Press Enclave
DEL_04886,Shivalik
DEL_04887,Shivalik
DEL_04888,Sarvapriya Vihar
DEL_04889,Mayfair Gardens
DEL_04890,Mayfair Gardens
DEL_04891,Gulmohar Enclave
DEL_04892,Yusuf Sarai Market
DEL_04893,Yusuf Sarai Market
DEL_04894,Kidwai Nagar
DEL_04895,Kidwai Nagar
DEL_04896,Laxmi Bai Nagar
DEL_04897,Laxmi Bai Nagar
DEL_04898,Jor Bagh
DEL_04899,Safdarjung
DEL_04900,Safdarjung
DEL_04901,Safdarjung
DEL_04902,Safdarjung
DEL_04903,Raisina Hill
DEL_04904,Raisina Hill
DEL_04905,Rakab Ganj
DEL_04906,Ashok Place
DEL_04907,Ashok Place
DEL_04908,Ashok Place
DEL_04909,Palika Niketan
DEL_04910,Palika Niketan
DEL_04911,Aram Bagh
DEL_04912,Multani Dhanda
DEL_04913,Pahari Dhiraj
DEL_04914,Pahari Dhiraj
DEL_04915,Sadar Bazar
DEL_04916,Beri Wala Bagh
DEL_04917,Kabir Basti
DEL_04918,Malka Ganj
DEL_04919,Malka Ganj
DEL_04920,North Campus
DEL_04921,North Campus
DEL_04922,Hakikat Nagar
DEL_04923,Hakikat Nagar
DEL_04924,"Outram Line, Guru Tegh Bahadur Nagar"
DEL_04925,"Outram Line, Guru Tegh Bahadur Nagar"
DEL_04926,Indira Vikas Colony
DEL_04927,Indira Vikas Colony
DEL_04928,Indira Vikas Colony
DEL_04929,Wazirabad
DEL_04930,Wazirabad
DEL_04931,Wazirabad
DEL_04932,Wazirabad
DEL_04933,Wazirabad
DEL_04934,Wazirabad
DEL_04935,Wazirabad
DEL_04936,Wazirabad
DEL_04937,Wazirabad
DEL_04938,Ibrahimpur
DEL_04939,Ibrahimpur
DEL_04940,Ibrahimpur
DEL_04941,Ibrahimpur
DEL_04942,Ibrahimpur
DEL_04943,Ibrahimpur
DEL_04944,Bakhtawar Pur
DEL_04945,Bakhtawar Pur
DEL_04946,Bakhtawar Pur
DEL_04947,Bakhtawar Pur
DEL_04948,Bakhtawar Pur
DEL_04949,Bakhtawar Pur
DEL_04950,Bakhtawar Pur
DEL_04951,Bakhtawar Pur
DEL_04952,Bhati Kalan
DEL_04953,Bhati Khurd
DEL_04954,Bhati Khurd
DEL_04955,Bhati Khurd
DEL_04956,Bhati Khurd
DEL_04957,Bhati Khurd
DEL_04958,Bhati Khurd
DEL_04959,Bhati Khurd
DEL_04960,Kharak
DEL_04961,Kharak
DEL_04962,Kharak
DEL_04963,Kharak
DEL_04964,Kharak
DEL_04965,Kharak
DEL_04966,Kharak
DEL_04967,Kharak
DEL_04968,Indira Enclave
DEL_04969,Indira Enclave
DEL_04970,Indira Enclave
DEL_04971,Sainik Farms
DEL_04972,Sainik Farms
DEL_04973,Sainik Farms
DEL_04974,Sainik Farms
DEL_04975,Saket
DEL_04976,Saket
DEL_04977,Hauz Rani
DEL_04978,Malviya Nagar
DEL_04979,Malviya Nagar
DEL_04980,Sadhna Enclave
DEL_04981,Panchsheel Park
DEL_04982,Shahpur Jat
DEL_04983,Gulmohar Park
DEL_04984,Gulmohar Park
DEL_04985,Gautam Nagar
DEL_04986,Kidwai Nagar East
DEL_04987,Kidwai Nagar East
DEL_04988,INA Market
DEL_04989,Jor Bagh
DEL_04990,Jor Bagh
DEL_04991,Jor Bagh
DEL_04992,Safdarjung
DEL_04993,Safdarjung
DEL_04994,Central Vista
DEL_04995,Central Vista
DEL_04996,Central Vista
DEL_04997,Central Vista
DEL_04998,Ashok Place
DEL_04999,Connaught Place
DEL_05000,Connaught Place
DEL_05001,Connaught Place
DEL_05002,Paharganj
DEL_05003,Arya Nagar
DEL_05004,Ram Nagar
DEL_05005,Nabi Karim
DEL_05006,Teliwara
DEL_05007,Teliwara
DEL_05008,Tis Hazari
DEL_05009,Tis Hazari
DEL_05010,Malka Ganj
DEL_05011,Civil Lines
DEL_05012,North Campus
DEL_05013,North Campus
DEL_05014,Cavalry Line
DEL_05015,Banarsi Dass Estate
DEL_05016,Patrachar
DEL_05017,Patrachar
DEL_05018,Patrachar
DEL_05019,Indira Vikas Colony
DEL_05020,Wazirabad
DEL_05021,Wazirabad
DEL_05022,Wazirabad
DEL_05023,Wazirabad
DEL_05024,Wazirabad
DEL_05025,Wazirabad
DEL_05026,Wazirabad
DEL_05027,Wazirabad
DEL_05028,Wazirabad
DEL_05029,Wazirabad
DEL_05030,Wazirabad
DEL_05031,Wazirabad
DEL_05032,Ibrahimpur
DEL_05033,Ibrahimpur
DEL_05034,Ibrahimpur
DEL_05035,Ibrahimpur
DEL_05036,Bakhtawar Pur
DEL_05037,Bakhtawar Pur
DEL_05038,Bakhtawar Pur
DEL_05039,Sanjay Colony
DEL_05040,Sanjay Colony
DEL_05041,Sanjay Colony
DEL_05042,Sanjay Colony
DEL_05043,Sanjay Colony
DEL_05044,Sanjay Colony
DEL_05045,Sanjay Colony
DEL_05046,Sanjay Colony
DEL_05047,Kharak
DEL_05048,Kharak
DEL_05049,Kharak
DEL_05050,Kharak
DEL_05051,Kharak
DEL_05052,Kharak
DEL_05053,Kharak
DEL_05054,Kharak
DEL_05055,Sainik Farms
DEL_05056,Sainik Farms
DEL_05057,Sainik Farms
DEL_05058,Sainik Farms
DEL_05059,Sainik Farms
DEL_05060,Sainik Farms
DEL_05061,Sainik Farms
DEL_05062,Pushp Vihar
DEL_05063,Saket
DEL_05064,Saket
DEL_05065,Khirki
DEL_05066,Jagdamba Camp
DEL_05067,Savitri Nagar
DEL_05068,Siri
DEL_05069,Siri
DEL_05070,Anand Lok
DEL_05071,Anand Lok
DEL_05072,Uday Park
DEL_05073,South Extension II
DEL_05074,South Extension I
DEL_05075,Tyagraj Nagar
DEL_05076,Prem Nagar
DEL_05077,Lodhi Art District
DEL_05078,Jor Bagh
DEL_05079,Rabindra Nagar
DEL_05080,Rabindra Nagar
DEL_05081,Rabindra Nagar
DEL_05082,Central Vista
DEL_05083,Central Vista
DEL_05084,Central Vista
DEL_05085,Central Vista
DEL_05086,Connaught Place
DEL_05087,Connaught Place
DEL_05088,Connaught Place
DEL_05089,Paharganj
DEL_05090,Ram Nagar
DEL_05091,Ram Nagar
DEL_05092,Naya Bazaar
DEL_05093,Naya Bazaar
DEL_05094,Mori Gate
DEL_05095,Tis Hazari
DEL_05096,Tis Hazari
DEL_05097,Civil Lines
DEL_05098,Civil Lines
DEL_05099,Civil Lines
DEL_05100,Cavalry Line
DEL_05101,Chandrawal
DEL_05102,Old Market
DEL_05103,Patrachar
DEL_05104,Patrachar
DEL_05105,Sanjay Basti
DEL_05106,Sanjay Basti
DEL_05107,Wazirabad
DEL_05108,Wazirabad
DEL_05109,Wazirabad
DEL_05110,Wazirabad
DEL_05111,Wazirabad
DEL_05112,Wazirabad
DEL_05113,Wazirabad
DEL_05114,Wazirabad
DEL_05115,Wazirabad
DEL_05116,Wazirabad
DEL_05117,Wazirabad
DEL_05118,Wazirabad
DEL_05119,Wazirabad
DEL_05120,Ibrahimpur
DEL_05121,Ibrahimpur
DEL_05122,Tronica City
DEL_05123,Sanjay Colony
DEL_05124,Sanjay Colony
DEL_05125,Sanjay Colony
DEL_05126,Sanjay Colony
DEL_05127,Sanjay Colony
DEL_05128,Sanjay Colony
DEL_05129,Sanjay Colony
DEL_05130,Sanjay Colony
DEL_05131,Kharak
DEL_05132,Kharak
DEL_05133,Kharak
DEL_05134,Kharak
DEL_05135,Kharak
DEL_05136,Kharak
DEL_05137,Kharak
DEL_05138,Sainik Farms
DEL_05139,Sainik Farms
DEL_05140,Sainik Farms
DEL_05141,Sainik Farms
DEL_05142,Sainik Farms
DEL_05143,Sainik Farms
DEL_05144,Sainik Farms
DEL_05145,Pushp Vihar
DEL_05146,Pushp Vihar
DEL_05147,Pushp Vihar
DEL_05148,Khirki
DEL_05149,Jagdamba Camp
DEL_05150,Soami Nagar
DEL_05151,Soami Nagar
DEL_05152,Siri
DEL_05153,Sadiq Nagar
DEL_05154,Sadiq Nagar
DEL_05155,Hudco Place
DEL_05156,South Extension
DEL_05157,Nanak Chand Basti
DEL_05158,Kasturba Nagar
DEL_05159,Lodhi Art District
DEL_05160,Lodhi Colony
DEL_05161,Lodhi Colony
DEL_05162,Lodhi Estate
DEL_05163,Rabindra Nagar
DEL_05164,Rabindra Nagar
DEL_05165,Pandara Park
DEL_05166,Central Vista
DEL_05167,Central Vista
DEL_05168,Central Vista
DEL_05169,Kashmiri Market
DEL_05170,Kashmiri Market
DEL_05171,Shankar Market
DEL_05172,Hazrat Khwaja Mir Dard Colony
DEL_05173,Sita Ram Bazaar
DEL_05174,Sita Ram Bazaar
DEL_05175,Ballimaran
DEL_05176,Old Delhi
DEL_05177,Mori Gate
DEL_05178,Mori Gate
DEL_05179,Kashmere Gate
DEL_05180,Civil Lines
DEL_05181,Civil Lines
DEL_05182,Civil Lines
DEL_05183,Chandrawal
DEL_05184,New Chandrawal
DEL_05185,Majnu Ka Tila
DEL_05186,Tibetan Colony
DEL_05187,Sanjay Basti
DEL_05188,Sanjay Basti
DEL_05189,Sanjay Basti
DEL_05190,Wazirabad
DEL_05191,Wazirabad
DEL_05192,Wazirabad
DEL_05193,Wazirabad
DEL_05194,Wazirabad
DEL_05195,Wazirabad
DEL_05196,Wazirabad
DEL_05197,Wazirabad
DEL_05198,Wazirabad
DEL_05199,Wazirabad
DEL_05200,Wazirabad
DEL_05201,Wazirabad
DEL_05202,Tronica City
DEL_05203,Sanjay Colony
DEL_05204,Sanjay Colony
DEL_05205,Sanjay Colony
DEL_05206,Sanjay Colony
DEL_05207,Sanjay Colony
DEL_05208,Sanjay Colony
DEL_05209,Sanjay Colony
DEL_05210,Sanjay Colony
DEL_05211,Sanjay Colony
DEL_05212,Kharak
DEL_05213,Kharak
DEL_05214,Kharak
DEL_05215,Kharak
DEL_05216,Kharak
DEL_05217,Kharak
DEL_05218,Sainik Farms
DEL_05219,Sainik Farms
DEL_05220,Sainik Farms
DEL_05221,Sainik Farms
DEL_05222,Sainik Farms
DEL_05223,Khanpur
DEL_05224,Khanpur
DEL_05225,Pushp Vihar
DEL_05226,Pushp Vihar
DEL_05227,Madangir
DEL_05228,Savitri Nagar
DEL_05229,Chirag Delhi
DEL_05230,Chirag Delhi
DEL_05231,Panchsheel Enclave
DEL_05232,Panchsheel Enclave
DEL_05233,Sadiq Nagar
DEL_05234,Sanwal Nagar
DEL_05235,Andrews Ganj
DEL_05236,Andrews Ganj
DEL_05237,Arjun Nagar
DEL_05238,Mahavir Nagar
DEL_05239,Kasturba Nagar
DEL_05240,Lodhi Colony
DEL_05241,Lodhi Colony
DEL_05242,Golf Links
DEL_05243,Golf Links
DEL_05244,Pandara Park
DEL_05245,Pandara Park
DEL_05246,Pandara Park
DEL_05247,Pandara Park
DEL_05248,Kashmiri Market
DEL_05249,Kashmiri Market
DEL_05250,Kashmiri Market
DEL_05251,Hazrat Khwaja Mir Dard Colony
DEL_05252,Hazrat Khwaja Mir Dard Colony
DEL_05253,Hazrat Khwaja Mir Dard Colony
DEL_05254,Chawri Bazaar
DEL_05255,Dharampura
DEL_05256,Chandni Chowk
DEL_05257,Kashmere Gate
DEL_05258,Kashmere Gate
DEL_05259,Kashmere Gate
DEL_05260,Civil Lines
DEL_05261,Civil Lines
DEL_05262,Civil Lines
DEL_05263,New Chandrawal
DEL_05264,New Chandrawal
DEL_05265,Tibetan Colony
DEL_05266,Tibetan Colony
DEL_05267,Tibetan Colony
DEL_05268,Sanjay Basti
DEL_05269,Sanjay Basti
DEL_05270,Wazirabad
DEL_05271,Wazirabad
DEL_05272,Wazirabad
DEL_05273,Wazirabad
DEL_05274,Wazirabad
DEL_05275,Wazirabad
DEL_05276,Wazirabad
DEL_05277,Wazirabad
DEL_05278,Wazirabad
DEL_05279,Wazirabad
DEL_05280,Wazirabad
DEL_05281,Tronica City
DEL_05282,Sanjay Colony
DEL_05283,Sanjay Colony
DEL_05284,Sanjay Colony
DEL_05285,Sanjay Colony
DEL_05286,Sanjay Colony
DEL_05287,Sanjay Colony
DEL_05288,Sanjay Colony
DEL_05289,Sanjay Colony
DEL_05290,Sanjay Colony
DEL_05291,Kharak
DEL_05292,Kharak
DEL_05293,Sainik Farms
DEL_05294,Sainik Farms
DEL_05295,Sainik Farms
DEL_05296,Khanpur
DEL_05297,Khanpur
DEL_05298,Khanpur
DEL_05299,Khanpur
DEL_05300,Khanpur
DEL_05301,Ambedkar Nagar
DEL_05302,Madangir
DEL_05303,Madangir
DEL_05304,Savitri Nagar
DEL_05305,Savitri Nagar
DEL_05306,Panchsheel Enclave
DEL_05307,Panchsheel Enclave
DEL_05308,Greater Kailash I
DEL_05309,Greater Kailash I
DEL_05310,Andrews Ganj Extension
DEL_05311,Defence Colony Police Quarters
DEL_05312,Defence Colony Police Quarters
DEL_05313,Defence Colony
DEL_05314,Defence Colony
DEL_05315,Lodhi Colony
DEL_05316,Lodhi Colony
DEL_05317,Golf Links
DEL_05318,Golf Links
DEL_05319,Golf Links
DEL_05320,Cornwallis Colony
DEL_05321,Cornwallis Colony
DEL_05322,Cornwallis Colony
DEL_05323,Pandara Park
DEL_05324,Indraprastha Estate
DEL_05325,Indraprastha Estate
DEL_05326,Indraprastha Estate
DEL_05327,Hazrat Khwaja Mir Dard Colony
DEL_05328,Hazrat Khwaja Mir Dard Colony
DEL_05329,Meena Bazaar
DEL_05330,Meena Bazaar
DEL_05331,Meena Bazaar
DEL_05332,Chandni Chowk
DEL_05333,Chandni Chowk
DEL_05334,Kashmere Gate
DEL_05335,Kashmere Gate
DEL_05336,Kashmere Gate
DEL_05337,Civil Lines
DEL_05338,Civil Lines
DEL_05339,New Chandrawal
DEL_05340,Tibetan Colony
DEL_05341,Tibetan Colony
DEL_05342,Tibetan Colony
DEL_05343,Tibetan Colony
DEL_05344,Tibetan Colony
DEL_05345,Sanjay Basti
DEL_05346,Wazirabad
DEL_05347,Wazirabad
DEL_05348,Wazirabad
DEL_05349,Wazirabad
DEL_05350,Wazirabad
DEL_05351,Wazirabad
DEL_05352,Wazirabad
DEL_05353,Wazirabad
DEL_05354,Wazirabad
DEL_05355,Wazirabad
DEL_05356,Sanjay Colony
DEL_05357,Sanjay Colony
DEL_05358,Sanjay Colony
DEL_05359,Sanjay Colony
DEL_05360,Sanjay Colony
DEL_05361,Sanjay Colony
DEL_05362,Sanjay Colony
DEL_05363,Sanjay Colony
DEL_05364,Sanjay Colony
DEL_05365,Sangam Vihar
DEL_05366,Sangam Vihar
DEL_05367,Sangam Vihar
DEL_05368,Sangam Vihar
DEL_05369,Sangam Vihar
DEL_05370,Tigri
DEL_05371,Tigri
DEL_05372,Tigri
DEL_05373,Tigri
DEL_05374,Ambedkar Nagar
DEL_05375,Ambedkar Nagar
DEL_05376,Madangir
DEL_05377,Greater Kailash II
DEL_05378,Greater Kailash II
DEL_05379,Greater Kailash II
DEL_05380,Greater Kailash I
DEL_05381,Greater Kailash I
DEL_05382,Greater Kailash I
DEL_05383,Lajpat Nagar IV
DEL_05384,Vikram Vihar
DEL_05385,Lajpat Nagar III
DEL_05386,Lajpat Nagar III
DEL_05387,Lajpat Nagar II
DEL_05388,Nizamuddin West
DEL_05389,Nizamuddin
DEL_05390,Nizamuddin
DEL_05391,Nizamuddin
DEL_05392,Sunder Nagar
DEL_05393,Sunder Nagar
DEL_05394,Cornwallis Colony
DEL_05395,Cornwallis Colony
DEL_05396,Indraprastha Estate
DEL_05397,Indraprastha Estate
DEL_05398,Indraprastha Estate
DEL_05399,Indraprastha Estate
DEL_05400,Indraprastha Estate
DEL_05401,Hazrat Khwaja Mir Dard Colony
DEL_05402,Meena Bazaar
DEL_05403,Meena Bazaar
DEL_05404,Meena Bazaar
DEL_05405,Meena Bazaar
DEL_05406,Chandni Chowk
DEL_05407,Kashmere Gate
DEL_05408,Kashmere Gate
DEL_05409,Kashmere Gate
DEL_05410,Civil Lines
DEL_05411,Gamri Village
DEL_05412,Gamri Village
DEL_05413,Gamri Village
DEL_05414,Tibetan Colony
DEL_05415,Tibetan Colony
DEL_05416,Tibetan Colony
DEL_05417,Tibetan Colony
DEL_05418,Khajuri
DEL_05419,Khajuri
DEL_05420,Wazirabad
DEL_05421,Wazirabad
DEL_05422,Wazirabad
DEL_05423,Wazirabad
DEL_05424,Wazirabad
DEL_05425,Wazirabad
DEL_05426,Wazirabad
DEL_05427,Wazirabad
DEL_05428,Sanjay Colony
DEL_05429,Sanjay Colony
DEL_05430,Sanjay Colony
DEL_05431,Sanjay Colony
DEL_05432,Sanjay Colony
DEL_05433,Sanjay Colony
DEL_05434,Sanjay Colony
DEL_05435,Sangam Vihar
DEL_05436,Sangam Vihar
DEL_05437,Sangam Vihar
DEL_05438,Sangam Vihar
DEL_05439,Sangam Vihar
DEL_05440,Sangam Vihar
DEL_05441,Tigri
DEL_05442,Tigri
DEL_05443,Tigri
DEL_05444,Narmada Apartments
DEL_05445,Narmada Apartments
DEL_05446,Greater Kailash II
DEL_05447,Greater Kailash II
DEL_05448,Greater Kailash II
DEL_05449,Kailash Colony
DEL_05450,Kailash Colony
DEL_05451,Kailash Colony
DEL_05452,Greater Kailash
DEL_05453,Amar Colony
DEL_05454,Lajpat Nagar
DEL_05455,Lajpat Nagar II
DEL_05456,Jal Vihar
DEL_05457,Jal Vihar
DEL_05458,Nizamuddin West
DEL_05459,Nizamuddin West
DEL_05460,Nizamuddin
DEL_05461,Sunder Nagar
DEL_05462,Sunder Nagar
DEL_05463,Sunder Nagar
DEL_05464,Sunder Nagar
DEL_05465,Indraprastha Estate
DEL_05466,Indraprastha Estate
DEL_05467,Indraprastha Estate
DEL_05468,Indraprastha Estate
DEL_05469,Indraprastha Estate
DEL_05470,Indraprastha Estate
DEL_05471,Meena Bazaar
DEL_05472,Meena Bazaar
DEL_05473,Meena Bazaar
DEL_05474,Meena Bazaar
DEL_05475,Meena Bazaar
DEL_05476,Valmiki Colony
DEL_05477,Valmiki Colony
DEL_05478,Valmiki Colony
DEL_05479,Gamri Village
DEL_05480,Gamri Village
DEL_05481,Gamri Village
DEL_05482,Gamri Village
DEL_05483,Gamri Village
DEL_05484,Khajuri
DEL_05485,Khajuri
DEL_05486,Khajuri
DEL_05487,Khajuri
DEL_05488,Khajuri
DEL_05489,Khajuri
DEL_05490,Khajuri
DEL_05491,Wazirabad
DEL_05492,Wazirabad
DEL_05493,Wazirabad
DEL_05494,Wazirabad
DEL_05495,Rameshwar Park
DEL_05496,Rameshwar Park
DEL_05497,Sanjay Colony
DEL_05498,Sanjay Colony
DEL_05499,Sanjay Colony
DEL_05500,Sangam Vihar
DEL_05501,Sangam Vihar
DEL_05502,Sangam Vihar
DEL_05503,Sangam Vihar
DEL_05504,Sangam Vihar
DEL_05505,Sangam Vihar
DEL_05506,Tigri
DEL_05507,Gangotri Apartments
DEL_05508,Gangotri Apartments
DEL_05509,Narmada Apartments
DEL_05510,Alaknanda
DEL_05511,Chittaranjan Park
DEL_05512,Chittaranjan Park
DEL_05513,Chittaranjan Park
DEL_05514,Sant Nagar
DEL_05515,Sant Nagar
DEL_05516,Sant Nagar
DEL_05517,Dayanand Colony
DEL_05518,Vinobapuri
DEL_05519,Jal Vihar
DEL_05520,Jal Vihar
DEL_05521,Jal Vihar
DEL_05522,Jaipur Estate
DEL_05523,Nizamuddin East
DEL_05524,Nizamuddin East
DEL_05525,Sunder Nagar
DEL_05526,Sunder Nagar
DEL_05527,Sunder Nagar
DEL_05528,Sunder Nagar
DEL_05529,Indraprastha Estate
DEL_05530,Indraprastha Estate
DEL_05531,Indraprastha Estate
DEL_05532,Indraprastha Estate
DEL_05533,Indraprastha Estate
DEL_05534,Indraprastha Estate
DEL_05535,Meena Bazaar
DEL_05536,Meena Bazaar
DEL_05537,Safeda Basti
DEL_05538,Valmiki Colony
DEL_05539,Valmiki Colony
DEL_05540,Valmiki Colony
DEL_05541,Valmiki Colony
DEL_05542,Valmiki Colony
DEL_05543,Gamri Village
DEL_05544,Gamri Village
DEL_05545,Gamri Village
DEL_05546,Gamri Village
DEL_05547,Gamri Village
DEL_05548,Khajuri
DEL_05549,Khajuri
DEL_05550,Khajuri
DEL_05551,Khajuri
DEL_05552,Khajuri
DEL_05553,Khajuri
DEL_05554,Khajuri
DEL_05555,Khajuri
DEL_05556,Khajuri
DEL_05557,Wazirabad
DEL_05558,Rameshwar Park
DEL_05559,Rameshwar Park
DEL_05560,Rameshwar Park
DEL_05561,Sangam Vihar
DEL_05562,Sangam Vihar
DEL_05563,Sangam Vihar
DEL_05564,Sangam Vihar
DEL_05565,Sangam Vihar
DEL_05566,Sangam Vihar
DEL_05567,Sangam Vihar
DEL_05568,Gangotri Apartments
DEL_05569,Gangotri Apartments
DEL_05570,Godavari Apartments
DEL_05571,Alaknanda
DEL_05572,Chittaranjan Park
DEL_05573,Chittaranjan Park
DEL_05574,Kalkaji
DEL_05575,Kalkaji
DEL_05576,Sant Nagar
DEL_05577,Sant Nagar
DEL_05578,Sriniwaspuri
DEL_05579,Sriniwaspuri
DEL_05580,Nehru Nagar
DEL_05581,Siddharth Enclave
DEL_05582,Jaipur Estate
DEL_05583,Jaipur Estate
DEL_05584,Jaipur Estate
DEL_05585,Nizamuddin East
DEL_05586,Nizamuddin East
DEL_05587,Sunder Nagar
DEL_05588,Sunder Nagar
DEL_05589,Sunder Nagar
DEL_05590,Indraprastha Estate
DEL_05591,Indraprastha Estate
DEL_05592,Indraprastha Estate
DEL_05593,Indraprastha Estate
DEL_05594,Indraprastha Estate
DEL_05595,Indraprastha Estate
DEL_05596,Safeda Basti
DEL_05597,Safeda Basti
DEL_05598,Safeda Basti
DEL_05599,Safeda Basti
DEL_05600,Valmiki Colony
DEL_05601,Valmiki Colony
DEL_05602,Valmiki Colony
DEL_05603,Seelampur
DEL_05604,Seelampur
DEL_05605,Gamri Village
DEL_05606,Gamri Village
DEL_05607,Gamri Village
DEL_05608,Gamri Village
DEL_05609,Khajuri
DEL_05610,Khajuri
DEL_05611,Khajuri
DEL_05612,Khajuri
DEL_05613,Khajuri
DEL_05614,Khajuri
DEL_05615,Khajuri
DEL_05616,Khajuri
DEL_05617,Khajuri
DEL_05618,Rameshwar Park
DEL_05619,Sangam Vihar
DEL_05620,Sangam Vihar
DEL_05621,Sangam Vihar
DEL_05622,Sangam Vihar
DEL_05623,Sangam Vihar
DEL_05624,Tughlakabad
DEL_05625,Tughlakabad
DEL_05626,Tughlakabad Extension
DEL_05627,Tughlakabad Extension
DEL_05628,Tughlakabad Extension
DEL_05629,Navjeevan Camp
DEL_05630,Rampuri
DEL_05631,Rampuri
DEL_05632,Kalkaji
DEL_05633,Kalkaji
DEL_05634,Kalkaji
DEL_05635,Sriniwaspuri Extension
DEL_05636,Sriniwaspuri Extension
DEL_05637,Friends Colony
DEL_05638,Siddharth Enclave
DEL_05639,Siddharth Enclave
DEL_05640,Kilokri
DEL_05641,Vidyut Vihar
DEL_05642,Jaipur Estate
DEL_05643,Jaipur Estate
DEL_05644,Nizamuddin East
DEL_05645,Nizamuddin East
DEL_05646,Sunder Nagar
DEL_05647,Sunder Nagar
DEL_05648,Indraprastha Estate
DEL_05649,Indraprastha Estate
DEL_05650,Indraprastha Estate
DEL_05651,Laxmi Nagar
DEL_05652,Laxmi Nagar
DEL_05653,New Lahore Mohalla
DEL_05654,Safeda Basti
DEL_05655,Safeda Basti
DEL_05656,Safeda Basti
DEL_05657,Safeda Basti
DEL_05658,Valmiki Colony
DEL_05659,Valmiki Colony
DEL_05660,Seelampur
DEL_05661,Seelampur
DEL_05662,Seelampur
DEL_05663,Gamri Village
DEL_05664,Gamri Village
DEL_05665,Gamri Village
DEL_05666,Bhajanpura
DEL_05667,Bhajanpura
DEL_05668,Khajuri
DEL_05669,Khajuri
DEL_05670,Khajuri
DEL_05671,Khajuri
DEL_05672,Khajuri
DEL_05673,Khajuri
DEL_05674,Loni
DEL_05675,Loni
DEL_05676,Sangam Vihar
DEL_05677,Sangam Vihar
DEL_05678,Tughlakabad
DEL_05679,Tughlakabad
DEL_05680,Tughlakabad
DEL_05681,Tughlakabad
DEL_05682,Tughlakabad
DEL_05683,Tughlakabad Extension
DEL_05684,Kalkaji Extension
DEL_05685,Kalkaji Extension
DEL_05686,Govindpuri
DEL_05687,Giri Nagar
DEL_05688,Giri Nagar
DEL_05689,Kalkaji
DEL_05690,Okhla Phase III
DEL_05691,Ishwar Nagar
DEL_05692,Sriniwaspuri Extension
DEL_05693,Friends Colony
DEL_05694,Maharani Bagh
DEL_05695,Kalindi Colony
DEL_05696,Vidyut Vihar
DEL_05697,Vidyut Vihar
DEL_05698,Vidyut Vihar
DEL_05699,Vidyut Vihar
DEL_05700,Jaipur Estate
DEL_05701,Nizamuddin East
DEL_05702,Samaspur
DEL_05703,Pandav Nagar
DEL_05704,Pandav Nagar
DEL_05705,Shakarpur
DEL_05706,Shakarpur
DEL_05707,Laxmi Nagar
DEL_05708,Laxmi Nagar
DEL_05709,New Lahore Mohalla
DEL_05710,New Lahore Mohalla
DEL_05711,Safeda Basti
DEL_05712,Safeda Basti
DEL_05713,Safeda Basti
DEL_05714,Ajit Nagar
DEL_05715,Ajit Nagar
DEL_05716,Seelampur
DEL_05717,Seelampur
DEL_05718,Seelampur
DEL_05719,Subash Park Extension
DEL_05720,Gamri Village
DEL_05721,Yamuna Vihar
DEL_05722,Yamuna Vihar
DEL_05723,Yamuna Vihar
DEL_05724,Brijpuri
DEL_05725,Khajuri
DEL_05726,Khajuri
DEL_05727,Khajuri
DEL_05728,Khajuri
DEL_05729,Loni
DEL_05730,Loni
DEL_05731,Loni
DEL_05732,Tughlakabad
DEL_05733,Tughlakabad
DEL_05734,Tughlakabad
DEL_05735,Tughlakabad
DEL_05736,Tughlakabad
DEL_05737,Tughlakabad
DEL_05738,Tughlakabad
DEL_05739,Kalkaji Extension
DEL_05740,Kalkaji Extension
DEL_05741,Kalkaji Extension
DEL_05742,Govindpuri
DEL_05743,Giri Nagar
DEL_05744,Harkesh Nagar
DEL_05745,Okhla Phase III
DEL_05746,Okhla Phase III
DEL_05747,Ishwar Nagar
DEL_05748,Ishwar Nagar
DEL_05749,New Friends Colony
DEL_05750,Taimur Nagar
DEL_05751,Kalindi Colony
DEL_05752,Vidyut Vihar
DEL_05753,Vidyut Vihar
DEL_05754,Vidyut Vihar
DEL_05755,Vidyut Vihar
DEL_05756,Vidyut Vihar
DEL_05757,Samaspur
DEL_05758,Samaspur
DEL_05759,Samaspur
DEL_05760,Pandav Nagar
DEL_05761,Shakarpur
DEL_05762,Shakarpur
DEL_05763,Laxmi Nagar
DEL_05764,Laxmi Nagar
DEL_05765,Laxmi Nagar
DEL_05766,New Lahore Mohalla
DEL_05767,New Lahore Mohalla
DEL_05768,Geeta Colony
DEL_05769,Gandhi Nagar
DEL_05770,Gandhi Nagar
DEL_05771,Old Selampur West
DEL_05772,Old Selampur West
DEL_05773,Subash Park Extension
DEL_05774,Subash Park Extension
DEL_05775,Babarpur
DEL_05776,Babarpur
DEL_05777,Yamuna Vihar
DEL_05778,Yamuna Vihar
DEL_05779,Yamuna Vihar
DEL_05780,Brijpuri
DEL_05781,Brijpuri
DEL_05782,Brijpuri
DEL_05783,Brijpuri
DEL_05784,Loni
DEL_05785,Loni
DEL_05786,Loni
DEL_05787,Loni
DEL_05788,Vishwakarma Colony
DEL_05789,Vishwakarma Colony
DEL_05790,Tughlakabad
DEL_05791,Tughlakabad
DEL_05792,Tughlakabad
DEL_05793,Tughlakabad
DEL_05794,Tughlakabad
DEL_05795,Okhla Phase II
DEL_05796,Okhla Phase II
DEL_05797,Okhla Phase II
DEL_05798,Sanjay Colony
DEL_05799,Harkesh Nagar
DEL_05800,Harkesh Nagar
DEL_05801,Pocket B
DEL_05802,Masihgarh
DEL_05803,Okhla
DEL_05804,New Friends Colony
DEL_05805,Khizrabad
DEL_05806,Khizrabad
DEL_05807,Khizrabad
DEL_05808,Vidyut Vihar
DEL_05809,Vidyut Vihar
DEL_05810,Vidyut Vihar
DEL_05811,IFS Apartments
DEL_05812,Samaspur
DEL_05813,Samaspur
DEL_05814,Samaspur
DEL_05815,Pandav Nagar
DEL_05816,Pandav Nagar
DEL_05817,Shakarpur
DEL_05818,Shakarpur
DEL_05819,Laxmi Nagar
DEL_05820,Laxmi Nagar
DEL_05821,Shastri Nagar
DEL_05822,Geeta Colony
DEL_05823,Geeta Colony
DEL_05824,Gandhi Nagar
DEL_05825,Gandhi Nagar
DEL_05826,Kanti Nagar Extension
DEL_05827,Kanti Nagar Extension
DEL_05828,Subash Park Extension
DEL_05829,Subash Park Extension
DEL_05830,Babarpur
DEL_05831,Babarpur
DEL_05832,Babarpur
DEL_05833,Yamuna Vihar
DEL_05834,Brijpuri
DEL_05835,Brijpuri
DEL_05836,Brijpuri
DEL_05837,Brijpuri
DEL_05838,Brijpuri
DEL_05839,Loni
DEL_05840,Loni
DEL_05841,Loni
DEL_05842,Vishwakarma Colony
DEL_05843,Vishwakarma Colony
DEL_05844,Vishwakarma Colony
DEL_05845,Tughlakabad
DEL_05846,Tughlakabad
DEL_05847,Tughlakabad
DEL_05848,Okhla Phase II
DEL_05849,Okhla Phase II
DEL_05850,Okhla Phase II
DEL_05851,Okhla Phase II
DEL_05852,Harkesh Nagar
DEL_05853,Harkesh Nagar
DEL_05854,Pocket A
DEL_05855,Pocket A
DEL_05856,Okhla
DEL_05857,Jamia Nagar
DEL_05858,Jamia Nagar
DEL_05859,Khizrabad
DEL_05860,Khizrabad
DEL_05861,Khizrabad
DEL_05862,Vidyut Vihar
DEL_05863,IFS Apartments
DEL_05864,IFS Apartments
DEL_05865,IFS Apartments
DEL_05866,Samaspur
DEL_05867,Samaspur
DEL_05868,Pandav Nagar
DEL_05869,Pandav Nagar
DEL_05870,Shakarpur
DEL_05871,Shakarpur
DEL_05872,Laxmi Nagar
DEL_05873,Arjun Park
DEL_05874,Arjun Park
DEL_05875,Sarojini Park
DEL_05876,Geeta Colony
DEL_05877,Geeta Colony
DEL_05878,Kanti Nagar Extension
DEL_05879,Bihari Colony
DEL_05880,Bihari Colony
DEL_05881,Bihari Colony
DEL_05882,Naveen Shahdara
DEL_05883,Gorakh Park
DEL_05884,Babarpur
DEL_05885,Babarpur
DEL_05886,Yamuna Vihar
DEL_05887,Brijpuri
DEL_05888,Brijpuri
DEL_05889,Brijpuri
DEL_05890,Brijpuri
DEL_05891,Loni
DEL_05892,Loni
DEL_05893,Loni
DEL_05894,Vishwakarma Colony
DEL_05895,Vishwakarma Colony
DEL_05896,Vishwakarma Colony
DEL_05897,Vishwakarma Colony
DEL_05898,Vishwakarma Colony
DEL_05899,Vishwakarma Colony
DEL_05900,Sarita Vihar
DEL_05901,Sarita Vihar
DEL_05902,Sarita Vihar
DEL_05903,Okhla Phase II
DEL_05904,Jasola Vihar
DEL_05905,Jasola Vihar
DEL_05906,Jasola
DEL_05907,Gaffar Manzil
DEL_05908,Gaffar Manzil
DEL_05909,Okhla Village
DEL_05910,Jamia Nagar
DEL_05911,Jamia Nagar
DEL_05912,Jamia Nagar
DEL_05913,Jamia Nagar
DEL_05914,Jamia Nagar
DEL_05915,"Pocket - 4, Mayur Vihar Phase 1"
DEL_05916,"Pocket - 4, Mayur Vihar Phase 1"
DEL_05917,"Pocket - 4, Mayur Vihar Phase 1"
DEL_05918,IFS Apartments
DEL_05919,IFS Apartments
DEL_05920,Samaspur
DEL_05921,Samaspur
DEL_05922,Pandav Nagar
DEL_05923,Ganesh Nagar
DEL_05924,Ganesh Nagar
DEL_05925,Preet Vihar
DEL_05926,Bharti Artist Colony
DEL_05927,Bharti Artist Colony
DEL_05928,Sarojini Park
DEL_05929,Sarojini Park
DEL_05930,Vishwas Nagar
DEL_05931,Vishwas Nagar
DEL_05932,Bihari Colony
DEL_05933,Bihari Colony
DEL_05934,Naveen Shahdara
DEL_05935,Naveen Shahdara
DEL_05936,Shivaji Park
DEL_05937,West Jyoti Nagar
DEL_05938,West Jyoti Nagar
DEL_05939,West Jyoti Nagar
DEL_05940,West Jyoti Nagar
DEL_05941,Brijpuri
DEL_05942,Brijpuri
DEL_05943,Vishwakarma Colony
DEL_05944,Vishwakarma Colony
DEL_05945,Vishwakarma Colony
DEL_05946,Vishwakarma Colony
DEL_05947,Vishwakarma Colony
DEL_05948,Vishwakarma Colony
DEL_05949,Sarita Vihar
DEL_05950,Sarita Vihar
DEL_05951,Sarita Vihar
DEL_05952,Sarita Vihar
DEL_05953,Jasola Vihar
DEL_05954,Jasola Vihar
DEL_05955,Jasola
DEL_05956,Noor Nagar
DEL_05957,Noor Nagar
DEL_05958,Okhla Village
DEL_05959,Okhla Village
DEL_05960,Jamia Nagar
DEL_05961,Jamia Nagar
DEL_05962,Jamia Nagar
DEL_05963,Chilla
DEL_05964,Chilla
DEL_05965,"Pocket - 4, Mayur Vihar Phase 1"
DEL_05966,"Pocket - 4, Mayur Vihar Phase 1"
DEL_05967,"Pocket - 4, Mayur Vihar Phase 1"
DEL_05968,IFS Apartments
DEL_05969,Patparganj
DEL_05970,Patparganj
DEL_05971,West Vinod Nagar
DEL_05972,West Vinod Nagar
DEL_05973,Preet Vihar
DEL_05974,Preet Vihar
DEL_05975,Bharti Artist Colony
DEL_05976,Bharti Artist Colony
DEL_05977,Bharti Artist Colony
DEL_05978,Karkarduma
DEL_05979,Vishwas Nagar
DEL_05980,Vishwas Nagar
DEL_05981,Vishwas Nagar
DEL_05982,Jwala Nagar
DEL_05983,Shahdara
DEL_05984,Shahdara
DEL_05985,Balbir Nagar
DEL_05986,West Jyoti Nagar
DEL_05987,West Jyoti Nagar
DEL_05988,West Jyoti Nagar
DEL_05989,West Jyoti Nagar
DEL_05990,West Jyoti Nagar
DEL_05991,Nand Nagari
DEL_05992,Badarpur
DEL_05993,Vishwakarma Colony
DEL_05994,Vishwakarma Colony
DEL_05995,Vishwakarma Colony
DEL_05996,Vishwakarma Colony
DEL_05997,Vishwakarma Colony
DEL_05998,Sarita Vihar
DEL_05999,Sarita Vihar
DEL_06000,Sarita Vihar
DEL_06001,Sarita Vihar
DEL_06002,Sarita Vihar
DEL_06003,Pocket M
DEL_06004,Jasola Vihar
DEL_06005,Jasola
DEL_06006,Jasola
DEL_06007,Noor Nagar
DEL_06008,Okhla Village
DEL_06009,Okhla Village
DEL_06010,Okhla Village
DEL_06011,Jamia Nagar
DEL_06012,Chilla
DEL_06013,Chilla
DEL_06014,Chilla
DEL_06015,"Pocket - 4, Mayur Vihar Phase 1"
DEL_06016,"Pocket - 4, Mayur Vihar Phase 1"
DEL_06017,"Pocket - 4, Mayur Vihar Phase 1"
DEL_06018,Acharya Niketan
DEL_06019,Shashi Garden
DEL_06020,Shashi Garden
DEL_06021,West Vinod Nagar
DEL_06022,West Vinod Nagar
DEL_06023,East School Block
DEL_06024,D Block
DEL_06025,D Block
DEL_06026,D Block
DEL_06027,Karkarduma
DEL_06028,Karkarduma
DEL_06029,Karkarduma
DEL_06030,Vishwas Nagar
DEL_06031,Vishwas Nagar
DEL_06032,Ambedkar Nagar
DEL_06033,Jwala Nagar Extn
DEL_06034,Jwala Nagar Extn
DEL_06035,Balbir Nagar
DEL_06036,Balbir Nagar Extension
DEL_06037,West Jyoti Nagar
DEL_06038,Nand Nagari
DEL_06039,Nand Nagari
DEL_06040,Nand Nagari
DEL_06041,Nand Nagari
DEL_06042,Nand Nagari
DEL_06043,Badarpur
DEL_06044,Badarpur
DEL_06045,Badarpur
DEL_06046,Badarpur
DEL_06047,Vishwakarma Colony
DEL_06048,Vishwakarma Colony
DEL_06049,Sarita Vihar
DEL_06050,Sarita Vihar
DEL_06051,Madanpur Khadar
DEL_06052,Madanpur Khadar
DEL_06053,Madanpur Khadar
DEL_06054,Pocket M
DEL_06055,Shaheen Bagh
DEL_06056,Shaheen Bagh
DEL_06057,Shaheen Bagh
DEL_06058,Shaheen Bagh
DEL_06059,Chilla
DEL_06060,Chilla
DEL_06061,New Ashok Nagar
DEL_06062,"Pocket 3, Mayur Vihar Phase 1"
DEL_06063,"Pocket 3, Mayur Vihar Phase 1"
DEL_06064,"Pocket 3, Mayur Vihar Phase 1"
DEL_06065,Mayur Vihar Phase 1 Pocket 2
DEL_06066,Mayur Vihar II
DEL_06067,Mayur Vihar II
DEL_06068,West Vinod Nagar
DEL_06069,East School Block
DEL_06070,East School Block
DEL_06071,D Block
DEL_06072,Karkarduma
DEL_06073,Karkarduma
DEL_06074,Karkarduma
DEL_06075,Karkarduma
DEL_06076,Vishwas Nagar
DEL_06077,Maharathi Colony
DEL_06078,Maharathi Colony
DEL_06079,Maharathi Colony
DEL_06080,Jwala Nagar Extn
DEL_06081,Balbir Nagar
DEL_06082,Nand Nagari
DEL_06083,Nand Nagari
DEL_06084,Nand Nagari
DEL_06085,Nand Nagari
DEL_06086,Nand Nagari
DEL_06087,Nand Nagari
DEL_06088,Nand Nagari
DEL_06089,Nand Nagari
DEL_06090,Badarpur
DEL_06091,Badarpur
DEL_06092,Badarpur
DEL_06093,Badarpur
DEL_06094,Badarpur
DEL_06095,Badarpur
DEL_06096,Madanpur Khadar
DEL_06097,Madanpur Khadar
DEL_06098,Madanpur Khadar
DEL_06099,Madanpur Khadar
DEL_06100,Madanpur Khadar
DEL_06101,Pocket N
DEL_06102,Shaheen Bagh
DEL_06103,Shaheen Bagh
DEL_06104,Shaheen Bagh
DEL_06105,New Ashok Nagar
DEL_06106,New Ashok Nagar
DEL_06107,Trilok Puri
DEL_06108,Trilok Puri
DEL_06109,Trilok Puri
DEL_06110,Mayur Vihar II
DEL_06111,East Vinod Nagar
DEL_06112,East Vinod Nagar
DEL_06113,Indraprastha Extension
DEL_06114,Chhota Hasanpur
DEL_06115,Chhota Hasanpur
DEL_06116,Anand Vihar
DEL_06117,Karkarduma
DEL_06118,Karkarduma
DEL_06119,Karkarduma
DEL_06120,Jhilmil Colony
DEL_06121,Jhilmil Colony
DEL_06122,Jhilmil Colony
DEL_06123,Jhilmil Colony
DEL_06124,Jhilmil Colony
DEL_06125,Jeevan Sarita
DEL_06126,Nand Nagari
DEL_06127,Nand Nagari
DEL_06128,Nand Nagari
DEL_06129,Nand Nagari
DEL_06130,Nand Nagari
DEL_06131,Nand Nagari
DEL_06132,Nand Nagari
DEL_06133,Nand Nagari
DEL_06134,Badarpur
DEL_06135,Badarpur
DEL_06136,Badarpur
DEL_06137,Badarpur
DEL_06138,Badarpur
DEL_06139,Badarpur
DEL_06140,Madanpur Khadar
DEL_06141,Madanpur Khadar
DEL_06142,Madanpur Khadar
DEL_06143,Madanpur Khadar
DEL_06144,Madanpur Khadar
DEL_06145,Madanpur Khadar
DEL_06146,Shaheen Bagh
DEL_06147,Shaheen Bagh
DEL_06148,New Ashok Nagar
DEL_06149,Trilok Puri
DEL_06150,Trilok Puri
DEL_06151,Trilok Puri
DEL_06152,Kalyan Puri
DEL_06153,East Vinod Nagar
DEL_06154,East Vinod Nagar
DEL_06155,Indraprastha Extension
DEL_06156,Chhota Hasanpur
DEL_06157,Anand Vihar
DEL_06158,Anand Vihar
DEL_06159,Anand Vihar
DEL_06160,Karkarduma
DEL_06161,Karkarduma
DEL_06162,Vivek Vihar
DEL_06163,Jhilmil Colony
DEL_06164,Jhilmil Colony
DEL_06165,Jeevan Sarita
DEL_06166,Jeevan Sarita
DEL_06167,Jeevan Sarita
DEL_06168,Jeevan Sarita
DEL_06169,Nand Nagari
DEL_06170,Nand Nagari
DEL_06171,Nand Nagari
DEL_06172,Nand Nagari
DEL_06173,Nand Nagari
DEL_06174,Nand Nagari
DEL_06175,Badarpur
DEL_06176,Badarpur
DEL_06177,Badarpur
DEL_06178,Badarpur
DEL_06179,Badarpur
DEL_06180,Madanpur Khadar
DEL_06181,Madanpur Khadar
DEL_06182,Madanpur Khadar
DEL_06183,Madanpur Khadar
DEL_06184,Madanpur Khadar
DEL_06185,Madanpur Khadar
DEL_06186,Shaheen Bagh
DEL_06187,Trilok Puri
DEL_06188,Trilok Puri
DEL_06189,Trilok Puri
DEL_06190,Kalyan Puri
DEL_06191,Kalyan Puri
DEL_06192,Kalyan Puri
DEL_06193,Ghazipur
DEL_06194,Ghazipur
DEL_06195,Ghazipur
DEL_06196,Anand Vihar
DEL_06197,Anand Vihar
DEL_06198,Anand Vihar
DEL_06199,Vivek Vihar
DEL_06200,Vivek Vihar
DEL_06201,Vivek Vihar
DEL_06202,Vivek Vihar
DEL_06203,Jeevan Sarita
DEL_06204,Jeevan Sarita
DEL_06205,Dilshad Garden
DEL_06206,Dilshad Garden
DEL_06207,Dilshad Garden
DEL_06208,Nand Nagari
DEL_06209,Nand Nagari
DEL_06210,Nand Nagari
DEL_06211,Nand Nagari
DEL_06212,Tila Shahbazpur
DEL_06213,Badarpur
DEL_06214,Badarpur
DEL_06215,Badarpur
DEL_06216,Badarpur
DEL_06217,Badarpur
DEL_06218,Madanpur Khadar
DEL_06219,Madanpur Khadar
DEL_06220,Madanpur Khadar
DEL_06221,Madanpur Khadar
DEL_06222,Madanpur Khadar
DEL_06223,Trilok Puri
DEL_06224,Kalyan Puri
DEL_06225,Kalyan Puri
DEL_06226,Kalyan Puri
DEL_06227,Kalyan Puri
DEL_06228,Ghazipur
DEL_06229,Ghazipur
DEL_06230,Ghazipur
DEL_06231,Seemant Vihar
DEL_06232,Dilshad Garden
DEL_06233,Dilshad Garden
DEL_06234,Dilshad Garden
DEL_06235,Dilshad Garden
DEL_06236,Dilshad Garden
DEL_06237,Nand Nagari
DEL_06238,Tila Shahbazpur
DEL_06239,Tila Shahbazpur
DEL_06240,Badarpur
DEL_06241,Badarpur
DEL_06242,Badarpur
DEL_06243,Badarpur
DEL_06244,Badarpur
DEL_06245,Madanpur Khadar
DEL_06246,Madanpur Khadar
DEL_06247,Madanpur Khadar
DEL_06248,Madanpur Khadar
DEL_06249,Kalyan Puri
DEL_06250,Gharoli
DEL_06251,Gharoli
DEL_06252,Gharoli
DEL_06253,Gharoli
DEL_06254,Ghazipur
DEL_06255,Asha Pushp Vihar
DEL_06256,Asha Pushp Vihar
DEL_06257,Dilshad Garden
DEL_06258,Dilshad Garden
DEL_06259,Dilshad Garden
DEL_06260,Badarpur
DEL_06261,Badarpur
DEL_06262,Badarpur
DEL_06263,Badarpur
DEL_06264,Madanpur Khadar
DEL_06265,Madanpur Khadar
DEL_06266,Madanpur Khadar
DEL_06267,Gharoli
DEL_06268,Gharoli
DEL_06269,Gharoli
DEL_06270,Gharoli
DEL_06271,Gharoli
DEL_06272,Asha Pushp Vihar
DEL_06273,Asha Pushp Vihar
DEL_06274,Badarpur
DEL_06275,Badarpur
DEL_06276,Badarpur
DEL_06277,Prateek Stylome
DEL_06278,Gharoli
DEL_06279,Gharoli
DEL_06280,Gharoli
DEL_06281,Gharoli
DEL_06282,Gharoli
DEL_06283,Badarpur
DEL_06284,Badarpur
